	s12903	m41	m25	m5	s62162	s62160	s19481	m34	m32	s12438	s401660	s401612	m3	m1	s402150	s401656	s39326	m40	m11	s16001	s62172	s62156	m7	s402124	s62152	s15965	m46	s7857	s401652	m39	s7863	m36	s62174	m45	s62166	s39314	s401632	s15987	s15981	m37	s401654	s62158	m2	s401622	m28	m21	m8	s401964	s401614	s402122	m9	s401954	s19501	m27	s62150	s401996	s19507	s19505	s62164	s402112	s401646	s401618	m6	m14	s138530	s401616	m18	s9450	m4	s12614	s402120	m17	m23	m35	s401620	s401974	m20	s402116	s62120	s39352	s401956	s62168	s9586	s401634	m31	s402006	s19594	m24	s9466	m44	s15947	m26	s62170	s401978	s12884	m43	s401972	m22	m29	m13	m33	m38	m15	m10	s62128	s15827	s15949	m16	s39300	s62154	m12	s402118	s15825	m19	s62134	s401650
s12903	0.0	8.549112044649506	6.40350100189366	4.235522543472441	3.6311183423127438	5.698225709840845	4.882621353989229	6.2935390090787875	5.126298129530833	4.502404947727096	2.551845508311748	3.6387430898767215	5.041159828307655	5.455356248895824	4.58735563845743	3.059889980931851	3.2303118288846213	2.675014754475283	3.545794402768548	1.9651996394160012	6.181278873818095	5.183368281912695	4.960566319555647	2.876907938590536	5.317531237076459	4.911944225615307	4.533475267777812	3.5396806857171947	3.8074241937957582	2.682083111222867	3.643160443908832	4.028660808715368	5.097152527987883	5.310301247750865	3.7940023792770883	4.644705984638243	3.1212301093604182	1.7738957247095855	3.3118931299147287	5.462178990816185	2.534511434096689	3.5255787245952757	4.354742879833398	5.167672189576261	5.0190980696591705	4.34384596566112	4.157641662607625	3.016614770238773	2.557107727143665	3.810447116499522	4.66793319147835	3.6029644967125574	5.148990472764891	5.667323119225171	3.8923204163596608	3.513676748063	3.040612598369411	4.10500092358369	3.695649876368054	4.384639047645664	2.9666306260182314	3.183702470274842	3.3728833137036696	3.8181085744998473	4.4934274462731105	3.220019236111861	6.372558938633368	4.53359893412103	4.635579169265008	3.744298854788064	3.768079725189789	5.128656039409318	4.42831555410468	4.260149703973992	3.7271846517422347	4.136482007079917	3.915315689603807	5.091321996228983	3.2523336301340673	4.159093557744552	3.4268155782428633	3.1378235481296914	3.47806530849002	3.877896070736462	3.7420510260513424	3.6638491885333297	3.0186185388165643	3.746632485307127	3.910527232317886	3.6470016637666243	3.39695687372014	3.1948301298917223	3.690470961350257	3.301851315213218	4.482286930609182	3.9934839623861524	4.348676691153288	3.9270660556292594	3.653636137476749	3.622121865411548	3.975151783204534	3.622121865411548	3.4571599761984584	4.563610426790726	4.359833260269594	3.4883361864406193	3.6424179711611187	3.6221218654115486	3.622121865411548	3.9345340963430813	3.622121865411548	3.6221218654115486	3.951516882953738	3.5508404078294338	3.622121865411548	3.622121865411548
m41	8.549112044649506	0.0	2.149330139379891	6.599730274804589	5.3964187408575315	6.153388731598615	5.498462138985439	6.435640656025904	5.636960643353414	5.362023838386864	6.719133139870208	5.610813955277131	3.7917008830235743	4.537378981549504	4.764367496276355	5.726542088658727	5.378137659086486	6.22178812133215	5.430703852242814	7.449863705684953	4.691279395593263	5.580669404334825	5.332230688982219	5.762334894816411	5.168426770630812	4.442074151286047	5.343310018054585	5.716790493909317	5.376656455069636	6.710915759964018	5.540176602582515	5.620752716340588	4.38713068564852	4.351032712557475	5.788589739914096	4.493536971955969	6.204276012702036	6.805464716628191	6.325046371806719	5.77347921407642	6.587229541713668	5.25194297617709	4.366843152374976	4.300051655833364	5.079348535917616	4.514642678550942	6.1774767404734385	5.939454639951264	6.446961701659066	4.787244620350639	4.942815452067257	5.8425286499218165	4.891517763863547	4.403565126145182	5.073209881484497	5.411109279541042	5.7908030209682	4.686834384393291	6.110433503616271	5.073018161826235	5.855785582146135	6.34421179662565	6.015817812031319	4.895323172726901	4.631977455577294	5.683973372613539	3.69858115354125	4.951814245160231	4.229061471125602	5.464359501952046	5.57320999728422	4.374933766354262	5.007474648678282	5.1744142397136805	5.022263272072802	5.5089919987876055	5.638227060664858	4.357359990565887	5.836952830271448	4.706571740861332	5.329235498777787	5.657359222893147	5.644144134055791	5.072781740406004	5.471897790280472	5.540806876144587	5.817695769712325	5.518048195027787	5.779583207575614	5.48303930043116	5.659640317858144	6.005089297662403	5.517291620924915	6.199305094594781	4.675653562748037	5.423698588437694	4.927529594835408	5.4619956301095876	5.487247906966082	5.567489391416035	5.603818100178085	5.567489391416035	5.404505547505386	4.680014136918564	5.248887734126645	5.636482016007581	5.522379122441194	5.567489391416035	5.567489391416035	5.283904429143257	5.567489391416035	5.567489391416035	5.060254390383195	5.604057168931392	5.567489391416035	5.567489391416035
m25	6.40350100189366	2.149330139379891	0.0	4.812031792635309	3.37753715594516	4.83676104581903	3.8203594325089374	5.127889233243401	4.056083167403133	3.5365962548657732	4.6965073428350435	3.577639199949002	1.8790531157885717	2.973078563514654	2.9345748117153843	3.603562839045005	3.260722841297522	4.100157798359504	3.434211185412831	5.350542504025041	3.5452212057060253	4.0976356828435225	3.6254029443754074	3.6515564121016895	3.568493646591153	2.67031398875538	3.506648101807848	3.693380216988258	3.36713423038494	4.669858757443504	3.5165320468220296	3.694721207082055	2.708260113491836	2.6573028717218565	3.8344490868822065	2.5617102099069027	4.169014448208369	4.656869326536552	4.326537093610351	4.234003551524385	4.543729171491629	3.19297526884299	2.290764335122691	2.5475807343572296	3.3823694874120247	2.45824309293465	4.3095172081810595	3.8559242017545907	4.335850031184063	2.666088671422474	3.1100849275658646	3.8636495644180333	3.2275405570276674	2.9183982592371303	3.0170046536075827	3.3330282829190523	3.684512024243903	2.6735482739623304	4.162160138398378	3.180654223359401	3.7395112010303397	4.308181115707844	4.008696975751922	2.829832593048978	2.684027789005536	3.6101854696520124	2.5412474026525005	3.0921349646092073	2.23636658959626	3.45322271241827	3.5786712083858996	2.633822694507232	3.113305752473027	3.2764863495145553	2.9061863577978526	3.591619888683968	3.688190019626933	2.5816379358127057	3.7611181861921423	2.6555971298944328	3.2318363225746873	3.564251008081639	3.598845680110801	3.0307947916674953	3.4864186364392262	3.519255383948058	3.706901278511397	3.512124991754519	3.8482957317115516	3.4493418469238857	3.6055035876309045	3.947961071515401	3.5015349041825066	4.197055981329133	2.7349381520243736	3.4677608141313767	2.990206721255023	3.4973829296156365	3.446155482984231	3.5417558176501642	3.6626176005381597	3.5417558176501642	3.316198968533572	2.751603874904138	3.3706250161224687	3.5884740851667165	3.4930353135473653	3.5417558176501642	3.5417558176501642	3.287983076329944	3.5417558176501642	3.5417558176501642	3.0173150930258226	3.568254247949819	3.5417558176501642	3.5417558176501642
m5	4.235522543472441	6.599730274804589	4.812031792635309	0.0	4.6126486631539185	7.242754548715649	5.721949882083669	6.081927691149669	1.187330871449354	4.870192008314546	4.05724158176745	3.383739343936999	3.3691575954303663	2.254943057983931	5.259424888592608	2.634515726633325	3.6531579946607464	2.992656218000643	4.152223937938343	2.3182736453489836	6.94981208409472	6.4940040057454125	2.988786238531486	3.6079219972547207	4.531456611984617	5.343069959440882	4.076182201314284	4.304224372511208	4.363528938453977	4.90476983525301	4.318131879682925	4.57167208240289	5.5739464644476815	4.345182443968119	4.717792075259172	4.460133707708837	4.597105450274355	3.1720693736318415	4.707309462476517	4.087031533816144	4.404664688065353	4.15161831296777	2.771612362331038	4.798948289936955	4.939948173463264	2.8676809375091943	3.609924144313728	4.211773961209866	3.6808994619133655	3.788108073686308	4.674076510635345	4.813678528406365	5.122288875670221	5.625551030567538	3.8392173668270977	3.956116794152458	3.9121409889431367	3.429527468746228	4.745939537303827	4.79311608878833	3.662229643202335	3.821154390531062	4.7198120838948	4.076543541360401	4.541226951057779	4.297436359686763	6.092300991687826	4.932070990142356	4.563506544385463	4.366774766831647	4.328600206832092	5.0477840614973815	4.695162123616288	5.002690938936769	3.1946860297547808	4.3999110208662495	4.536193984334213	4.741103333762483	3.618512558650604	4.162020425673398	4.045869618085989	4.137694405752933	4.220534616313912	4.2957575909108	4.782928673412814	4.263711757032788	3.7733303804711373	4.316406556352151	4.738897061317977	4.21923820708942	4.29060542197208	4.1283993398147505	4.3565856849666496	4.802869294959854	4.5741079274475265	4.543627557316222	4.51628291491244	4.580010097280499	3.8827140724592764	4.282362726168927	4.517305561568182	4.282362726168927	3.9757496240055805	4.189828004592414	4.772632111548316	4.111318626923079	4.225843357718311	4.282362726168927	4.282362726168927	4.323715976797172	4.282362726168927	4.282362726168927	3.871573707157058	4.2518598975009	4.282362726168928	4.282362726168927
s62162	3.6311183423127438	5.3964187408575315	3.37753715594516	4.6126486631539185	0.0	3.2032654956817077	1.9610072766364113	4.481748204028226	4.693964563368623	1.9134829106592532	2.4587969235249	2.11022990429603	2.8901443898855472	4.12652990463855	0.970842429855095	2.0927376396084307	1.148123924279894	2.0983948853888417	1.5954457498177483	3.5265296474974823	2.7201498688700747	2.370710409720968	3.6928451944066887	1.395323403658253	3.237082333735549	1.281023821399357	2.5782719539276853	1.2588593790934546	1.1063958892910766	1.3176036274805307	1.1141802698302055	1.7040735146025183	1.5176595820301877	2.7615593788549604	1.382008368908932	1.596328528118687	1.1279362199666538	2.2418504322445845	1.5333886544686794	4.088939855933243	1.8264044557542414	0.9295264434781267	2.4425099385728903	2.1374118581311685	2.4369101142808565	2.388133464615079	3.184219983337101	0.8640315331336406	1.8021303323017244	1.079864708089168	1.9168045667711402	0.9672985881933871	2.3376570908278023	2.4481074073595663	1.4262789971381973	1.0752431442075636	0.9945517679996518	2.161610998117267	1.715428875830169	1.380607296272762	1.3031826103257866	2.181865624415068	1.0047502104948314	1.0556267151329048	1.3324073377930679	0.4876414266713888	2.918503846589835	1.3864967006271176	1.2258925106902585	1.125102677175536	1.4139909912282131	1.9060795238288535	1.497148724906765	0.967570971980484	1.7013894076001268	1.900280679814181	1.5640966653136794	2.0907573117939693	1.7071699397738924	1.1092455014464702	0.5866904444543246	0.5749235851812664	1.1023220630741322	0.7900119894801811	0.414125653320185	1.2297101498283014	1.1843505880627732	1.2924793087601207	1.559769129850019	1.1441607159920284	0.8558501990539679	1.399426085429154	1.1213113084265673	1.1675022769150085	1.3226029224483282	1.3673675106271324	1.4179428715916624	1.2465582475421206	1.5480651397225118	1.169513263079052	1.6398309802264597	1.1695132630790521	0.9140571167469076	1.88662894984263	1.5970400224237327	1.247096690547434	1.199555532795964	1.1695132630790523	1.1695132630790521	1.2776354644540668	1.169513263079052	1.1695132630790523	1.4874264096553378	1.1315677103086095	1.1695132630790521	1.169513263079052
s62160	5.698225709840845	6.153388731598615	4.83676104581903	7.242754548715649	3.2032654956817077	0.0	4.210992927258164	7.1709148419725945	7.174012678176958	4.743738560090291	3.7958487532337872	5.301624240417956	4.662661577630032	6.706352674019889	2.780618867234158	5.109315157281335	3.693831819520693	5.188184243694949	3.104661628621478	6.208991047057185	2.1971731335137887	0.8754978325338109	6.746691460223533	3.7577714274882434	6.146930216422581	2.9615279485776935	5.639719833656562	4.388711516416778	4.2082448839334115	3.6070134988849443	4.2478332589133805	4.7086253761528924	2.5507494729392186	5.5187098305034725	4.343093209926384	4.352101800058471	4.060933530728655	4.896445439673227	4.44762030749294	7.151812309722252	3.3484139743881207	3.175862318337366	4.91071739578467	4.696997443450268	5.186808149273132	5.206246034565305	6.3699500144996515	3.9552043744995236	4.87422898160501	3.6985486153785874	4.74237338121041	3.872915625446912	4.944917900295796	4.569360964858797	4.545071518219607	4.2704066350999685	4.150667516155052	3.955625811648715	4.659529826488917	4.187655050932141	4.461640545080709	5.342098276677001	3.933068515064162	3.272457508798006	4.106693404072658	3.604882789790019	4.454024609833102	4.06325895847162	3.6212177186909513	4.235055843698696	4.518544679800079	4.322898698229401	4.337207272923154	3.64110447034272	4.744712349141192	4.942661785141744	4.590664782383369	4.696441130783686	4.907848396346069	4.043492075642481	3.7135375236724033	3.608432268668437	4.266638809915005	3.8750072656480183	3.3851570885218023	4.367671180266547	4.350067109494234	4.406883744508178	4.507566959609169	4.29802591955471	4.021818368852776	4.540823362233623	4.240168546646144	4.0117769013629605	4.101443619735231	4.379479237771299	4.321345452061198	4.2576131071957	4.7286414612361	4.309776972163162	4.6665684916708	4.309776972163162	4.11173673740593	4.800536902907605	4.456056680064156	4.423293256799167	4.349315354472003	4.309776972163162	4.309776972163162	4.35805048884932	4.309776972163162	4.309776972163162	4.596562052458921	4.285266332803803	4.309776972163162	4.309776972163162
s19481	4.882621353989229	5.498462138985439	3.8203594325089374	5.721949882083669	1.9610072766364113	4.210992927258164	0.0	2.9816241979024474	5.725116860130536	0.9675640664558515	4.37227237388407	2.424780630454782	4.162054258880142	4.795957922368438	1.8207513325073472	3.180002768719147	2.960457027920035	3.0251868032977276	3.5275886366022555	4.729546843910558	2.79693743728137	3.4461903775612077	3.7154669803342326	3.2515013585880133	2.4023084133454624	1.7709019166483766	2.1094980421308422	1.556382751354755	1.4205590986716687	2.471085208174608	1.506162764754348	1.242922594288912	2.20203039604922	2.248785331256979	1.176780554132415	1.5240728531390568	1.7777265314009185	3.638836518862976	1.6106235063465697	3.5188585076754832	3.6882325669787117	2.841874669255701	3.5937445025977253	1.5218218777543298	1.329906996216295	3.1371050315931353	2.9639515024657364	2.0504154578043816	2.5964631345312585	2.6435883985376036	1.2183615620396953	1.3373714209955232	1.1406344765931669	1.222693774302714	1.8990608710682484	1.8687824354378024	2.1664696787003397	3.8304520173617296	1.3501714812996655	0.9679977743569784	2.32176435297353	2.3610286090302184	1.5461060431822158	2.8312647515805875	1.4029553640128232	2.076866335778301	1.9917322123737615	0.9057820570745343	1.9231947944693752	1.430591925946367	1.448061669303133	1.2346425371264054	1.0683196723902961	1.0318309136806625	2.581635555086846	1.4447977761754505	1.2648293236541268	1.5068398615060499	2.2324902734577936	1.7850885730384929	2.1508648012709077	2.29135713591462	1.652790209333502	1.6440397933569382	1.568744012223321	1.5291845171064935	2.2262320738484136	1.4568924965117922	1.1312434109115919	1.5788611923788174	1.708698300872705	1.8767855357286003	1.4577226568553558	1.590998085744824	1.3503440840384573	1.1977268860580619	1.2616434633635607	1.1903501001598624	1.8651443283028348	1.5351829187776052	1.2799407741482436	1.5351829187776052	1.9283455787797645	1.7223662805310203	0.9586080993727719	1.7163021668503062	1.5688046464713654	1.5351829187776052	1.5351829187776052	1.411159152686667	1.5351829187776052	1.5351829187776052	1.8630266923799468	1.592312758133988	1.535182918777605	1.5351829187776052
m34	6.2935390090787875	6.435640656025904	5.127889233243401	6.081927691149669	4.481748204028226	7.1709148419725945	2.9816241979024474	0.0	6.077450852553939	2.5731449941273	6.546512432893304	3.233645613309756	5.682367155643262	5.006375963054918	4.555117625368248	4.326270153474458	5.038005580706871	4.1313066631591235	5.861866715918417	5.587868067206467	5.535638378113072	6.3735416073704565	3.236487434329368	5.316872246138604	1.7959185445610597	4.418099563061863	2.3262825507303155	3.391414696241067	3.420497604006373	4.796959937888753	3.4618930219036077	2.8241181666083004	4.894022787798026	2.5924397706746167	3.204986607309495	3.269892916507648	3.896592587993056	5.136740253038817	3.4701554584361953	2.167772019835545	6.015382345852991	5.180095799631308	4.867755367309035	2.898163530448851	2.146716489245798	4.0846878160578	2.594197400762368	4.141593712146944	3.9715581453646736	4.697917250468453	2.6738413355407498	3.7110926280710195	2.3507172927452693	2.8675403162414566	3.4352458593270434	3.6933750337980844	4.075729806862361	5.740016941118027	3.036733472260867	3.154368097837059	3.977232919784344	3.222163513484626	3.812451114356374	5.0996233615302335	3.423882777256726	4.362897175258976	3.5638538095212855	3.232162574534974	4.118553268235096	3.4137807822018598	3.167172934148312	3.1077503774198996	3.0480345000021263	3.6556490156891135	3.905733135312709	2.664013439596293	2.9763075279966333	2.8898054595994265	3.483007341262305	3.74499756667229	4.315753543295204	4.5247545398882725	3.561111773488587	3.807194594701053	4.133837031578224	3.368018595303517	3.976421320852316	3.277337294984217	3.008922317733371	3.459775636046289	3.804334018471818	3.5373101237761735	3.4336185199839604	3.807787338976355	3.399643973191256	3.1273352417452416	3.1645981352293613	3.247733114986331	3.2712046234159713	3.4293438212529233	2.8952785553001115	3.429343821252923	3.8680399137374533	2.9741778981920266	2.895051236179797	3.4667304015582565	3.4107744448611466	3.429343821252923	3.429343821252923	3.2638294648785457	3.4293438212529233	3.429343821252923	3.3526881102587556	3.4962419168541663	3.429343821252923	3.429343821252923
m32	5.126298129530833	5.636960643353414	4.056083167403133	1.187330871449354	4.693964563368623	7.174012678176958	5.725116860130536	6.077450852553939	0.0	4.892756802157689	4.437123146032936	3.562985167383866	2.789672631199807	1.4093428211163375	5.148642905462254	2.926910864359168	3.761713661350505	3.4395200864203446	4.1986949038095	3.266646957171082	6.692339938613006	6.411303455950566	2.8611025299910846	3.82690027182852	4.410374192634558	5.157633746980342	4.086187656013279	4.485474200440192	4.451716927254438	5.282910034796221	4.4535694062346805	4.689256321616885	5.357842315080906	4.0650457995298215	4.8807588895409255	4.300150398957652	4.8866779447738	3.7839099786932104	5.007953735899587	4.035911019732341	4.757337201764754	4.1945120835228655	2.422480198573943	4.562689820925329	4.859007878745025	2.6157628350338764	3.8560156612734815	4.470088036318249	4.127614645038369	3.7209385415615044	4.602519473332809	4.99207662658997	4.999325755064145	5.3843130726755595	3.8591058986143785	4.081061233402739	4.153302461690188	3.2298087123743824	4.978758221219977	4.7720406925907755	3.9399224500172307	4.195595537000782	4.950181857672205	4.021655110812312	4.423790354917961	4.478513626391689	5.695560092053902	4.875863183211051	4.349081363943564	4.477886616369266	4.463026727131297	4.839025372066337	4.658388400089404	5.0046908504382746	3.205088935093182	4.489042741338055	4.667091399160864	4.520633456752486	3.879003386475849	4.078321329942247	4.144830500876257	4.320739100462332	4.392459777003324	4.3121388947216435	4.8748130641988405	4.400111465812412	4.031771853857878	4.440774164865891	4.891642147678431	4.345190176032476	4.465797057477254	4.403285945959768	4.482832638519125	5.069747379908745	4.466840537042913	4.624864256181592	4.469906241223592	4.672661659327929	4.018946837495762	4.4264984541024965	4.637163681779496	4.4264984541024965	4.100460772370687	4.065196044467632	4.787369486871846	4.285795355431535	4.360749478641397	4.4264984541024965	4.4264984541024965	4.38439025150001	4.4264984541024965	4.4264984541024965	3.883636219500683	4.409438069985517	4.4264984541024965	4.4264984541024965
s12438	4.502404947727096	5.362023838386864	3.5365962548657732	4.870192008314546	1.9134829106592532	4.743738560090291	0.9675640664558515	2.5731449941273	4.892756802157689	0.0	4.141798001426168	1.5301368762778247	3.693014397078309	3.971545658688518	2.0699607564209055	2.4310852989911353	2.6097138193737797	2.296151095252107	3.358616462134646	4.029652397689481	3.443082322707398	3.912830887750667	2.76652485375979	2.910224832195698	1.5871228861134457	2.0265970438517744	1.1535603297891344	1.011711832189403	0.9145768762467856	2.467515756339951	1.0000592935596042	0.4780164320860619	2.5148179517096514	1.5084693595915653	0.7970292179328994	1.016185530109797	1.56446352680547	3.1122727468631433	1.3184139314055394	2.62909935117237	3.5601277394876685	2.660660004652723	2.955412781041642	1.0701019544674464	0.6361585296468364	2.3684895484213846	2.026962818396075	1.7304773281429877	2.0038275364323357	2.2826383347485972	0.4501397310528518	1.2469093568620726	0.6801053610267107	1.3251802288148664	1.17328651559131	1.2989542046203029	1.7092886040532294	3.44885639977201	0.9139623370968664	0.609945410780745	1.7428622837008287	1.5995307968127659	1.4024685970170054	2.613530497866633	1.014971099254591	1.8563664068261443	2.223137263041922	0.7428938839267897	1.7455798866533028	0.9242246101489562	0.7813029607895974	1.0521991142169933	0.5402053947669636	1.1150807463972705	1.847795551912337	0.5215991023047089	0.5901428622398837	1.013564446196511	1.4743730374031685	1.327462001605095	1.8204040459977335	2.0324221853278783	1.1456699612963277	1.2820155033990142	1.5713802192503783	0.9444412987665806	1.6862241677437617	0.8459142452114025	0.6434393155001709	1.0191251899442388	1.3371938933459313	1.320501295124234	0.9575758696704634	1.4745965245828005	0.9723149071736955	0.6099999984534848	0.6955373970056821	0.7186537909354159	1.083850070422226	0.9936694159644782	0.5323793020080022	0.9936694159644779	1.43534824040804	0.9467158134563842	0.32611156561086424	1.1141806807541095	0.9877360161063097	0.9936694159644778	0.993669415964478	0.7864699126954667	0.9936694159644782	0.9936694159644778	1.1112497502365029	1.0697858104650109	0.9936694159644779	0.9936694159644781
s401660	2.551845508311748	6.719133139870208	4.6965073428350435	4.05724158176745	2.4587969235249	3.7958487532337872	4.37227237388407	6.546512432893304	4.437123146032936	4.141798001426168	0.0	3.484967116425741	3.2246881147896347	4.618447801647381	3.1608365885587424	2.6287942439791285	1.7113295801388793	2.717070189406516	1.3595263830605921	2.782108826190025	4.546777807328081	3.295451572264088	4.825406439425415	1.3179024827083043	5.138282956247174	3.481955391618543	4.374593862010516	3.196478141490261	3.2288610796355655	2.3345246473090047	3.150667767620642	3.780160288203504	3.460050130852011	4.6917458575053175	3.4961132998533233	3.757125451503857	2.868311656034724	1.8508330447769699	3.3170805403595818	5.598302525934665	0.8008608240090951	1.791656455212486	3.022152781081558	4.345770536343538	4.639607537153823	3.4258537198253998	4.5081932163739955	2.476527633043034	2.744158834914387	2.3190461113652003	4.123477240494053	3.1186870925828325	4.628719604804481	4.836350634181694	3.239104171352438	2.89298317556124	2.478924458636919	2.1182214409813525	3.668653397032625	3.7112702734022367	2.5767844707590846	3.498442883401505	2.9822117315736594	2.055707957555071	3.571620804391126	2.322071143095576	5.225068721945123	3.7691907462712493	3.2888357201486147	3.218843479623365	3.416534430420613	4.228059324355434	3.7778523787771165	3.409412020336441	2.9538471028216313	3.9035362451527664	3.6345758337685163	4.290110697289592	3.1061497390446586	3.151239324997839	2.369977983884393	2.124128626373644	3.025353847479779	2.9650164241918366	2.813621105799049	3.2224385369911275	2.5705093602414824	3.3197990965158386	3.6703813456037286	3.1370489474987124	2.8211542341498728	3.0435006278244257	3.1898897249233	3.043682351750168	3.5816725892723236	3.533282163691654	3.6423377218959816	3.436362172453062	3.2938341102182673	3.167600095187355	3.7038387628560607	3.167600095187355	2.7335169665827803	3.891439305824136	3.860188853405621	3.094744055432669	3.1776456426564605	3.1676000951873555	3.167600095187355	3.3790051459595505	3.167600095187355	3.1676000951873555	3.3244391384439154	3.0955406691637504	3.167600095187355	3.167600095187355
s401612	3.6387430898767215	5.610813955277131	3.577639199949002	3.383739343936999	2.11022990429603	5.301624240417956	2.424780630454782	3.233645613309756	3.562985167383866	1.5301368762778247	3.484967116425741	0.0	3.0694372020467275	2.900107698736131	2.7038495106127827	1.0982289735854884	2.0669351644109843	1.0210568904919188	2.979305033172464	2.6632024994737633	4.425479303233795	4.450639155325094	1.7665140948582636	2.275908418964704	1.7695642389467305	2.7570048307983663	0.9911162462652539	1.1408449148327326	1.2421767751577115	2.5052519932121733	1.2010625559567092	1.2148244389668015	3.1804022839408335	1.7122204468425497	1.4669254762296442	1.550271306196094	1.70958073520217	2.082760967403993	1.610167727737044	2.1657065671637654	3.138587378248116	2.412590675716584	2.0753659752151914	1.8785045086786814	1.7203311602040512	1.424158462920823	1.1447420112992763	1.5620630540717255	1.2013613661197717	1.925284132862489	1.459237673000618	1.774032649516145	1.927089037897745	2.58441829238576	0.8467127378905746	1.0404498326787393	1.298890165918735	2.8147961842395226	1.4652787313408635	1.615018665735603	1.049157967449998	0.8313950698300505	1.7489023888886088	2.3710200193753965	1.6101673637234155	1.7888619749682226	3.3334103932443235	1.8021706792389696	2.098952041626573	1.2297023379117435	1.062488395880875	2.069935870789979	1.5075040981628505	1.9777139621578022	0.902132342060217	1.0283297837269105	1.2113119242220662	1.7999684698366034	0.5567055501216593	1.437950497634396	1.6226497559397297	1.817342098488269	1.1618194324326596	1.4713612046867868	2.001625892590029	1.0954595342900255	1.1191939500068582	1.1043447774914112	1.4267883402655765	1.1099969557135416	1.3827359738670004	1.084715638171931	1.22469657674801	1.8270037503152254	1.6133777331387564	1.2869620866126643	1.3925217943751471	1.3642308491691584	0.6473497406813317	1.145792026789614	1.17297752594678	1.1457920267896138	1.1968142549001763	1.190905340547124	1.4903977208186743	0.9978102587686288	1.0834730824862129	1.1457920267896133	1.1457920267896138	1.142708324447405	1.145792026789614	1.1457920267896133	0.8308964815065837	1.1530151120182512	1.1457920267896136	1.1457920267896138
m3	5.041159828307655	3.7917008830235743	1.8790531157885717	3.3691575954303663	2.8901443898855472	4.662661577630032	4.162054258880142	5.682367155643262	2.789672631199807	3.693014397078309	3.2246881147896347	3.0694372020467275	0.0	2.297125476124775	2.947486830342932	2.5251239133240464	2.154924342501951	3.1250169723242434	2.240615580400506	3.9098447834907204	4.152452095847838	3.9259050735339898	3.367897524622663	2.4092145326107723	3.9189141390674402	2.91181248404269	3.5166406686645915	3.338941686271008	3.1172798146430103	3.952130588780618	3.191790157488552	3.604587896441557	2.9381709286023865	3.124181181922937	3.650013054429834	2.746901755193229	3.667536974816247	3.3735926099975626	3.9455729428707564	4.338311769259083	3.330976801961909	2.2683455371069483	1.0539035786404323	3.0829689209411044	3.7710123783629115	1.7856725578334804	3.984486673061499	3.2026600555155413	3.5217824258797936	1.842015733650158	3.3412472317089743	3.569962480955143	3.717909154123904	3.7252767034259544	2.6783581930144407	2.844970917244715	2.9778890232332356	1.1265899497111955	3.944309875606805	3.2745484485116827	2.982873837439912	3.7585706774447334	3.611834820635826	1.954116756330663	2.7836942897999823	2.9651616432325474	3.74377319989021	3.269800120648761	2.2900537288944514	3.1807364313752737	3.333351493276515	3.1665312995658415	3.2245161876208774	3.2811070471544053	2.204067603097722	3.524066236248726	3.5428930935138436	3.0659927719524576	3.163688821797589	2.4486586673439605	2.5740482741045074	2.8085702959504903	3.184922421564716	2.725292275951361	3.162163136976257	3.2036675069864144	2.986982527697286	3.246887649742457	3.7216206281884854	3.106808786542174	3.1384565112842666	3.4353868806405505	3.2047118144461684	3.790463689544675	2.8361182928590494	3.3508945687402045	3.0327647078497626	3.348699401090144	3.05865921860086	3.2071566437525707	3.54215316612812	3.2071566437525707	2.7759566959436537	2.849500076071544	3.4571242507450046	3.16965954891078	3.1570404179851743	3.2071566437525707	3.2071566437525707	3.1000124943752665	3.2071566437525707	3.2071566437525707	2.723742291785255	3.1941047480866214	3.2071566437525707	3.2071566437525707
m1	5.455356248895824	4.537378981549504	2.973078563514654	2.254943057983931	4.12652990463855	6.706352674019889	4.795957922368438	5.006375963054918	1.4093428211163375	3.971545658688518	4.618447801647381	2.900107698736131	2.297125476124775	0.0	4.396900859265114	2.6387248170106625	3.4487664906847733	3.179363536089648	4.0025582544384735	3.712179472051144	5.832787363590011	5.886903454820308	1.9347274291040308	3.663264646893307	3.303022114401115	4.316881473841869	3.140262809566595	3.8194254324688406	3.71434303832089	4.9430731153171665	3.76223943409077	3.884231835262724	4.563947127553731	2.8746452595400447	4.154033608200517	3.325766574208773	4.362095083634674	3.8445240441046	4.421308995496025	3.060701649895674	4.72541274390935	3.8120428740398467	1.8345495669846967	3.456883748494131	3.8070307568935062	1.7710345043430815	3.166517656033646	3.994715038598169	3.7889866829455676	3.1793208958439614	3.6165651596070116	4.343402298198599	3.9258440319506627	4.249540777020993	3.087284478151356	3.4397229746198086	3.675625662532937	2.992636283743174	4.2837373589726155	3.8880458208820388	3.485532784368929	3.6752485975665357	4.361358199209314	3.5639342199834143	3.510161215671398	3.9853758378027164	4.497877201785988	3.9681522193376084	3.48623807748857	3.757475400175858	3.7255226545044824	3.7811259663553014	3.7501204845764944	4.202218258404047	2.5510374677362098	3.6461199244449367	3.8929982411372643	3.42871298082159	3.31974670481504	3.2683708683181845	3.6054595375933367	3.877221082006692	3.7504897453164285	3.5889326310153744	4.234595688377117	3.6971313174934637	3.556169426261095	3.711978738618332	4.1309476525060305	3.6507261403420843	3.863822854986217	3.840274612554212	3.7779534571635613	4.500614418643176	3.5565893928438466	3.830468468296103	3.5760184072033905	3.9029368602501657	3.3143150261072045	3.738476812184678	3.8445164251317245	3.7384768121846776	3.4916914219217547	3.0780605811555097	3.8995227411557907	3.6355073628390144	3.6650688993287703	3.7384768121846776	3.7384768121846776	3.601660537181022	3.738476812184678	3.7384768121846776	3.0887216647430913	3.7441387593968014	3.7384768121846776	3.738476812184678
s402150	4.58735563845743	4.764367496276355	2.9345748117153843	5.259424888592608	0.970842429855095	2.780618867234158	1.8207513325073472	4.555117625368248	5.148642905462254	2.0699607564209055	3.1608365885587424	2.7038495106127827	2.947486830342932	4.396900859265114	0.0	2.8402444472411927	1.8483440869802423	2.94138499668256	2.0272147768657427	4.435544440318644	1.8079196944077727	1.9156610476806075	4.06573985965142	2.169643973762467	3.372716579785902	0.38533046985990055	2.889579595129329	1.8746905311247197	1.5891295219735755	2.1374022529128975	1.6909460761566562	2.085398545191645	0.5889351145062718	2.7565471855985852	1.8456098754920929	1.5741275370165693	1.9052053372020998	3.1892404854444765	2.190817922899641	4.383035444258824	2.5664166971262214	1.4731177022524682	2.747370593564233	1.9522682884207916	2.462741748077374	2.724709134615266	3.7153371879406243	1.7706342755678213	2.685304390434835	1.5024395614108748	1.9878975201205489	1.535659162549294	2.2437059610441588	2.020882756969075	1.879527746484099	1.7355335052724277	1.8700839659776323	2.44990545474514	2.2291836283726054	1.4733172342873027	2.147663783157163	2.9010987276636655	1.691642861880872	1.4128462255813174	1.3284419463612727	1.4395613232106266	2.227773710120114	1.3435917439114309	0.9577047320703017	1.6435088863256972	1.9167801986916826	1.6077655311052468	1.5990971225384254	1.007696549686282	2.2348701261735426	2.2627125618050443	1.9898677028154592	1.9409299849937072	2.423838069526693	1.342168398603062	1.3901326780866774	1.52270530436634	1.767308574171514	1.238749630923907	1.0038263997262535	1.7909147607717149	2.03098259157016	1.807109312557167	1.9736637817929052	1.7215786922599936	1.6008317318007501	2.1447678012084066	1.670157225826413	1.850521421442879	1.3239791660829647	1.7374258475753348	1.5664161430826127	1.6450606812279662	2.118092971403953	1.7545208059153625	2.0437237003181066	1.7545208059153627	1.6272641894731603	2.0269273349196837	1.7668372443907936	1.8960137068321048	1.7750792445196342	1.7545208059153627	1.7545208059153627	1.6887304615279448	1.7545208059153625	1.7545208059153627	1.9127784828588243	1.756783479825833	1.7545208059153627	1.7545208059153627
s401656	3.059889980931851	5.726542088658727	3.603562839045005	2.634515726633325	2.0927376396084307	5.109315157281335	3.180002768719147	4.326270153474458	2.926910864359168	2.4310852989911353	2.6287942439791285	1.0982289735854884	2.5251239133240464	2.6387248170106625	2.8402444472411927	0.0	1.4672714332124575	0.6350841909084058	2.3244908692950763	1.8802291058812677	4.6340029043387165	4.295800118717022	2.2257291776441868	1.5514260598982752	2.7826858750265706	2.9731425410772157	2.0513224019773157	1.6987829487140138	1.7746265417715281	2.4374424154991545	1.7089489833159928	2.069354888036012	3.2825444444602327	2.5200182702936846	2.1236665295903343	2.1345807343963874	1.986571694873573	1.336050979098044	2.128885348090982	3.0088174691785867	2.490424088939794	1.9618026745996042	1.5469731165582012	2.609134992361025	2.704733484630329	1.297733202978363	2.0117756317337068	1.6041860340953003	1.2386120514632497	1.5763853600930902	2.320414038261746	2.1794207865018147	2.841433414144285	3.3522434444517573	1.3641289632406437	1.348054845996594	1.2914938120227835	2.084014725420895	2.199453053679795	2.2808760207116605	1.0378288022218456	1.505239635092838	2.089735456909598	1.9523734697829276	2.126782185024591	1.7293409118577774	3.9619480138572616	2.4329874128462046	2.284331457450745	1.7684337155309255	1.7664425892002653	2.7388073847789878	2.2208757127140735	2.431410345178836	0.8421342999650311	1.985483146627349	1.9976116845190814	2.5365163854229227	1.0861081773229047	1.7342926406639088	1.5139015892643173	1.617639365027238	1.5981701771165762	1.7469677164778838	2.1922476301729596	1.6691473330388817	1.1449098935534079	1.7361669840428537	2.1772949778250514	1.6179383670785072	1.6580617837349874	1.5343653967140203	1.7514171253494986	2.184013026407288	2.145191606793796	1.9874936381546031	2.052477087943439	1.9983179404793128	1.3574348136943137	1.6764306637009159	2.0024219986531273	1.6764306637009159	1.365811442953262	1.9396831295037273	2.2764872171438304	1.504629279705751	1.62775793627539	1.6764306637009156	1.6764306637009159	1.7743047410497905	1.6764306637009159	1.6764306637009156	1.4172424337850122	1.6368298614970982	1.6764306637009159	1.6764306637009159
s39326	3.2303118288846213	5.378137659086486	3.260722841297522	3.6531579946607464	1.148123924279894	3.693831819520693	2.960457027920035	5.038005580706871	3.761713661350505	2.6097138193737797	1.7113295801388793	2.0669351644109843	2.154924342501951	3.4487664906847733	1.8483440869802423	1.4672714332124575	0.0	1.7141460661878338	0.9165899340793254	2.773181453018956	3.542747523785067	2.9096530784371644	3.4286812497187613	0.428043096013379	3.5358563184473795	2.0839879075591345	2.8247562575960554	1.799582137664372	1.717783131940836	1.8361471452498086	1.6938360409944555	2.318162798331899	2.2206720246182807	3.006164598318933	2.1319248996756883	2.0737546000286584	1.784213219428103	1.6372158697324584	2.1893081259683487	4.130403613060435	1.4227336517087357	0.528296948941599	1.693357634064986	2.65748865966625	3.0306079620544444	1.9157813417600476	3.1991495646779957	1.2821277908028137	1.7818237164339392	0.6459721384345433	2.5016498094598485	1.8598142928223482	3.006199472729151	3.2124819989379	1.6192849701440875	1.3704999575524617	1.1592853181358267	1.2358577887843727	2.3902132700768757	2.1493125757845895	1.2852474445015825	2.326660546823099	1.8046694522554514	0.6369189096686801	1.9167503820768461	1.036126501876202	3.624020231799543	2.204304798858657	1.6602494752369699	1.736478001726623	1.952668061290562	2.5778394391466173	2.1856218350783463	1.9530386631219414	1.3792321296737915	2.3955402558517185	2.1880341136077863	2.603184616042732	1.7656744487013476	1.4697378217864614	0.823351960528209	0.8130111703617785	1.608249113928466	1.3714897413631313	1.4926117348270678	1.755929787063991	1.2540524668363835	1.8434950772679106	2.2815013652705116	1.6517178917981223	1.4393090273671358	1.776856316168533	1.726204823171177	1.9468044801320956	1.9356703308802163	2.0342390281461813	2.023095691453116	1.9606776953284812	1.7969619617275856	1.7158015400850595	2.2398427402995376	1.7158015400850595	1.2090549424748813	2.2187294453638597	2.3178738333990405	1.6620159790919233	1.7044872319419146	1.7158015400850595	1.7158015400850595	1.8301166750941316	1.7158015400850593	1.7158015400850595	1.704474145726909	1.6599399298460438	1.7158015400850595	1.7158015400850595
m40	2.675014754475283	6.22178812133215	4.100157798359504	2.992656218000643	2.0983948853888417	5.188184243694949	3.0251868032977276	4.1313066631591235	3.4395200864203446	2.296151095252107	2.717070189406516	1.0210568904919188	3.1250169723242434	3.179363536089648	2.94138499668256	0.6350841909084058	1.7141460661878338	0.0	2.5832827554360103	1.7424163139030913	4.74581918938312	4.391498410707291	2.430208161205881	1.729348713936724	2.780754823228047	3.110875806546137	1.9997025301583182	1.4788189525358064	1.678128880125032	2.1227311750112454	1.5598562736962804	1.8651805497234348	3.451904129648109	2.690121842868869	1.8789806523946513	2.2689206430801874	1.6605005802470358	1.0958352537649827	1.7377951974982822	3.0092308639488317	2.4707102438778077	2.166779665738409	2.1611437333937804	2.7325071138812422	2.646735519426923	1.8219029328299738	1.8183536638895834	1.3923481930304982	0.698169231678059	1.9074172413324688	2.3038302024329136	1.9565021873344595	2.8140362065635705	3.403354528071359	1.4452620646334107	1.300769732716162	1.1354902957387705	2.5842131543273505	1.858167430563041	2.2354005305365177	0.8302528977052004	1.038418287151818	1.821138079554745	2.242240377690085	2.2279416590749292	1.6519178696440682	4.115168886369861	2.413951158897678	2.520806199332537	1.640960301193637	1.5872656447875224	2.830841437730033	2.193794448172131	2.3818461239790785	1.2047347991308435	1.822779608283103	1.7893161378823568	2.6537575120517625	0.8219951499311294	1.8989776470669941	1.5814781912183629	1.5932321711282142	1.420709000285584	1.793048804588731	2.1211399372202515	1.5143622116103628	0.9575366506366331	1.5823398714002113	1.929825583201025	1.4940068831092685	1.5015866746943702	1.2031525559326475	1.6071646237779937	1.8649719342411362	2.2305817467559224	1.8511582406729892	2.065836753780604	1.8548284180231032	1.245313980571921	1.5156000167718873	1.804185810634756	1.5156000167718875	1.34347977662364	2.0527031739474406	2.1766088175579243	1.3238882003690542	1.4845000710087513	1.515600016771887	1.5156000167718873	1.7011905374586709	1.5156000167718873	1.515600016771887	1.4892225013110114	1.4683831037729562	1.515600016771887	1.5156000167718873
m11	3.545794402768548	5.430703852242814	3.434211185412831	4.152223937938343	1.5954457498177483	3.104661628621478	3.5275886366022555	5.861866715918417	4.1986949038095	3.358616462134646	1.3595263830605921	2.979305033172464	2.240615580400506	4.0025582544384735	2.0272147768657427	2.3244908692950763	0.9165899340793254	2.5832827554360103	0.0	3.343688781298874	3.39974379504236	2.4201835045534486	4.266807826363081	0.8867387790214873	4.3686671071839545	2.2903896439376856	3.6922744329488038	2.5998596667444613	2.484106462864788	2.2200546243585983	2.476619679649718	3.1125067892968286	2.2256776521454666	3.7553631929934617	2.867694264912249	2.7505638810995405	2.4580834767678885	2.233790321363787	2.915567035313971	5.0092701075175805	1.2173597571889798	0.7014234814102686	2.197985203715959	3.3100029209061277	3.7877864791096476	2.64289754415475	4.114594815127788	2.009735556482181	2.6126973906092585	1.2512094566852354	3.2453673991675958	2.497270751571552	3.708406040601597	3.7614933033136055	2.4620378345808867	2.2108926740622503	1.9847496375334177	1.15736589238578	3.1558116787519435	2.8263080313582374	2.1616102999880846	3.2121742006743985	2.4562476002437568	0.8396677643311039	2.568924673423978	1.6829020322613835	4.009546262558022	2.8308553068248257	2.105945325071044	2.5085078781704975	2.761356592447345	3.163872743310184	2.8913463072354024	2.502198925808261	2.245236691092648	3.2233588151672214	2.9766307329476045	3.2693856013655442	2.6670349529494177	2.172064243987683	1.5725196541428181	1.4866196191584689	2.4084893587376937	2.0792519691376934	2.0083949856389376	2.5596298378110474	2.1153379768291836	2.642670426760105	3.0354465572523863	2.4543456768644387	2.194382411350264	2.6029483038754195	2.5016580897026555	2.5889763214935337	2.5888594963138964	2.794185426451281	2.7448893718337715	2.7020260236051015	2.6702791564547295	2.511262717653558	3.0370618676217083	2.5112627176535582	2.0339834611431264	2.990686565647716	3.044204298413891	2.4933419799819787	2.511803971452672	2.5112627176535582	2.5112627176535582	2.6136941905501248	2.511262717653558	2.5112627176535582	2.5441287690527195	2.457642223087214	2.5112627176535582	2.5112627176535582
s16001	1.9651996394160012	7.449863705684953	5.350542504025041	2.3182736453489836	3.5265296474974823	6.208991047057185	4.729546843910558	5.587868067206467	3.266646957171082	4.029652397689481	2.782108826190025	2.6632024994737633	3.9098447834907204	3.712179472051144	4.435544440318644	1.8802291058812677	2.773181453018956	1.7424163139030913	3.343688781298874	0.0	6.219514094832939	5.516886116611986	3.423221224897812	2.546164573651282	4.312275453319379	4.654931671577317	3.599916987443744	3.17694136533617	3.388370242567958	3.212560897333696	3.260688283185591	3.5871633779651453	4.909391970607229	4.280167029034846	3.559254185534078	3.9621489110834944	3.153831675115687	1.3719318036335493	3.2820476866635597	4.172862938514461	2.949241024954979	3.2668062910093343	3.0927405467276508	4.4335687562221615	4.359216763437063	3.0409188097850888	3.0576306393811814	2.8785197978638912	2.1658471452672052	3.196823278755087	4.039988663373179	3.550129064920747	4.545705884355852	5.13590275858832	3.148646764837478	2.9874611750629567	2.691470834560871	3.307710437353506	3.4934081710335545	3.9631676754386347	2.45902170517286	2.583431306578349	3.368909789349764	3.397410567913103	3.920528323543096	3.083479220119097	5.807801001594258	4.133927643069088	4.075530884036517	3.3489393355878545	3.315369761053762	4.546316743766769	3.929756239365042	4.040409718775584	2.7208064216683305	3.5457136353777114	3.509529889802653	4.356812799403949	2.558446860187129	3.5350382085554966	3.054982173282376	2.9530970894298734	3.10686906590076	3.433547264088728	3.6557434984543558	3.2317478879102297	2.570716351048512	3.3065592837068833	3.624004172902509	3.205025118505067	3.125480679360168	2.8579788707990637	3.3105290526702573	3.375567704896436	3.928679143100163	3.579580558725308	3.7943610316299816	3.5695850323879	2.9874366718027194	3.2223651337542463	3.5292499744320036	3.2223651337542463	2.9821386553613825	3.7459013333364837	3.915177404428562	3.0361892356775813	3.200311972319276	3.2223651337542463	3.2223651337542463	3.4320164636861707	3.2223651337542463	3.2223651337542463	3.1986193514773746	3.16550262238749	3.2223651337542463	3.2223651337542463
s62172	6.181278873818095	4.691279395593263	3.5452212057060253	6.94981208409472	2.7201498688700747	2.1971731335137887	2.79693743728137	5.535638378113072	6.692339938613006	3.443082322707398	4.546777807328081	4.425479303233795	4.152452095847838	5.832787363590011	1.8079196944077727	4.6340029043387165	3.542747523785067	4.74581918938312	3.39974379504236	6.219514094832939	0.0	1.7011491165371944	5.615833441737317	3.8257036611987894	4.664192794087203	1.6926961078548306	4.389145739725514	3.559781739023083	3.2758863554391713	3.6113771246798447	3.39093000135345	3.620141508013977	1.378770581696888	4.022097837850282	3.402207444149946	3.0466448936539465	3.53619072798498	4.938477766177912	3.756548225077573	5.79649098828835	3.9701806138631803	3.0758624954120584	4.277669724043805	3.1495131590321526	3.6919023610304658	4.325884892761626	5.335175598707747	3.5142059513153505	4.445791419463687	3.1961037499523557	3.37446275900209	3.1269563935257834	3.3803013602970005	2.7732230683925994	3.592203064329298	3.507848958339955	3.6568691625288663	3.83845435428481	3.7506061960627	2.958221768120817	3.9416790682577822	4.604140899724663	3.3036696313356684	3.0006004323988966	2.8720152686907205	3.197692891201644	2.435133166274567	2.7676280627573355	2.491769468316908	3.328390371899162	3.5637432933867856	2.7562907011348554	3.0806502524097596	2.5543659428328884	3.9773799173422373	3.8022694040642016	3.5601303021076487	3.1795896212938897	4.181778591801463	3.0404784016645	3.1942669168306153	3.2866169949009376	3.4924145926552272	3.0016507716071845	2.707494553961019	3.4834974266040657	3.8214765921420972	3.4755160123403677	3.494233067599837	3.436499333704904	3.344551356436702	3.858434077577877	3.3595234322831886	3.418268898764612	2.8650711138783134	3.3271913940667823	3.116274264488301	3.251075499494613	3.832420417848242	3.4539982980675665	3.6035923861655808	3.4539982980675665	3.4180787164394464	3.528356014425463	3.222305013541344	3.6216746435156155	3.4804638384251607	3.453998298067567	3.4539982980675665	3.346287231582073	3.4539982980675665	3.453998298067567	3.6070141607853525	3.470054828661317	3.4539982980675665	3.4539982980675665
s62156	5.183368281912695	5.580669404334825	4.0976356828435225	6.4940040057454125	2.370710409720968	0.8754978325338109	3.4461903775612077	6.3735416073704565	6.411303455950566	3.912830887750667	3.295451572264088	4.450639155325094	3.9259050735339898	5.886903454820308	1.9156610476806075	4.295800118717022	2.9096530784371644	4.391498410707291	2.4201835045534486	5.516886116611986	1.7011491165371944	0.0	5.875366392363783	3.026112133713485	5.287466034959727	2.1093704927447643	4.777906847489183	3.5627674109822256	3.363364454374028	2.9502559115005584	3.4119731432826845	3.8784622555237234	1.7110409674698857	4.652132472826953	3.5327266403910125	3.4828401886098357	3.2932749329732895	4.199839897537448	3.6797348585598946	6.282458364763609	2.788823801873844	2.3839618507553535	4.097622621745729	3.8428584397143153	4.3480964884876405	4.351567519708926	5.520891953857903	3.1624057694309378	4.098338009300136	2.859490907874848	3.890216897159869	3.077428165403509	4.11306196753262	3.769110424578558	3.6806083402261973	3.4249890647512746	3.3397662297794724	3.231668361946714	3.867314960426491	3.342142502169523	3.64907900571094	4.532913439590761	3.150974878333744	2.4578325907469525	3.2388390738268886	2.7972808429158853	3.7093872215456507	3.219331031238574	2.7486353974367073	3.3952361742331365	3.681784295213574	3.479066512676067	3.4861937619564203	2.804760747636531	3.8890479823102004	4.099809338087088	3.7617677468076485	3.8397393415054615	4.077419799437268	3.1705925550481537	2.8767045066155483	2.804958256312601	3.436793461730635	3.0144481908474767	2.5584384654526655	3.5296920713853526	3.536198906251728	3.5678644897823477	3.694889421442318	3.4567856844205758	3.1983814349410995	3.732509713569992	3.403462189560572	3.249157137697637	3.2353088671380608	3.5406703402394992	3.4613825747562563	3.4225612572977897	3.879982119074877	3.4744847601522117	3.8343641285787786	3.4744847601522117	3.269106669046183	3.9297034185345714	3.6173234535124834	3.589417980045903	3.5099664047356693	3.474484760152212	3.4744847601522117	3.5069451289058704	3.4744847601522117	3.474484760152212	3.731177861818826	3.452476802883589	3.4744847601522117	3.4744847601522117
m7	4.960566319555647	5.332230688982219	3.6254029443754074	2.988786238531486	3.6928451944066887	6.746691460223533	3.7154669803342326	3.236487434329368	2.8611025299910846	2.76652485375979	4.825406439425415	1.7665140948582636	3.367897524622663	1.9347274291040308	4.06573985965142	2.2257291776441868	3.4286812497187613	2.430208161205881	4.266807826363081	3.423221224897812	5.615833441737317	5.875366392363783	0.0	3.6624733349613745	1.719184500226941	3.9933383651234773	1.651402121081371	2.8370188525469926	2.8360859226665807	4.262943720021175	2.8594066759123677	2.692435176346054	4.399526938980166	1.826878923270737	3.0822925856426866	2.605524959161301	3.4657697114818213	3.453149781656022	3.318545844204522	1.1929027732898991	4.66584356091223	3.807413844410747	2.4485769828371313	2.614647813894502	2.515881745658505	1.7304301570380733	1.4214980725277413	3.2960004460382075	2.8731127245498915	3.158994488158792	2.5301125683560053	3.4581184627066106	2.7629986730869036	3.360584018387787	2.296817538367836	2.688750461018144	3.0064094033896507	3.652272863655677	3.067088805095345	2.971111647802385	2.756581139994768	2.3993812711943616	3.475735567130584	3.645934385745128	2.8216575490442555	3.453705692295627	3.9277985125907042	3.1083889704189316	3.210229676733462	2.8530085539770926	2.679400510458485	3.0011637795470936	2.8050981841752214	3.4504414745328713	2.0854809318476035	2.3928336653467053	2.758046290151864	2.569395264212715	2.3194490423419465	2.7361656745604974	3.181230398683664	3.44464607134639	2.8654745203124374	2.9732996202179893	3.61664708558274	2.750241327471801	2.834835664970784	2.7303933099054056	2.984935896775325	2.7620423697417125	3.0853136273118222	2.843198485515756	2.8684219926523533	3.563162851875132	2.8447695085662734	2.813465979488235	2.6983634909501273	2.92811337251727	2.3153540739138783	2.81317798105687	2.682437897832155	2.81317798105687	2.830479392757058	2.1560141847304624	2.837678520342748	2.706748881658296	2.742585900248518	2.813177981056869	2.81317798105687	2.6754350208846915	2.81317798105687	2.813177981056869	2.2558588088352995	2.839795085806555	2.81317798105687	2.81317798105687
s402124	2.876907938590536	5.762334894816411	3.6515564121016895	3.6079219972547207	1.395323403658253	3.7577714274882434	3.2515013585880133	5.316872246138604	3.82690027182852	2.910224832195698	1.3179024827083043	2.275908418964704	2.4092145326107723	3.663264646893307	2.169643973762467	1.5514260598982752	0.428043096013379	1.729348713936724	0.8867387790214873	2.546164573651282	3.8257036611987894	3.026112133713485	3.6624733349613745	0.0	3.8497969631743953	2.4406172823805723	3.1079184910431477	2.019847059482607	2.001053978945558	1.7670536528877716	1.9460558563083534	2.575935785557197	2.5496461420152197	3.375019114483584	2.3576038594663085	2.4612416372687917	1.8890646245576457	1.3805419168782436	2.3140375049562	4.383195762663299	1.08496323964279	0.7650217101327695	1.9628537730180065	3.0489085452507165	3.3628896020556938	2.217560491537919	3.3743133497930544	1.4014579381092396	1.7902952835236283	1.0730764443092906	2.8432948137734493	2.056256013933074	3.35630949499936	3.5959393625728096	1.9392923373435516	1.6382708112325055	1.312594411001497	1.3953433210225616	2.5747753271515923	2.4790195972897577	1.4156277729809528	2.4357331544093617	1.958731123372259	0.9829434948070924	2.2970051229288155	1.213621180737916	4.032113785278457	2.546744640627131	2.0757283300222062	2.004366524398486	2.204861021349204	2.966877893996592	2.5227930914877312	2.262391487211236	1.6726289536624934	2.666768839376407	2.439135694532271	2.991277596766554	1.93329232326475	1.856473191585728	1.1239486258840172	0.9824883184820516	1.8350355610390492	1.7105941648061058	1.7390513447287426	2.0085123685295363	1.4005472980566638	2.1028574854198983	2.5157316206551377	1.912728381538897	1.6560323650714246	1.9278009688227216	1.9839830512986922	2.07139043370319	2.311235119517681	2.3151840020338654	2.3697031403691637	2.2345812459460697	2.04815248547438	1.9626949967925842	2.497275912966101	1.9626949967925844	1.48001511090446	2.579083664664083	2.627498533033106	1.8897616258535779	1.958866786202743	1.9626949967925844	1.9626949967925844	2.1283706551392636	1.9626949967925842	1.9626949967925844	2.025154058858396	1.8974716824438562	1.9626949967925846	1.9626949967925844
s62152	5.317531237076459	5.168426770630812	3.568493646591153	4.531456611984617	3.237082333735549	6.146930216422581	2.4023084133454624	1.7959185445610597	4.410374192634558	1.5871228861134457	5.138282956247174	1.7695642389467305	3.9189141390674402	3.303022114401115	3.372716579785902	2.7826858750265706	3.5358563184473795	2.780754823228047	4.3686671071839545	4.312275453319379	4.664192794087203	5.287466034959727	1.719184500226941	3.8497969631743953	0.0	3.2334855844369956	0.8045347619743543	2.2396264499439775	2.185802923814006	3.8455803804401163	2.257190109243706	1.775757201300546	3.705085110986606	0.9231068187672982	2.2398928633755246	1.8372982095677761	2.912353887086814	3.8467577237539072	2.6277649553976086	1.1960718003303232	4.72075626258796	3.7341858524749596	3.0964334849747837	1.5538570843107127	1.08162819370624	2.3109152986756327	1.4771257080343505	2.953968709727064	2.8250225871084034	3.1413852305668497	1.423181572816943	2.7246850663112934	1.356068788492821	2.0119800168419872	1.9391244601738706	2.3338809325534373	2.785527534222463	4.059168142342879	2.214190774453039	2.0119975554930734	2.6545790949949635	2.1625536240632974	2.8268356803572496	3.5925376756248895	2.0635979857138596	3.1119580964464775	2.721107417138737	2.114211150403518	2.6858457001047853	2.2057623630026555	1.9889790605310944	1.915872363785676	1.8456840056090433	2.579100000662324	2.2694995070445825	1.4899203030590886	1.9107904890938678	1.5258392045590405	2.1657748687940637	2.2758688452305496	2.9333952130804035	3.2144532673587736	2.3498902092692324	2.4603128988031964	2.9928259568683218	2.1495109434102746	2.6683801170661674	2.0732571994983977	2.073108455791559	2.2059380988706065	2.600232786812931	2.4099934442956594	2.2365858356439725	2.8967525593534034	2.061922914475397	1.9852448788418409	1.8618771814423123	2.1255122919465896	1.908856526038514	2.222529947393124	1.8133813185717167	2.2225299473931237	2.5077762455144197	1.4283487084540234	1.8061860467021167	2.224340705239261	2.172440026817859	2.2225299473931237	2.2225299473931237	1.9901125786449676	2.222529947393124	2.2225299473931237	1.8557781668937516	2.286888125819144	2.2225299473931237	2.2225299473931237
s15965	4.911944225615307	4.442074151286047	2.67031398875538	5.343069959440882	1.281023821399357	2.9615279485776935	1.7709019166483766	4.418099563061863	5.157633746980342	2.0265970438517744	3.481955391618543	2.7570048307983663	2.91181248404269	4.316881473841869	0.38533046985990055	2.9731425410772157	2.0839879075591345	3.110875806546137	2.2903896439376856	4.654931671577317	1.6926961078548306	2.1093704927447643	3.9933383651234773	2.4406172823805723	3.2334855844369956	0.0	2.828757590394156	2.0048860662062915	1.682737721605626	2.4785929265881594	1.8136078960670223	2.122494411682386	0.490567265087421	2.570050459993732	1.9546050076437822	1.4496792759234003	2.1453294416617434	3.4554339995325702	2.3743452993603915	4.27931309077642	2.9194632518773185	1.7430996366985432	2.747435440920616	1.7397090667082549	2.3320295959859814	2.6917777906142124	3.7237916589713835	2.0233239390677515	2.892760218056017	1.6404922306074112	1.8889543824752095	1.7337715146100605	2.082169087191015	1.7541318138840478	1.9144568470620307	1.8658774341410587	2.0868672920930043	2.5614523142434713	2.342011845604897	1.4471319856726854	2.3371706908938625	3.0245353116103915	1.9162262162819497	1.6145964276692015	1.246019377310525	1.7184101179816866	1.8666308947359043	1.2842766452617735	0.8426835141743493	1.7489286424095152	1.9971401217734628	1.3850244201792543	1.5509924854561405	1.08304528018602	2.289384593978052	2.2668750407829057	2.050323935797726	1.742437184525736	2.5452888955073623	1.3499422387098228	1.610126029946488	1.8036331046969547	1.9148774963949446	1.347718280239189	1.264062023037608	1.8973049473873578	2.226378022694237	1.8971053667628777	2.052083746343178	1.834439018246166	1.7925414294720412	2.3115126700700532	1.7858832157816926	2.079671966503984	1.247173732858713	1.7891617897172436	1.5265904130265693	1.7211766098167984	2.191704620103839	1.8743521919920327	2.0888387670237107	1.8743521919920327	1.785129545857762	1.9299734367310648	1.7451923478665607	2.0240356093079277	1.8851672263945132	1.874352191992033	1.8743521919920327	1.7413069991825232	1.8743521919920327	1.874352191992033	1.9347102553768243	1.890786756422292	1.874352191992033	1.8743521919920327
m46	4.533475267777812	5.343310018054585	3.506648101807848	4.076182201314284	2.5782719539276853	5.639719833656562	2.1094980421308422	2.3262825507303155	4.086187656013279	1.1535603297891344	4.374593862010516	0.9911162462652539	3.5166406686645915	3.140262809566595	2.889579595129329	2.0513224019773157	2.8247562575960554	1.9997025301583182	3.6922744329488038	3.599916987443744	4.389145739725514	4.777906847489183	1.651402121081371	3.1079184910431477	0.8045347619743543	2.828757590394156	0.0	1.5124504652745376	1.5099441691293725	3.107368392722713	1.5500156902270414	1.1481636796318173	3.302562141490917	1.0351172263946447	1.6001714477255786	1.4182842495834675	2.1879102350900426	3.0513769385963374	1.9367808161901447	1.550337723373214	3.9561097380215657	3.059554656319074	2.6125850268399193	1.4074810102678443	0.9766064200027778	1.8428742382523993	1.058200528899192	2.1969974272879487	2.025932775720927	2.5089608135996735	1.0336685755023394	2.068269847445944	1.2709789072443751	2.022026369734334	1.2400123923367987	1.5937501616327863	2.013092019451282	3.4759315101320616	1.5742414249451782	1.5155815802447556	1.8616021258315132	1.4020446463879113	2.1350914456437327	2.9604487083150985	1.5885317523057896	2.386826475308306	2.8183542212776804	1.6714387222489728	2.2382068395977797	1.5179679468663843	1.2836644359074396	1.7044960690691568	1.3552393079657268	2.0550511999993284	1.5898359439865064	0.8348141468153545	1.2579625033640542	1.3441384431518622	1.3617784450992634	1.6944494341486067	2.225814037282624	2.480161331931012	1.6151682828231673	1.817419746087772	2.355507684916141	1.4328440869525398	1.882731590505463	1.3703057434776524	1.4566997731531628	1.4885585431930992	1.8745443530505947	1.6400883481296535	1.5396018769323758	2.2066403189333	1.584145684650256	1.354378232274662	1.3306688240391191	1.49035056075788	1.1357803915492548	1.505976425440208	1.165280401802704	1.5059764254402077	1.7749830126676815	0.9546627259310404	1.3011908092888513	1.4732201563625649	1.4511625944889608	1.5059764254402073	1.5059764254402077	1.3248364413522846	1.505976425440208	1.5059764254402073	1.1619554264948113	1.5610153765555348	1.5059764254402075	1.5059764254402077
s7857	3.5396806857171947	5.716790493909317	3.693380216988258	4.304224372511208	1.2588593790934546	4.388711516416778	1.556382751354755	3.391414696241067	4.485474200440192	1.011711832189403	3.196478141490261	1.1408449148327326	3.338941686271008	3.8194254324688406	1.8746905311247197	1.6987829487140138	1.799582137664372	1.4788189525358064	2.5998596667444613	3.17694136533617	3.559781739023083	3.5627674109822256	2.8370188525469926	2.019847059482607	2.2396264499439775	2.0048860662062915	1.5124504652745376	0.0	0.36071074829736827	1.613067767572855	0.20261301108955923	0.5895805082173351	2.4313700135965766	2.073848866738551	0.42750066206626	1.2653575723374235	0.7037182979117611	2.1336378696837275	0.6654203152082576	3.0177829755857055	2.6274555779067774	1.9312742857094771	2.546272550659463	1.7019630046693557	1.5692469005201664	2.102527615541604	2.0277472381174126	0.7584765424351488	1.0884988598891894	1.682899431189476	1.160062505656491	0.6375719757825216	1.6316260603270358	2.1402689282147587	0.7881764847112002	0.5054032221392912	0.7322676248049594	2.839403613894735	0.6231480023853458	0.87899624664312	0.7898457139071636	1.0454919082859175	0.6458945849547862	1.9824309599482635	1.1254589183632762	0.9941672585610145	2.9188338446194764	1.0620100113981905	1.650124336714309	0.27620340042169933	0.2630648101847073	1.6437815853758522	0.9043219631580929	1.0222038800225626	1.3367954515924927	0.774884573331649	0.4441659303076144	1.6285202101889549	0.7410128247152011	1.057572569683471	1.0411066434180796	1.1549622926026872	0.19281599541906672	0.7830765011200426	1.0051685900313814	0.17802257458432572	0.7165996692452757	0.22630647261096423	0.5253313523707607	0.2494889734397132	0.4315399220785727	0.3718478797873506	0.22704741661023328	0.7480466140391051	1.0950271938068146	0.4547889708956896	0.8683050524930691	0.413105591914043	0.5350602296713083	0.15655470518577502	0.5169427846697858	0.1565547051857751	0.6179862314897566	1.23400927790784	0.8233643021141892	0.20313259419272184	0.20222950260295433	0.15655470518577516	0.15655470518577513	0.4532745240917885	0.15655470518577505	0.1565547051857752	0.7993027249392629	0.15938516267765657	0.15655470518577513	0.1565547051857751
s401652	3.8074241937957582	5.376656455069636	3.36713423038494	4.363528938453977	1.1063958892910766	4.2082448839334115	1.4205590986716687	3.420497604006373	4.451716927254438	0.9145768762467856	3.2288610796355655	1.2421767751577115	3.1172798146430103	3.71434303832089	1.5891295219735755	1.7746265417715281	1.717783131940836	1.678128880125032	2.484106462864788	3.388370242567958	3.2758863554391713	3.363364454374028	2.8360859226665807	2.001053978945558	2.185802923814006	1.682737721605626	1.5099441691293725	0.36071074829736827	0.0	1.7625321203261737	0.1775014773035825	0.635817489097112	2.1230843824161982	1.8865118625339938	0.5333139193496798	0.9410639349520148	0.9202443946984054	2.3277780955095047	0.9607435635529441	3.04849235398089	2.6654931791836667	1.7931577737461997	2.3864634312108013	1.4170229572646083	1.442613292579873	1.96719085382852	2.1807686804997513	0.8806121161067058	1.3833624567150153	1.4846767823932323	0.9583785708842003	0.6735075972420992	1.4460684675847906	1.8680589087132893	0.6283567156732526	0.44936336046976233	0.8378948517596648	2.673196677184891	0.8618108862971063	0.5962587025391264	0.9499684048337772	1.3463799837507617	0.7777055073717615	1.792728024152746	0.7735813739255667	0.9679879437905844	2.600462366805044	0.7623387591681813	1.302834682500425	0.08819481210832447	0.341774545222293	1.3297400237438322	0.6287614510979908	0.7545938145849796	1.2509056701568468	0.7947175225603689	0.511172241609365	1.3472729552713807	0.9449385226026913	0.7370301214671778	0.9200550496255682	1.1254260793262603	0.3334471284432844	0.4853972768042259	0.8516514544282225	0.2178082839765354	0.8622838944076299	0.22290798301604337	0.621969624836277	0.18794164817892578	0.4678982742803132	0.7086672740181574	0.1426455453378932	0.9309585081619947	0.7436065509134631	0.3168695454630959	0.5594694268109848	0.26080159141246256	0.5965762980195822	0.21705777619440564	0.5647395192964082	0.2170577761944056	0.5408886406096264	1.0077308176764534	0.6425669743559118	0.38310832551594287	0.21620538153388588	0.21705777619440558	0.2170577761944056	0.2001862793086423	0.21705777619440567	0.21705777619440556	0.6384406470686783	0.26895632407182124	0.21705777619440556	0.2170577761944056
m39	2.682083111222867	6.710915759964018	4.669858757443504	4.90476983525301	1.3176036274805307	3.6070134988849443	2.471085208174608	4.796959937888753	5.282910034796221	2.467515756339951	2.3345246473090047	2.5052519932121733	3.952130588780618	4.9430731153171665	2.1374022529128975	2.4374424154991545	1.8361471452498086	2.1227311750112454	2.2200546243585983	3.212560897333696	3.6113771246798447	2.9502559115005584	4.262943720021175	1.7670536528877716	3.8455803804401163	2.4785929265881594	3.107368392722713	1.613067767572855	1.7625321203261737	0.0	1.6387833612709566	2.1092543219628106	2.6792109917507685	3.643929801910089	1.6801797808908188	2.6206649129489423	0.9391421545893499	1.885658654832792	1.33478127592322	4.5518112844753285	1.585310492620386	1.7965161830116345	3.3703746064816755	3.1226069845114726	3.0926981110846996	3.2563818193551883	3.391510064029417	1.0124431073775593	1.5602453702723837	2.1515928354915226	2.6750827030229947	1.2464797810017416	3.080823617761709	3.372657580220779	2.19551368700895	1.7085074383836547	1.3074713629855703	3.046394938352394	1.765952092372493	2.178191436246687	1.5317881846555554	2.1268525315436455	1.0659475489759032	2.098729287158941	2.3753132687344842	1.087153362204647	4.001091569054796	2.256420827487905	2.506921928885066	1.7093284802513127	1.8669290241581327	2.916513957618938	2.3005118983814308	1.8419199343809114	2.4478133352865945	2.3625252879601346	1.9632017274072662	3.062625220254626	1.952993155592715	2.1911569428875928	1.4974297096964655	1.1728344573648481	1.5383795971035608	1.7891104437562824	1.308758354030784	1.7309767046198392	1.4517723806142253	1.8019685277891895	1.8620521200540057	1.7064945753413685	1.3320214509556072	1.4893288012663584	1.6639683516661683	1.0110771383116377	2.347584759041627	1.9379607294962664	2.2798702861082263	1.812666290403737	2.0410215287412625	1.6602479006457118	2.057852131954131	1.660247900645712	1.6033947631692878	2.7590858940421668	2.2473793564205193	1.6668607233264092	1.7199169519858024	1.6602479006457125	1.660247900645712	1.9558814931077169	1.6602479006457118	1.6602479006457125	2.2502117707631117	1.5979558036411274	1.6602479006457125	1.660247900645712
s7863	3.643160443908832	5.540176602582515	3.5165320468220296	4.318131879682925	1.1141802698302055	4.2478332589133805	1.506162764754348	3.4618930219036077	4.4535694062346805	1.0000592935596042	3.150667767620642	1.2010625559567092	3.191790157488552	3.76223943409077	1.6909460761566562	1.7089489833159928	1.6938360409944555	1.5598562736962804	2.476619679649718	3.260688283185591	3.39093000135345	3.4119731432826845	2.8594066759123677	1.9460558563083534	2.257190109243706	1.8136078960670223	1.5500156902270414	0.20261301108955923	0.1775014773035825	1.6387833612709566	0.0	0.6464986161703846	2.2408609132377384	2.009354124431342	0.48355318689093063	1.1111209375098599	0.7734247803474054	2.1913844836565977	0.8177391677076394	3.0752893366637872	2.582402554114067	1.7952994108939655	2.4359565696579875	1.581556287739612	1.5480446073947396	2.0210791221039193	2.1405751200741743	0.7510737961687483	1.220526166508411	1.5274094424893794	1.0911925496930523	0.608985912689816	1.5756393262245598	2.0275580960919117	0.6912923882283002	0.4066198495093015	0.7179348501287861	2.7036099270978102	0.7720176281353174	0.750790004511566	0.8236700444926303	1.2192063736269898	0.6655978611056649	1.8259187097766816	0.9493785124191835	0.9041360861618113	2.77235722156127	0.9206130954032695	1.4493709726076531	0.10165459514386899	0.3057536156046428	1.5024189660609046	0.7863484164158459	0.8658387194410117	1.2669428895772572	0.8228076305409779	0.5033292717651847	1.510232583098157	0.8378578803826503	0.8713220680443351	0.9070365420919156	1.0654299127242894	0.16788671109131853	0.5848812023542377	0.8660827966856776	0.12327336141604095	0.7351776958827696	0.1910968183218731	0.5958626838300064	0.1118499912325718	0.3554605475388591	0.536905432981154	0.0511539963376266	0.8075739888344382	0.9204654538401571	0.39511608036488194	0.7284617519107898	0.32836713866317513	0.5603693454936085	0.0648471871969064	0.5712524918649322	0.06484718719690664	0.5017007278835417	1.1393221598553034	0.7588618343427695	0.2464191826894147	0.11900978354512336	0.06484718719690682	0.06484718719690659	0.3283675607311297	0.06484718719690641	0.06484718719690678	0.7093287903836355	0.09940395669129426	0.06484718719690667	0.06484718719690648
m36	4.028660808715368	5.620752716340588	3.694721207082055	4.57167208240289	1.7040735146025183	4.7086253761528924	1.242922594288912	2.8241181666083004	4.689256321616885	0.4780164320860619	3.780160288203504	1.2148244389668015	3.604587896441557	3.884231835262724	2.085398545191645	2.069354888036012	2.318162798331899	1.8651805497234348	3.1125067892968286	3.5871633779651453	3.620141508013977	3.8784622555237234	2.692435176346054	2.575935785557197	1.775757201300546	2.122494411682386	1.1481636796318173	0.5895805082173351	0.635817489097112	2.1092543219628106	0.6464986161703846	0.0	2.5949948876831184	1.7308546321443337	0.4661233581615695	1.145659108106602	1.1758246965542238	2.6595332523546404	0.9176330850887037	2.6663464358257185	3.2086008521745475	2.425609105996203	2.80283411292456	1.3906547626293944	1.031502558642941	2.2365284259348033	1.8344736456262976	1.3412609948904224	1.5299639438290844	2.0891979050686915	0.7482385866480551	0.9717023606988775	1.135989413652681	1.7634094071879387	0.9509736729070735	0.9601189623014215	1.3108779659178322	3.254915457070519	0.5396714552848885	0.7096073298250575	1.3180805644158493	1.1657761239182636	1.0666326115508369	2.4237062841312995	1.0917716585466697	1.5397422034084118	2.6283903430889946	0.9070901413123912	1.7849059002116174	0.6067130420848669	0.372490524095483	1.3809924716792115	0.6729359866509032	1.1103778468833594	1.6012378412628585	0.31424575543462624	0.15414628891523108	1.3202135571471965	1.0480616800991052	1.2395666628018756	1.5413080797036718	1.710359850405307	0.7551308906907316	1.101701193811257	1.3824810023892746	0.5681026938199538	1.2688389062570677	0.47617690452721384	0.3119416723290059	0.6681412720291694	0.9824803738266253	0.8548766888758951	0.6179242476616031	1.1280831808027498	1.0522468357646368	0.3614174298865215	0.7384083351869147	0.4676964342948967	0.7194619191955858	0.6189850705149894	0.07913634758184256	0.6189850705149891	1.1098180606093053	1.0270761942144355	0.46425549008786565	0.7029038244832468	0.6178237083503165	0.618985070514989	0.6189850705149892	0.5433627457066107	0.6189850705149894	0.618985070514989	0.9063865269891056	0.6870264385718088	0.6189850705149891	0.6189850705149893
s62174	5.097152527987883	4.38713068564852	2.708260113491836	5.5739464644476815	1.5176595820301877	2.5507494729392186	2.20203039604922	4.894022787798026	5.357842315080906	2.5148179517096514	3.460050130852011	3.1804022839408335	2.9381709286023865	4.563947127553731	0.5889351145062718	3.2825444444602327	2.2206720246182807	3.451904129648109	2.2256776521454666	4.909391970607229	1.378770581696888	1.7110409674698857	4.399526938980166	2.5496461420152197	3.705085110986606	0.490567265087421	3.302562141490917	2.4313700135965766	2.1230843824161982	2.6792109917507685	2.2408609132377384	2.5949948876831184	0.0	3.0052876374478372	2.397142926127865	1.9097648436174048	2.494089776214291	3.6848431210353003	2.7716789104525215	4.739213686816558	2.9267213490322175	1.7990792138115363	2.9356701026379257	2.192324941077503	2.8175895258691437	2.99917515683652	4.182256941046568	2.341813980173022	3.2466533871831467	1.8223257158333162	2.3767008243108507	2.1174572179666504	2.5607360354722974	2.1694123035629294	2.337548630382043	2.2608289238582735	2.4193657740063146	2.559959077975362	2.783367056957033	1.9319301687525727	2.6853626101815844	3.4498196170133713	2.2793290993887116	1.6732023645318825	1.7146300802101082	1.9927153977148577	2.1214172166931657	1.772588038853782	1.1926168256788365	2.1857624354951763	2.448495628804776	1.8467150981075426	2.03790989667644	1.530332590940663	2.6367324103355716	2.7454847171614203	2.514408799457992	2.2003039958442536	2.9511073851510665	1.7578626989473365	1.896906226598015	2.0453274383255913	2.3249738268382543	1.7513377950936382	1.5919073525291625	2.33232602146833	2.5743877713089938	2.342143658664585	2.508938108460202	2.261774711773156	2.1710875652808093	2.712804674861857	2.21797535298728	2.4370362470917364	1.7203236909314352	2.254316030759967	2.005204659651982	2.1771734885811336	2.6257735339514965	2.302878607480296	2.5581484828133774	2.302878607480296	2.1559487884804605	2.388730066842458	2.230479654315764	2.442599428987853	2.315965250063124	2.3028786074802965	2.302878607480296	2.1969706832536207	2.302878607480296	2.3028786074802965	2.366256018530093	2.3102440427744573	2.302878607480296	2.302878607480296
m45	5.310301247750865	4.351032712557475	2.6573028717218565	4.345182443968119	2.7615593788549604	5.5187098305034725	2.248785331256979	2.5924397706746167	4.0650457995298215	1.5084693595915653	4.6917458575053175	1.7122204468425497	3.124181181922937	2.8746452595400447	2.7565471855985852	2.5200182702936846	3.006164598318933	2.690121842868869	3.7553631929934617	4.280167029034846	4.022097837850282	4.652132472826953	1.826878923270737	3.375019114483584	0.9231068187672982	2.570050459993732	1.0351172263946447	2.073848866738551	1.8865118625339938	3.643929801910089	2.009354124431342	1.7308546321443337	3.0052876374478372	0.0	2.1300894220540822	1.2091416216414657	2.7681562233184116	3.6784623186577963	2.6232220688956183	1.8570054177439959	4.306308055372877	3.149896394974306	2.431484012351093	0.9034561651040108	1.070243783559733	1.7347613386228269	1.9672678022615913	2.691906068101757	2.792083208440437	2.505125489395605	1.1226722015190513	2.5059315420139794	1.1610930961190138	1.5726102628213743	1.5380217766240727	2.0038141241814946	2.5042617565988987	3.354955912731324	2.2636269073168034	1.6546700439167206	2.429473068711255	2.3255983049344056	2.640678790117275	2.943993072968346	1.4870563944154433	2.73375824235165	2.1174283941936407	1.7029875711557392	1.952475455885168	1.9400560418567414	1.8310086137690456	1.329265802847227	1.4819990366281175	2.1695477644612615	1.8153322396037026	1.479099354791094	1.8237830357665352	0.8893259001249648	2.0723773861787906	1.6867756158654428	2.469632111384608	2.807214562693075	2.1194486498488403	1.9867558348972492	2.587775470459158	1.92749888242949	2.4242017111195677	1.8637835243013634	2.016072217432949	1.9419086208897416	2.3179470839117537	2.3168049199103837	1.9857690611669496	2.764123986229826	1.5060449192992074	1.7701021990375112	1.4368292380673966	1.892657590391294	1.7190928080832286	1.9940013242364336	1.7411637314495505	1.9940013242364332	2.140519195238644	0.8960202064776356	1.5802010998995373	2.0204841550861965	1.9345805992624356	1.9940013242364327	1.9940013242364332	1.6923517336959806	1.9940013242364336	1.994001324236433	1.4639482114436233	2.056490848858766	1.994001324236433	1.9940013242364334
s62166	3.7940023792770883	5.788589739914096	3.8344490868822065	4.717792075259172	1.382008368908932	4.343093209926384	1.176780554132415	3.204986607309495	4.8807588895409255	0.7970292179328994	3.4961132998533233	1.4669254762296442	3.650013054429834	4.154033608200517	1.8456098754920929	2.1236665295903343	2.1319248996756883	1.8789806523946513	2.867694264912249	3.559254185534078	3.402207444149946	3.5327266403910125	3.0822925856426866	2.3576038594663085	2.2398928633755246	1.9546050076437822	1.6001714477255786	0.42750066206626	0.5333139193496798	1.6801797808908188	0.48355318689093063	0.4661233581615695	2.397142926127865	2.1300894220540822	0.0	1.3167530022010845	0.7715261282010496	2.4987793397997566	0.5819862352866448	3.1179083875627023	2.869546585379635	2.1836596646639865	2.9025753982341542	1.6564925719154808	1.4234001312104652	2.4405194452462693	2.200533391730051	1.0261701199515283	1.4200417087883606	1.979301583292677	1.0789321529974993	0.5244827927044216	1.4514349503405684	1.935653769348242	1.0918814719213603	0.8862392401119191	1.1006792914258707	3.1693469970877706	0.3919050263479866	0.7445919091496379	1.2019081984797824	1.2809472594280302	0.6250067074508487	2.2381470943756283	1.1620223344400344	1.2213395865155705	2.75250915439992	0.9094835930800772	1.747372182093366	0.4718844430752568	0.43319494961513155	1.537246918167015	0.8140553588816759	0.8808417208252297	1.716481708104786	0.7695156565639495	0.34311876472117564	1.5915002728849217	1.1255512347935104	1.2517377434486063	1.3299571715519707	1.4235182294177366	0.5718730465311772	0.9725788739123215	1.0280763339277377	0.4933562802752649	1.120129306729647	0.4506936357995971	0.19648005037985877	0.5757246912707359	0.7021006719749542	0.7019676711736602	0.4568036694973286	0.6835668381212118	1.11633521205703	0.39460691444424584	0.8762542649927386	0.3377993220708155	0.8757604729253347	0.48555055920741025	0.43668356191118635	0.48555055920741036	0.9750469738843831	1.3394712145491519	0.6450906704717329	0.6241693181722857	0.5403232360767921	0.48555055920741036	0.4855505592074103	0.5995404322367954	0.48555055920741025	0.48555055920741036	1.0813757760809586	0.5249234100403821	0.4855505592074103	0.48555055920741025
s39314	4.644705984638243	4.493536971955969	2.5617102099069027	4.460133707708837	1.596328528118687	4.352101800058471	1.5240728531390568	3.269892916507648	4.300150398957652	1.016185530109797	3.757125451503857	1.550271306196094	2.746901755193229	3.325766574208773	1.5741275370165693	2.1345807343963874	2.0737546000286584	2.2689206430801874	2.7505638810995405	3.9621489110834944	3.0466448936539465	3.4828401886098357	2.605524959161301	2.4612416372687917	1.8372982095677761	1.4496792759234003	1.4182842495834675	1.2653575723374235	0.9410639349520148	2.6206649129489423	1.1111209375098599	1.145659108106602	1.9097648436174048	1.2091416216414657	1.3167530022010845	0.0	1.8485109395256256	3.0281504210389065	1.8586685618789922	2.832109400364607	3.2777103037464674	2.0931752565777817	2.142740484531648	0.589966492511389	1.1392474074431904	1.6846469426525843	2.3687531015583665	1.734298497834164	2.1947958525257962	1.563715551286233	0.6509028130977799	1.503798078667034	1.030445406734891	1.2486045457067996	0.8236644589059803	1.1316457773653088	1.620140968685703	2.634413922978826	1.6214344528936013	0.6736696683410356	1.686057576117833	2.0137755227076672	1.6699166351121153	1.9250120470899672	0.28447081017490594	1.6700716156502944	1.8491117564119919	0.6754271818931687	0.8690992194464536	1.0231118244177928	1.0921186342886697	0.6112529919895382	0.5663135897403558	1.035153728783747	1.3366450744840803	1.0984074585702903	1.146746447425149	0.5335435421143656	1.576326590041965	0.6063675789533435	1.428502344258234	1.7649787684054006	1.2460475372732596	0.8786447496678665	1.4309391741946997	1.0931447054667867	1.6262440326617102	1.049252585692349	1.2993256778631093	1.0650686087387005	1.3466655202431084	1.5937772585190157	1.0796487714540517	1.8315255093342973	0.31531464286284167	0.935376223842444	0.4415333847888014	0.992292246766335	1.1342294201245147	1.1310810472149366	1.119624190820701	1.1310810472149364	1.2037456362561092	0.48658968691654253	0.8172551751179625	1.2297083816771874	1.0892573718967737	1.1310810472149362	1.1310810472149364	0.8136008058895438	1.1310810472149366	1.1310810472149362	0.7854839840711608	1.1863989144164806	1.1310810472149364	1.1310810472149364
s401632	3.1212301093604182	6.204276012702036	4.169014448208369	4.597105450274355	1.1279362199666538	4.060933530728655	1.7777265314009185	3.896592587993056	4.8866779447738	1.56446352680547	2.868311656034724	1.70958073520217	3.667536974816247	4.362095083634674	1.9052053372020998	1.986571694873573	1.784213219428103	1.6605005802470358	2.4580834767678885	3.153831675115687	3.53619072798498	3.2932749329732895	3.4657697114818213	1.8890646245576457	2.912353887086814	2.1453294416617434	2.1879102350900426	0.7037182979117611	0.9202443946984054	0.9391421545893499	0.7734247803474054	1.1758246965542238	2.494089776214291	2.7681562233184116	0.7715261282010496	1.8485109395256256	0.0	1.9509673588067904	0.48624282280230324	3.656871297777611	2.207147250627766	1.8455262078023638	2.947979400868862	2.307779810112399	2.181342187169083	2.639985475745349	2.5611370557040023	0.5110693397372048	1.0683117719216322	1.868234253941021	1.7901424320231138	0.49354258395242245	2.206545810152442	2.6166752744867328	1.4089805379832674	0.9653542347138462	0.7642434524291636	2.9720747409611015	0.8641556736802444	1.3677517163715696	0.9506456017800154	1.362179530383192	0.2626179458373963	2.018735913265441	1.6406982698424242	0.8079115989539886	3.351893070177736	1.4957240206574993	1.9990579235572892	0.8480177285927465	0.9492796910417848	2.1595408748897356	1.4629412572431948	1.218870246206234	1.823169971895852	1.4269369689050122	1.0316342304187636	2.2414751737421983	1.1858511823608184	1.5300256087687596	1.1175401466741084	0.9982877184543348	0.6853301996327688	1.1392908949672764	0.9043691807271668	0.8466697153934559	0.8558481201627558	0.9044589504408227	0.9453432471584844	0.8545907364122766	0.578552824466737	0.633775455270228	0.7964105532439513	0.2287341921029631	1.606641960282804	1.0436046889238069	1.455593885577662	0.9348591613190883	1.1856181134108517	0.7829045631490008	1.1247235659305057	0.7829045631490013	0.9421096763063936	1.9108670209553422	1.3714304731925233	0.8044344115602564	0.8492659831240097	0.7829045631490014	0.7829045631490011	1.0927758442574016	0.7829045631490008	0.7829045631490014	1.4436605158303444	0.7315017579818014	0.7829045631490013	0.7829045631490009
s15987	1.7738957247095855	6.805464716628191	4.656869326536552	3.1720693736318415	2.2418504322445845	4.896445439673227	3.638836518862976	5.136740253038817	3.7839099786932104	3.1122727468631433	1.8508330447769699	2.082760967403993	3.3735926099975626	3.8445240441046	3.1892404854444765	1.336050979098044	1.6372158697324584	1.0958352537649827	2.233790321363787	1.3719318036335493	4.938477766177912	4.199839897537448	3.453149781656022	1.3805419168782436	3.8467577237539072	3.4554339995325702	3.0513769385963374	2.1336378696837275	2.3277780955095047	1.885658654832792	2.1913844836565977	2.6595332523546404	3.6848431210353003	3.6784623186577963	2.4987793397997566	3.0281504210389065	1.9509673588067904	0.0	2.2073444071333057	4.097740486693026	1.729129707056459	2.060867747857428	2.6115015758321958	3.5690146422566875	3.569560136021079	2.5866303206417007	2.879727062877888	1.635417835389267	1.2138485358359516	2.1457255540320466	3.160272231765313	2.3530430385428533	3.6834071721391703	4.171679972131414	2.255937291840683	1.9409735241718824	1.5188821993419803	2.5383367582164293	2.5093039544100013	2.921843934077968	1.3926591509101443	1.9257948438315902	2.1617995151007574	2.268424850345159	2.909538311143095	1.803313997316575	4.819305006066135	3.0695305038780956	3.0131136546230652	2.2858741303885295	2.3352243599909035	3.574406097420074	2.93543345347806	2.8663713924805294	1.9825683151820208	2.714128947472242	2.5431566319428702	3.4940763043122973	1.7346774310768474	2.519877595735551	1.859618245506101	1.6715049898595313	2.026925001789941	2.3203487287175397	2.3938211418092443	2.202793236717947	1.4666435183502218	2.293902247391762	2.615137392702013	2.159168222218753	1.9627108201909378	1.830609681418034	2.242305088182379	2.1777658733752174	2.910613667605409	2.565247283345248	2.8105649544720945	2.514463917073574	2.1116749506085313	2.1699521189824864	2.5913970473125842	2.169952118982486	1.881220623115264	2.9425514501385246	2.9306247028667487	2.0134560479853243	2.167103348098228	2.1699521189824864	2.169952118982486	2.4297716744972457	2.1699521189824864	2.1699521189824864	2.32332017291711	2.098936776068689	2.169952118982486	2.169952118982486
s15981	3.3118931299147287	6.325046371806719	4.326537093610351	4.707309462476517	1.5333886544686794	4.44762030749294	1.6106235063465697	3.4701554584361953	5.007953735899587	1.3184139314055394	3.3170805403595818	1.610167727737044	3.9455729428707564	4.421308995496025	2.190817922899641	2.128885348090982	2.1893081259683487	1.7377951974982822	2.915567035313971	3.2820476866635597	3.756548225077573	3.6797348585598946	3.318545844204522	2.3140375049562	2.6277649553976086	2.3743452993603915	1.9367808161901447	0.6654203152082576	0.9607435635529441	1.33478127592322	0.8177391677076394	0.9176330850887037	2.7716789104525215	2.6232220688956183	0.5819862352866448	1.8586685618789922	0.48624282280230324	2.2073444071333057	0.0	3.3660637081724283	2.674713799782083	2.283736409159328	3.1594420191235537	2.22746338006365	1.9234530826353822	2.7350114277677458	2.2804669435818723	0.9210523765390257	1.1247540961654499	2.206864567731654	1.6300393749837276	0.657419143555445	1.994464424803697	2.504089786013588	1.449932066090915	1.1142077644238146	1.0701323431773455	3.34050062880855	0.45443354542544534	1.3193129014892386	1.1471030238244937	1.133095364982936	0.5452745550678295	2.4196654563183864	1.6953959099664877	1.2438357267892455	3.321161161856777	1.4755931124016655	2.2027227552974065	0.8754025966837591	0.8284458299963483	2.117623218184218	1.3893583764958675	1.332087458281596	1.9470703213622422	1.173821716437888	0.8100654920731726	2.159591673738837	1.1490061543107906	1.6816762483618153	1.478846397180318	1.4341749611190722	0.7743225405793137	1.3425066232998188	1.2350229718250532	0.8352390246299015	1.082665564118719	0.8497083084913408	0.6791643209615181	0.9015066730603326	0.8327152063717186	0.6060205063551773	0.8278001092797717	0.4412002286694408	1.654405583588308	0.93804649033205	1.4266220121970727	0.8740297297861269	1.129799979935869	0.8024851330205329	0.8911545601582427	0.802485133020533	1.1700748233225633	1.8390461549185713	1.2197914615745455	0.8270904852551382	0.863927000165109	0.8024851330205331	0.8024851330205329	1.0701363797847823	0.8024851330205329	0.8024851330205331	1.4581468650864442	0.785623686290026	0.8024851330205331	0.8024851330205329
m37	5.462178990816185	5.77347921407642	4.234003551524385	4.087031533816144	4.088939855933243	7.151812309722252	3.5188585076754832	2.167772019835545	4.035911019732341	2.62909935117237	5.598302525934665	2.1657065671637654	4.338311769259083	3.060701649895674	4.383035444258824	3.0088174691785867	4.130403613060435	3.0092308639488317	5.0092701075175805	4.172862938514461	5.79649098828835	6.282458364763609	1.1929027732898991	4.383195762663299	1.1960718003303232	4.27931309077642	1.550337723373214	3.0177829755857055	3.04849235398089	4.5518112844753285	3.0752893366637872	2.6663464358257185	4.739213686816558	1.8570054177439959	3.1179083875627023	2.832109400364607	3.656871297777611	4.097740486693026	3.3660637081724283	0.0	5.300384109556405	4.444714352425781	3.4318488005225296	2.6563783796522955	2.2361873399393324	2.6365937681837064	1.3301914112079212	3.651033509878951	3.2314594939951395	3.8278098065628763	2.4974941292996733	3.598845931632143	2.5334921252352878	3.1988199553167354	2.6829080644295162	3.0611851976573146	3.4280959559935393	4.561084873896009	3.013454013965889	3.0428008277040366	3.205446191590805	2.541256744323582	3.6425787189147547	4.3114741620974755	3.056584049366028	3.8652400791475734	3.85620173798795	3.1781273746598435	3.623696779485065	3.053767245888123	2.8112783990753627	3.0419146767518663	2.8752217266542814	3.594767529569977	2.767404009569047	2.362386443932629	2.7829369196702234	2.6209433642746904	2.669464916731629	3.1388036271652378	3.6719943268497843	3.925363992930279	3.1165951527160622	3.3230144852625756	3.895648601005632	2.954578348258945	3.2630262612331267	2.9013473459420256	2.9627540309175373	3.0067013888439065	3.377321471294816	3.063834669064236	3.070878896436206	3.693363507476172	3.0621974182653204	2.9025216606154767	2.849629044629461	3.0378835646815183	2.595052975735954	3.0259371092769833	2.6910342030774332	3.025937109276983	3.2373538188519584	2.3613861790256983	2.827318259876639	2.960425873894459	2.968841925117889	3.0259371092769825	3.025937109276983	2.8665836113719125	3.0259371092769833	3.0259371092769825	2.614855146569078	3.0722686348255457	3.025937109276983	3.025937109276983
s401654	2.534511434096689	6.587229541713668	4.543729171491629	4.404664688065353	1.8264044557542414	3.3484139743881207	3.6882325669787117	6.015382345852991	4.757337201764754	3.5601277394876685	0.8008608240090951	3.138587378248116	3.330976801961909	4.72541274390935	2.5664166971262214	2.490424088939794	1.4227336517087357	2.4707102438778077	1.2173597571889798	2.949241024954979	3.9701806138631803	2.788823801873844	4.66584356091223	1.08496323964279	4.72075626258796	2.9194632518773185	3.9561097380215657	2.6274555779067774	2.6654931791836667	1.585310492620386	2.582402554114067	3.2086008521745475	2.9267213490322175	4.306308055372877	2.869546585379635	3.2777103037464674	2.207147250627766	1.729129707056459	2.674713799782083	5.300384109556405	0.0	1.3870683905471513	3.029411560617268	3.860851575173735	4.104943375585304	3.294180355474353	4.182859775132726	1.875954257648957	2.3143852796968787	2.0071852303263253	3.594180821104301	2.4430141072765577	4.074974130696863	4.2670304969623585	2.806530130970519	2.3979089072297297	1.9623373192774929	2.221849911391491	3.0484094806704225	3.1248010447032097	2.1305504867938163	3.0603269117411815	2.307346637887206	1.7310610602533278	3.0577653447792055	1.7086692636608287	4.696224387723825	3.175338439399101	2.8351772470583523	2.6491448629971193	2.863263321673379	3.6942734852422237	3.215871273608673	2.7689658077515333	2.6837574879196087	3.377473000372536	3.0567023409632776	3.805623990544812	2.685868894640744	2.6889193095508097	1.8599472338684915	1.5518011833074563	2.464989617430919	2.4301811223784253	2.1499314588239797	2.669922535772876	2.093663941998995	2.7642013079825904	3.0553131514695546	2.5911456714728187	2.2326953964997647	2.4983380847768357	2.617577000100093	2.357434944888934	3.0581879820763445	2.9544361105567156	3.107800671235839	2.8419386848219195	2.8293425678360875	2.6064888515575686	3.136258615170946	2.6064888515575686	2.230089069120852	3.449939532903413	3.276343745873806	2.56277797774977	2.630904649229353	2.6064888515575695	2.6064888515575686	2.838189567630853	2.6064888515575686	2.6064888515575695	2.8887406140895218	2.5345536281881422	2.6064888515575686	2.6064888515575686
s62158	3.5255787245952757	5.25194297617709	3.19297526884299	4.15161831296777	0.9295264434781267	3.175862318337366	2.841874669255701	5.180095799631308	4.1945120835228655	2.660660004652723	1.791656455212486	2.412590675716584	2.2683455371069483	3.8120428740398467	1.4731177022524682	1.9618026745996042	0.528296948941599	2.166779665738409	0.7014234814102686	3.2668062910093343	3.0758624954120584	2.3839618507553535	3.807413844410747	0.7650217101327695	3.7341858524749596	1.7430996366985432	3.059554656319074	1.9312742857094771	1.7931577737461997	1.7965161830116345	1.7952994108939655	2.425609105996203	1.7990792138115363	3.149896394974306	2.1836596646639865	2.0931752565777817	1.8455262078023638	2.060867747857428	2.283736409159328	4.444714352425781	1.3870683905471513	0.0	1.999958999474486	2.662527289908718	3.1027980672324604	2.2493295259347463	3.5552750023568898	1.4023833941046921	2.1160385270482167	0.7200804669269533	2.5604256648321186	1.830235352980258	3.02268180223423	3.107543105875095	1.819886428183932	1.5536962230078628	1.3821525724058032	1.3397431992569053	2.489290046756134	2.127322405428569	1.597492765361898	2.639034150677851	1.8120641212528572	0.3662203405413579	1.8948308866114927	1.0419325970014273	3.436781991052129	2.136865596546187	1.509940768152586	1.8207538843746094	2.082884977282983	2.5064040300875488	2.19606898354079	1.8133780004813664	1.7297146706483177	2.5461923596177756	2.2908123835143086	2.6184859003224443	2.082649982416289	1.5099979384792763	0.8980922741225894	0.866608581655758	1.74128939717437	1.3836259662006298	1.3353346996986704	1.882416738899624	1.5296899583336094	1.9614551216780152	2.348479263064718	1.7766872436018126	1.5267067740156604	1.977860825766259	1.8169158647643826	1.9623176460394842	1.9104826655771383	2.0997233482850666	2.055560598960514	2.0065511537490326	2.0289257574795974	1.8339870997302332	2.351526460921715	1.8339870997302334	1.373566004834624	2.343865638800943	2.3448097799254906	1.8345049046943753	1.8360984265561682	1.8339870997302337	1.8339870997302334	1.9255024443048638	1.8339870997302332	1.8339870997302337	1.8997510895127971	1.7848422731368412	1.8339870997302339	1.8339870997302334
m2	4.354742879833398	4.366843152374976	2.290764335122691	2.771612362331038	2.4425099385728903	4.91071739578467	3.5937445025977253	4.867755367309035	2.422480198573943	2.955412781041642	3.022152781081558	2.0753659752151914	1.0539035786404323	1.8345495669846967	2.747370593564233	1.5469731165582012	1.693357634064986	2.1611437333937804	2.197985203715959	3.0927405467276508	4.277669724043805	4.097622621745729	2.4485769828371313	1.9628537730180065	3.0964334849747837	2.747435440920616	2.6125850268399193	2.546272550659463	2.3864634312108013	3.3703746064816755	2.4359565696579875	2.80283411292456	2.9356701026379257	2.431484012351093	2.9025753982341542	2.142740484531648	2.947979400868862	2.6115015758321958	3.1594420191235537	3.4318488005225296	3.029411560617268	1.999958999474486	0.0	2.524481368572068	3.045013420792796	0.8114050985312047	2.9622748479364445	2.4990893626358686	2.6244978776009296	1.4026597741707811	2.6332955975002172	2.9117904650256836	3.0686281206298007	3.285405453678207	1.854063035783394	2.061071332994581	2.217481075257688	1.2719023191612493	3.136778132776453	2.6376463544037536	2.1393556620530716	2.78899384692293	2.9277335085565213	1.740081932356203	2.20627020620804	2.371283242302626	3.552745876831758	2.6915801962382875	1.9657772742728783	2.437719120667965	2.530823969308371	2.678262480991871	2.560710655963982	2.755892183087252	1.2652559334605125	2.6849193301609073	2.750004957609217	2.4857262800018267	2.22880427502607	1.8280145656388285	1.9713323896265698	2.228962154907434	2.411026961302283	2.097891972233825	2.6451321789190554	2.4205646609036986	2.1715771832267565	2.4643717981200175	2.953359375253256	2.335742920015762	2.422366247852078	2.595143816863407	2.455664931938387	3.091418573015967	2.254786248952269	2.6077311258050595	2.3585406112146754	2.6255687874753004	2.180599339996666	2.4345800548806706	2.740018741598483	2.4345800548806706	2.0333943376521577	2.10418245877805	2.753755084615371	2.3568994328969763	2.3745474344215953	2.4345800548806706	2.4345800548806706	2.3470490231973593	2.4345800548806706	2.4345800548806706	1.8970828539436333	2.421179290498984	2.4345800548806706	2.4345800548806706
s401622	5.167672189576261	4.300051655833364	2.5475807343572296	4.798948289936955	2.1374118581311685	4.696997443450268	1.5218218777543298	2.898163530448851	4.562689820925329	1.0701019544674464	4.345770536343538	1.8785045086786814	3.0829689209411044	3.456883748494131	1.9522682884207916	2.609134992361025	2.65748865966625	2.7325071138812422	3.3100029209061277	4.4335687562221615	3.1495131590321526	3.8428584397143153	2.614647813894502	3.0489085452507165	1.5538570843107127	1.7397090667082549	1.4074810102678443	1.7019630046693557	1.4170229572646083	3.1226069845114726	1.581556287739612	1.3906547626293944	2.192324941077503	0.9034561651040108	1.6564925719154808	0.589966492511389	2.307779810112399	3.5690146422566875	2.22746338006365	2.6563783796522955	3.860851575173735	2.662527289908718	2.524481368572068	0.0	0.86968736096517	1.9963916659439525	2.454244424194449	2.2696021521969474	2.661293952028884	2.123087531158329	0.6582327881902215	1.9310311510317164	0.6916091452062755	0.8312712630107204	1.3192177283452184	1.6682401592656657	2.167976943644828	3.1274177492784663	1.902205447292246	0.9829859637373799	2.210634990410759	2.341638746622053	2.1167270451127242	2.4755026661381576	0.8105103968973107	2.231972811030818	1.4685445938830277	0.9423070320166463	1.2983428658223164	1.4870904720800164	1.4808153701248163	0.42674963880142025	0.8569576160406774	1.4152691950882919	1.8114757225590858	1.2887260140841243	1.4501002727313594	0.08071033989028085	2.005272355228823	1.1948262581660685	2.0144510954894783	2.3426709319443537	1.7308440129586387	1.4474399819141024	1.9279616851645325	1.5453414306131872	2.158393295554733	1.4766681744960897	1.5815857584773287	1.5477454937701673	1.8641306730828398	2.0377533194017325	1.5432063301786658	2.2565558222452418	0.8188382716028316	1.298240200177117	0.8595782927091729	1.3843330170463346	1.5570466966453318	1.5937784544708697	1.3972128208339625	1.5937784544708695	1.7635766228551186	0.6974714601831042	1.0291556375173494	1.6990521138093322	1.55580117483573	1.593778454470869	1.5937784544708695	1.2621975843001907	1.5937784544708697	1.593778454470869	1.2583410126079686	1.6612459359531895	1.593778454470869	1.5937784544708695
m28	5.0190980696591705	5.079348535917616	3.3823694874120247	4.939948173463264	2.4369101142808565	5.186808149273132	1.329906996216295	2.146716489245798	4.859007878745025	0.6361585296468364	4.639607537153823	1.7203311602040512	3.7710123783629115	3.8070307568935062	2.462741748077374	2.704733484630329	3.0306079620544444	2.646735519426923	3.7877864791096476	4.359216763437063	3.6919023610304658	4.3480964884876405	2.515881745658505	3.3628896020556938	1.08162819370624	2.3320295959859814	0.9766064200027778	1.5692469005201664	1.442613292579873	3.0926981110846996	1.5480446073947396	1.031502558642941	2.8175895258691437	1.070243783559733	1.4234001312104652	1.1392474074431904	2.181342187169083	3.569560136021079	1.9234530826353822	2.2361873399393324	4.104943375585304	3.1027980672324604	3.045013420792796	0.86968736096517	0.0	2.3811812270048245	1.9713528019463704	2.298030244877703	2.4761464203355965	2.6217549127833375	0.543471288520339	1.8712074807725498	0.3381292314982102	1.139181333143694	1.4743928862370994	1.758923945511133	2.2234966688372375	3.713285759285052	1.4959171537956926	1.075475250241909	2.210474618184675	1.9567950368454872	2.0274397229898113	2.9957049308126833	1.279352858716284	2.4045115165971613	2.02065609199407	1.1436216563240478	1.9771659072815568	1.4695781293697772	1.3120521909561693	1.0444080266878848	0.9438472711015018	1.62006452604227	2.062905705627247	0.8834527797953786	1.1647294944592979	0.8360110188813777	1.8563498220197971	1.635877521588779	2.2942141065711947	2.556366508449894	1.6886339290649839	1.732029960908175	2.1288563019530184	1.4744922702345287	2.1736384995004085	1.379342675273221	1.2628555858858082	1.5362489901235052	1.8972499976860309	1.8543259680322213	1.509601045006356	2.105463922130636	1.2559358246877705	1.1789400456941992	1.0506016412408903	1.3030819243011544	1.464054617188227	1.5357459697596552	1.082830919848377	1.535745969759655	1.9082831271437888	0.9502317823355227	0.8754231427270569	1.6240003660156248	1.5088805070016704	1.5357459697596545	1.535745969759655	1.2703430102728817	1.5357459697596552	1.5357459697596545	1.3939367720348796	1.6125000901777442	1.5357459697596547	1.535745969759655
m21	4.34384596566112	4.514642678550942	2.45824309293465	2.8676809375091943	2.388133464615079	5.206246034565305	3.1371050315931353	4.0846878160578	2.6157628350338764	2.3684895484213846	3.4258537198253998	1.424158462920823	1.7856725578334804	1.7710345043430815	2.724709134615266	1.297733202978363	1.9157813417600476	1.8219029328299738	2.64289754415475	3.0409188097850888	4.325884892761626	4.351567519708926	1.7304301570380733	2.217560491537919	2.3109152986756327	2.6917777906142124	1.8428742382523993	2.102527615541604	1.96719085382852	3.2563818193551883	2.0210791221039193	2.2365284259348033	2.99917515683652	1.7347613386228269	2.4405194452462693	1.6846469426525843	2.639985475745349	2.5866303206417007	2.7350114277677458	2.6365937681837064	3.294180355474353	2.2493295259347463	0.8114050985312047	1.9963916659439525	2.3811812270048245	0.0	2.2073473911068993	2.2777972611590926	2.269225357983085	1.5636150411017793	2.040906888454216	2.5854543213627608	2.4624044124878903	2.815720608650987	1.351400823895159	1.6920923656507125	1.973101030360585	1.9543265181822993	2.623763803807808	2.186314547559006	1.8321729831122888	2.22318888651593	2.6146395040835393	2.0256921800855223	1.816029446450604	2.25340374909032	3.227078676631665	2.2744388846249306	1.8526743171725473	2.014532249822845	2.0261084958014908	2.237231715660106	2.0701837460234396	2.454174322103032	0.8269244943966131	2.056399811518749	2.21706242896304	1.948273774634562	1.7253854813497687	1.519401565368991	1.8721674928278913	2.1743233749121775	2.015378106146054	1.8195713450852966	2.4675305388653923	1.9697702878667773	1.876603987391349	1.9918524102018142	2.445165270095595	1.9110552508017906	2.1126829128492277	2.1676786877323804	2.036289274965394	2.7655606823943253	1.8598167796588765	2.118961730509559	1.8795063047498959	2.1736181766562295	1.6399408460296385	2.0048090422388056	2.184773108193081	2.0048090422388056	1.7378088559261853	1.491642228762392	2.230643274283886	1.9183759798420832	1.9335150566363575	2.004809042238805	2.0048090422388056	1.8734188989821505	2.0048090422388056	2.004809042238805	1.3663858846696788	2.0087461163132505	2.0048090422388056	2.0048090422388056
m8	4.157641662607625	6.1774767404734385	4.3095172081810595	3.609924144313728	3.184219983337101	6.3699500144996515	2.9639515024657364	2.594197400762368	3.8560156612734815	2.026962818396075	4.5081932163739955	1.1447420112992763	3.984486673061499	3.166517656033646	3.7153371879406243	2.0117756317337068	3.1991495646779957	1.8183536638895834	4.114594815127788	3.0576306393811814	5.335175598707747	5.520891953857903	1.4214980725277413	3.3743133497930544	1.4771257080343505	3.7237916589713835	1.058200528899192	2.0277472381174126	2.1807686804997513	3.391510064029417	2.1405751200741743	1.8344736456262976	4.182256941046568	1.9672678022615913	2.200533391730051	2.3687531015583665	2.5611370557040023	2.879727062877888	2.2804669435818723	1.3301914112079212	4.182859775132726	3.5552750023568898	2.9622748479364445	2.454244424194449	1.9713528019463704	2.2073473911068993	0.0	2.5672059885476557	1.9771358167961068	3.058878421218029	2.0292163359627553	2.637708601722017	2.288989617554405	3.0677912625681154	1.891396649840629	2.1153298818447936	2.3557825230065688	3.8834686249071435	2.0295011659591444	2.394801108814393	2.0959039865085742	1.2844655164542318	2.614876494907792	3.512952902405381	2.4962129989960498	2.8567264027351977	3.8764021533849853	2.582433844074586	3.0951550488375204	2.156403391465678	1.895996379881729	2.7353498068111937	2.2624792952400035	2.8644672103463673	1.9821268371576322	1.5817828704161725	1.9096787640958675	2.387540162595293	1.5491551363554652	2.4664137877424244	2.7433632687533414	2.913388727795045	2.1273050421988082	2.5164657575737097	3.0035041360299615	2.019627108446358	2.1709983726023965	1.9915174684898211	2.0794652928698407	2.07808732534337	2.382336102189145	1.9522223763009072	2.151982645843322	2.636349128299067	2.491939853184949	2.085154303109838	2.2200997113703145	2.195283433140553	1.6423659112601896	2.0793366957752824	1.8407547262895685	2.0793366957752824	2.288520779949413	1.906738083289324	2.165031233115116	1.9638375731284223	2.0312853002783657	2.079336695775282	2.0793366957752824	2.0479128771233848	2.0793366957752824	2.079336695775282	1.8438683439124604	2.1041855524038406	2.0793366957752824	2.0793366957752824
s401964	3.016614770238773	5.939454639951264	3.8559242017545907	4.211773961209866	0.8640315331336406	3.9552043744995236	2.0504154578043816	4.141593712146944	4.470088036318249	1.7304773281429877	2.476527633043034	1.5620630540717255	3.2026600555155413	3.994715038598169	1.7706342755678213	1.6041860340953003	1.2821277908028137	1.3923481930304982	2.009735556482181	2.8785197978638912	3.5142059513153505	3.1624057694309378	3.2960004460382075	1.4014579381092396	2.953968709727064	2.0233239390677515	2.1969974272879487	0.7584765424351488	0.8806121161067058	1.0124431073775593	0.7510737961687483	1.3412609948904224	2.341813980173022	2.691906068101757	1.0261701199515283	1.734298497834164	0.5110693397372048	1.635417835389267	0.9210523765390257	3.651033509878951	1.875954257648957	1.4023833941046921	2.4990893626358686	2.2696021521969474	2.298030244877703	2.2777972611590926	2.5672059885476557	0.0	0.9582696632494484	1.4116180677555992	1.836286306770804	0.7443745756087248	2.3172577421117184	2.6944102461807558	1.19567789946034	0.7061060169766245	0.32658474193062925	2.474618511566963	1.2056436168964508	1.422423103206975	0.6092030432964703	1.4171673019759563	0.5968414015266096	1.5727417076719772	1.5301597971156338	0.4080233381549779	3.360238531606243	1.5433954353276604	1.7555248707010516	0.8355436639609063	1.0083991017910607	2.1499166148715694	1.4956831275899842	1.2628411001911488	1.4599647124707236	1.526561333233844	1.1899187842757173	2.201713698744404	1.0424748402085282	1.280562021752055	0.6769513418485712	0.5360775066218468	0.6180018883770423	0.913148198790813	0.818951355487757	0.8318382540505521	0.4956770505759316	0.9236317198622719	1.198504263027	0.7790958098501893	0.4154356236234299	0.672663903729543	0.7907058386342022	0.7014317785083942	1.5116058499217837	1.1306615473905026	1.4201587019965296	1.0282611349285489	1.0767791906046211	0.7653836642205447	1.2706841878960782	0.765383664220545	0.6075221091847032	1.8097639112408705	1.4860438382429635	0.7301715737641803	0.8028214608678238	0.7653836642205452	0.7653836642205449	1.057577035432076	0.7653836642205447	0.7653836642205452	1.255628587754604	0.690643833536196	0.765383664220545	0.7653836642205447
s401614	2.557107727143665	6.446961701659066	4.335850031184063	3.6808994619133655	1.8021303323017244	4.87422898160501	2.5964631345312585	3.9715581453646736	4.127614645038369	2.0038275364323357	2.744158834914387	1.2013613661197717	3.5217824258797936	3.7889866829455676	2.685304390434835	1.2386120514632497	1.7818237164339392	0.698169231678059	2.6126973906092585	2.1658471452672052	4.445791419463687	4.098338009300136	2.8731127245498915	1.7902952835236283	2.8250225871084034	2.892760218056017	2.025932775720927	1.0884988598891894	1.3833624567150153	1.5602453702723837	1.220526166508411	1.5299639438290844	3.2466533871831467	2.792083208440437	1.4200417087883606	2.1947958525257962	1.0683117719216322	1.2138485358359516	1.1247540961654499	3.2314594939951395	2.3143852796968787	2.1160385270482167	2.6244978776009296	2.661293952028884	2.4761464203355965	2.269225357983085	1.9771358167961068	0.9582696632494484	0.0	1.9930504029600524	2.1347893071597825	1.4514283937178298	2.620662231798879	3.202613618445595	1.4329277610693272	1.1178471998289286	0.839960870751369	2.874804341490576	1.3479330546130681	1.9565137231075813	0.6283920877004117	0.7843307953079408	1.2750730360092215	2.2613765174942104	2.091364551693783	1.3263024770256004	3.9697561295208788	2.137928249660725	2.4598412195716683	1.3180492799669206	1.2675784483862627	2.6767847141061796	1.958409224153203	2.0309505522313662	1.5046226636561462	1.5939816917836265	1.4307272143218275	2.5823171021413147	0.7218707292804805	1.838791583121877	1.4252785320555785	1.347344248971358	1.063574017032348	1.5988227688012504	1.741162395207513	1.1974610568511745	0.7034375733405261	1.268219183168982	1.496009046798213	1.201585634779519	1.1206431683494058	0.7279563899680126	1.2680844447968087	1.2693823927916763	2.077198436949577	1.5281955537347376	1.8795031928367403	1.5014773835624187	1.1163171738793811	1.1786634603378885	1.4728640678340288	1.1786634603378885	1.1549121486019325	2.0474396034323084	1.8831040352646875	1.011070216918177	1.1807783238650507	1.1786634603378885	1.1786634603378885	1.4585726481283372	1.1786634603378885	1.1786634603378885	1.4730081608301115	1.1215507734330716	1.1786634603378885	1.1786634603378885
s402122	3.810447116499522	4.787244620350639	2.666088671422474	3.788108073686308	1.079864708089168	3.6985486153785874	2.6435883985376036	4.697917250468453	3.7209385415615044	2.2826383347485972	2.3190461113652003	1.925284132862489	1.842015733650158	3.1793208958439614	1.5024395614108748	1.5763853600930902	0.6459721384345433	1.9074172413324688	1.2512094566852354	3.196823278755087	3.1961037499523557	2.859490907874848	3.158994488158792	1.0730764443092906	3.1413852305668497	1.6404922306074112	2.5089608135996735	1.682899431189476	1.4846767823932323	2.1515928354915226	1.5274094424893794	2.0891979050686915	1.8223257158333162	2.505125489395605	1.979301583292677	1.563715551286233	1.868234253941021	2.1457255540320466	2.206864567731654	3.8278098065628763	2.0071852303263253	0.7200804669269533	1.4026597741707811	2.123087531158329	2.6217549127833375	1.5636150411017793	3.058878421218029	1.4116180677555992	1.9930504029600524	0.0	2.088547733887927	1.7848035007935243	2.562386464193099	2.693228025305325	1.3015412856475375	1.2124719307696101	1.2571628124975587	1.2069415746465122	2.2937106465914905	1.7824730953313095	1.3871512345845014	2.346929792492371	1.808234343558868	0.49010501510267623	1.4354199437386834	1.1297837136618452	3.0404032776005554	1.8059680153779218	1.075274025547108	1.5338042269661902	1.7593187382777618	2.054338870970098	1.7986860408291534	1.6443002979615882	1.1296588056355736	2.1324094004922176	1.9806123378722191	2.0776887259375143	1.733941416885909	0.9948503479979603	0.7514410876974127	0.9921181135388317	1.5011765443173648	1.0504191742867024	1.3645785067272727	1.5807060330803018	1.3392743273240966	1.6461135667439808	2.102194721981223	1.4709870497859596	1.377484440129033	1.7826433403229551	1.545298578812338	1.9850026964003566	1.4664016654910226	1.7786778063803532	1.6213054883195006	1.7262039629823651	1.6120304169920743	1.5568679465534285	2.0160609052173495	1.5568679465534285	1.0775926173667876	1.765155143506745	1.9854713964502617	1.5441332748515866	1.5309489511473215	1.5568679465534285	1.5568679465534285	1.5521080748854779	1.5568679465534285	1.5568679465534285	1.376710181307565	1.525808876394225	1.5568679465534285	1.5568679465534285
m9	4.66793319147835	4.942815452067257	3.1100849275658646	4.674076510635345	1.9168045667711402	4.74237338121041	1.2183615620396953	2.6738413355407498	4.602519473332809	0.4501397310528518	4.123477240494053	1.459237673000618	3.3412472317089743	3.6165651596070116	1.9878975201205489	2.320414038261746	2.5016498094598485	2.3038302024329136	3.2453673991675958	4.039988663373179	3.37446275900209	3.890216897159869	2.5301125683560053	2.8432948137734493	1.423181572816943	1.8889543824752095	1.0336685755023394	1.160062505656491	0.9583785708842003	2.6750827030229947	1.0911925496930523	0.7482385866480551	2.3767008243108507	1.1226722015190513	1.0789321529974993	0.6509028130977799	1.7901424320231138	3.160272231765313	1.6300393749837276	2.4974941292996733	3.594180821104301	2.5604256648321186	2.6332955975002172	0.6582327881902215	0.543471288520339	2.040906888454216	2.0292163359627553	1.836286306770804	2.1347893071597825	2.088547733887927	0.0	1.45964342496197	0.5365307088233354	1.1448367583676564	1.0015112182712258	1.2733736683328096	1.755170962944451	3.2044815319374855	1.2687792395562743	0.5987965039131573	1.7760607754847744	1.7574807152312448	1.623019143404	2.454004097159385	0.7549273131881614	1.9000036388069197	1.9819402789466745	0.6923164438788306	1.478796122346324	1.0030429841594921	0.9124889478966686	0.7517636060965689	0.4362241684450063	1.1620232916536788	1.632840208949951	0.6540652240703961	0.8314723718352709	0.5914461583905927	1.5105848901060805	1.0989730704967025	1.7655003331242618	2.042610104143316	1.241131066293548	1.1953454873912535	1.6369479242187495	1.0320385039572824	1.7262500288715028	0.944633255642237	0.9689783239562662	1.0712049813276658	1.4256268611246776	1.4844826900644004	1.051368596578243	1.734868193506135	0.7302248646673349	0.746865343944866	0.5101743374352598	0.8636889621883633	1.0695833272573456	1.089322884809784	0.7663886160513247	1.0893228848097838	1.4066966174748905	0.5561491706677476	0.467962442022319	1.1934564892637127	1.0577908295841032	1.0893228848097836	1.0893228848097838	0.784331509254748	1.089322884809784	1.0893228848097836	0.9294112162678336	1.165024468295914	1.0893228848097836	1.0893228848097838
s401954	3.6029644967125574	5.8425286499218165	3.8636495644180333	4.813678528406365	0.9672985881933871	3.872915625446912	1.3373714209955232	3.7110926280710195	4.99207662658997	1.2469093568620726	3.1186870925828325	1.774032649516145	3.569962480955143	4.343402298198599	1.535659162549294	2.1794207865018147	1.8598142928223482	1.9565021873344595	2.497270751571552	3.550129064920747	3.1269563935257834	3.077428165403509	3.4581184627066106	2.056256013933074	2.7246850663112934	1.7337715146100605	2.068269847445944	0.6375719757825216	0.6735075972420992	1.2464797810017416	0.608985912689816	0.9717023606988775	2.1174572179666504	2.5059315420139794	0.5244827927044216	1.503798078667034	0.49354258395242245	2.3530430385428533	0.657419143555445	3.598845931632143	2.4430141072765577	1.830235352980258	2.9117904650256836	1.9310311510317164	1.8712074807725498	2.5854543213627608	2.637708601722017	0.7443745756087248	1.4514283937178298	1.7848035007935243	1.45964342496197	0.0	1.8368721155162333	2.1625898838315796	1.2798033569765974	0.9183718127333302	0.9487754382201686	2.961117282734531	0.8045513408759537	0.9563035415566475	1.1727064045198765	1.5826793642855632	0.23345952228288355	1.9415712095599966	1.272438978342067	0.8504047833178334	2.878167949101791	1.0513961159906058	1.659488982148192	0.6268123338073484	0.7983341517545377	1.72975657406136	1.085457913354007	0.7452039941778223	1.8172462620771952	1.2560799449729885	0.8318544173105067	1.87261579580634	1.3342658991732423	1.2688012046012775	1.0787924207152562	1.0793360267891063	0.6338737587724341	0.8827596560559178	0.6057353706168265	0.7093957654965287	1.0584342215953313	0.7336230822394633	0.7174103690557291	0.7162624383547631	0.5345809364186274	0.8242960308669577	0.6004209478590976	0.3746648164765227	1.2309544517004605	0.7534239806821672	1.1102726262437068	0.6192386871973962	1.1533549037868782	0.6497360889761472	0.9275588569449021	0.6497360889761475	0.9038991236499982	1.650783257981116	1.0132125653664283	0.7840709093000942	0.7228150730998603	0.6497360889761478	0.6497360889761475	0.8487868433060552	0.6497360889761472	0.6497360889761478	1.3015657987544689	0.6358694714903006	0.6497360889761475	0.6497360889761473
s19501	5.148990472764891	4.891517763863547	3.2275405570276674	5.122288875670221	2.3376570908278023	4.944917900295796	1.1406344765931669	2.3507172927452693	4.999325755064145	0.6801053610267107	4.628719604804481	1.927089037897745	3.717909154123904	3.9258440319506627	2.2437059610441588	2.841433414144285	3.006199472729151	2.8140362065635705	3.708406040601597	4.545705884355852	3.3803013602970005	4.11306196753262	2.7629986730869036	3.35630949499936	1.356068788492821	2.082169087191015	1.2709789072443751	1.6316260603270358	1.4460684675847906	3.080823617761709	1.5756393262245598	1.135989413652681	2.5607360354722974	1.1610930961190138	1.4514349503405684	1.030445406734891	2.206545810152442	3.6834071721391703	1.994464424803697	2.5334921252352878	4.074974130696863	3.02268180223423	3.0686281206298007	0.6916091452062755	0.3381292314982102	2.4624044124878903	2.288989617554405	2.3172577421117184	2.620662231798879	2.562386464193099	0.5365307088233354	1.8368721155162333	0.0	0.8079912362073244	1.5348865142647634	1.798696393568328	2.267348680824764	3.661361387095326	1.591879459294849	0.966033957934207	2.298794086768419	2.1761713545288015	2.0207519445954616	2.9040762881559887	1.150773123305714	2.372584813811841	1.706458639874152	0.9740311911071899	1.8051072278819185	1.485140325934343	1.3882841264220498	0.774974606010114	0.8594155010335952	1.465265832266866	2.1449949871099943	1.0585995437500784	1.2454896694265076	0.6783080037243512	2.013278084628211	1.5690761357040368	2.2608369942784843	2.5302245879180862	1.7319358278060426	1.6727344265401705	2.0279855023780406	1.5247255358633645	2.245953687649319	1.4314726897813033	1.3164370223062019	1.5734844997596662	1.9051936275472425	1.9561367054339571	1.5313896776285791	2.1122960404165623	1.1255190616850244	1.1965611556360383	0.9887313104253572	1.300388481227886	1.5876111874243375	1.57727921726828	1.1805121956670594	1.5772792172682797	1.9253535460842375	0.9905778268499481	0.8425734633930626	1.6959604577370844	1.5568874324031854	1.5772792172682797	1.5772792172682797	1.2916189817886932	1.57727921726828	1.5772792172682797	1.461595421504532	1.6544647000983281	1.5772792172682795	1.5772792172682797
m27	5.667323119225171	4.403565126145182	2.9183982592371303	5.625551030567538	2.4481074073595663	4.569360964858797	1.222693774302714	2.8675403162414566	5.3843130726755595	1.3251802288148664	4.836350634181694	2.58441829238576	3.7252767034259544	4.249540777020993	2.020882756969075	3.3522434444517573	3.2124819989379	3.403354528071359	3.7614933033136055	5.13590275858832	2.7732230683925994	3.769110424578558	3.360584018387787	3.5959393625728096	2.0119800168419872	1.7541318138840478	2.022026369734334	2.1402689282147587	1.8680589087132893	3.372657580220779	2.0275580960919117	1.7634094071879387	2.1694123035629294	1.5726102628213743	1.935653769348242	1.2486045457067996	2.6166752744867328	4.171679972131414	2.504089786013588	3.1988199553167354	4.2670304969623585	3.107543105875095	3.285405453678207	0.8312712630107204	1.139181333143694	2.815720608650987	3.0677912625681154	2.6944102461807558	3.202613618445595	2.693228025305325	1.1448367583676564	2.1625898838315796	0.8079912362073244	0.0	2.001097438918047	2.230947308410267	2.6829499761046187	3.730570501040848	2.1694884620697636	1.283609761893059	2.7870321327828336	2.8804261146622485	2.384056306682045	2.9502695136192956	1.3209596637534131	2.635414799258523	0.9282839305508089	1.1531951126575213	1.7079141552587733	1.9264597616873753	1.940057311444041	0.6524915084753372	1.2506627349063415	1.5593027718413017	2.5726405719889023	1.7624438583403779	1.8283524520192416	0.8857670449940839	2.6217866713232163	1.7863907646860067	2.5091700133560315	2.7881062110215242	2.1945248486394635	1.9242073185412147	2.1743504964355314	2.018237767810277	2.7114235398208035	1.9396754827168963	1.8579859607722697	2.036542898629183	2.2896287815121474	2.50406952916794	1.9791090353662997	2.497709294548177	1.3048177103640455	1.6888794396786806	1.3641684324182084	1.7446473202513872	2.1687540482123366	2.0522990978838647	1.7923120862832822	2.0522990978838647	2.3054476479447383	1.4674885109661835	1.3399153165550164	2.2056895314002873	2.04131215563917	2.052299097883864	2.052299097883864	1.7600662934048872	2.0522990978838647	2.052299097883864	1.9460812748628826	2.12221794392869	2.052299097883864	2.052299097883864
s62150	3.8923204163596608	5.073209881484497	3.0170046536075827	3.8392173668270977	1.4262789971381973	4.545071518219607	1.8990608710682484	3.4352458593270434	3.8591058986143785	1.17328651559131	3.239104171352438	0.8467127378905746	2.6783581930144407	3.087284478151356	1.879527746484099	1.3641289632406437	1.6192849701440875	1.4452620646334107	2.4620378345808867	3.148646764837478	3.592203064329298	3.6806083402261973	2.296817538367836	1.9392923373435516	1.9391244601738706	1.9144568470620307	1.2400123923367987	0.7881764847112002	0.6283567156732526	2.19551368700895	0.6912923882283002	0.9509736729070735	2.337548630382043	1.5380217766240727	1.0918814719213603	0.8236644589059803	1.4089805379832674	2.255937291840683	1.449932066090915	2.6829080644295162	2.806530130970519	1.819886428183932	1.854063035783394	1.3192177283452184	1.4743928862370994	1.351400823895159	1.891396649840629	1.19567789946034	1.4329277610693272	1.3015412856475375	1.0015112182712258	1.2798033569765974	1.5348865142647634	2.001097438918047	0.0	0.48960033466605757	0.9748827071761228	2.380398550392506	1.3162731298374735	0.9543385546989612	0.9332349037216573	1.334041084770261	1.3371988077761958	1.7328581376171726	0.8144622059724559	1.25653325076132	2.671079185211775	1.1018177293287459	1.2654406189597587	0.6726422757515932	0.6937637132357592	1.398417837485014	0.8711722696230889	1.2454405033185176	0.6905170214972329	0.883147167705695	0.8976715756870073	1.2433560474109575	0.7974596400161934	0.5955484289938896	1.0101146017370393	1.3108623904507082	0.7280860987213637	0.6852969372880292	1.322209757014602	0.6336836054284134	0.9096064897371733	0.6463305456347881	1.1102950904112368	0.5841878583911722	0.8848540234392676	0.9750943008381062	0.698764616394808	1.4854328560571475	0.8241326785750931	0.7799466384119594	0.6940909368928224	0.8267104463985467	0.43628614334616583	0.6758802315416216	0.886500717436031	0.6758802315416212	0.6234507501210939	0.6991452005282937	0.975526936795289	0.6384428145480773	0.6032316770797119	0.675880231541621	0.6758802315416214	0.5294575939177657	0.6758802315416216	0.6758802315416211	0.08589804032717728	0.6982230593428996	0.6758802315416211	0.6758802315416215
s401996	3.513676748063	5.411109279541042	3.3330282829190523	3.956116794152458	1.0752431442075636	4.2704066350999685	1.8687824354378024	3.6933750337980844	4.081061233402739	1.2989542046203029	2.89298317556124	1.0404498326787393	2.844970917244715	3.4397229746198086	1.7355335052724277	1.348054845996594	1.3704999575524617	1.300769732716162	2.2108926740622503	2.9874611750629567	3.507848958339955	3.4249890647512746	2.688750461018144	1.6382708112325055	2.3338809325534373	1.8658774341410587	1.5937501616327863	0.5054032221392912	0.44936336046976233	1.7085074383836547	0.4066198495093015	0.9601189623014215	2.2608289238582735	2.0038141241814946	0.8862392401119191	1.1316457773653088	0.9653542347138462	1.9409735241718824	1.1142077644238146	3.0611851976573146	2.3979089072297297	1.5536962230078628	2.061071332994581	1.6682401592656657	1.758923945511133	1.6920923656507125	2.1153298818447936	0.7061060169766245	1.1178471998289286	1.2124719307696101	1.2733736683328096	0.9183718127333302	1.798696393568328	2.230947308410267	0.48960033466605757	0.0	0.5107571828902799	2.3476625548520147	1.1269308583898712	1.0067059632960502	0.5695633391534086	1.2383708945052636	0.9233409540571943	1.561538873958024	0.9991418119268527	0.8081848280026095	2.9105615738518154	1.1566929965491846	1.3616933552706791	0.4522969239308495	0.5942034273170818	1.6405020247081652	1.0060124397509937	1.1019933151787968	0.9016372839640743	1.0330520735421662	0.8407922184406035	1.5951351224339223	0.6923183050767651	0.7291114414503923	0.6658848401414884	0.8866787685843277	0.35024499356286415	0.5189709113062918	0.9772490484454603	0.41607458595010216	0.49632477793572477	0.49824466626162617	0.9830330185751062	0.32059385276114605	0.4308829642373354	0.6342915071752365	0.44286517410002135	1.074915339603797	0.9921613687564598	0.7300361204120073	0.8713665897025914	0.6975120003244675	0.4926344170521502	0.4027304243854285	0.8812833498041708	0.40273042438542844	0.18626835448622922	1.1318597717575478	1.0556305356380506	0.33636390564273116	0.3628215242535491	0.40273042438542844	0.4027304243854285	0.524303162847639	0.4027304243854285	0.40273042438542844	0.551407419284713	0.36890217078492754	0.40273042438542844	0.4027304243854285
s19507	3.040612598369411	5.7908030209682	3.684512024243903	3.9121409889431367	0.9945517679996518	4.150667516155052	2.1664696787003397	4.075729806862361	4.153302461690188	1.7092886040532294	2.478924458636919	1.298890165918735	2.9778890232332356	3.675625662532937	1.8700839659776323	1.2914938120227835	1.1592853181358267	1.1354902957387705	1.9847496375334177	2.691470834560871	3.6568691625288663	3.3397662297794724	3.0064094033896507	1.312594411001497	2.785527534222463	2.0868672920930043	2.013092019451282	0.7322676248049594	0.8378948517596648	1.3074713629855703	0.7179348501287861	1.3108779659178322	2.4193657740063146	2.5042617565988987	1.1006792914258707	1.620140968685703	0.7642434524291636	1.5188821993419803	1.0701323431773455	3.4280959559935393	1.9623373192774929	1.3821525724058032	2.217481075257688	2.167976943644828	2.2234966688372375	1.973101030360585	2.3557825230065688	0.32658474193062925	0.839960870751369	1.2571628124975587	1.755170962944451	0.9487754382201686	2.267348680824764	2.6829499761046187	0.9748827071761228	0.5107571828902799	0.0	2.3026011746453254	1.274407037025584	1.4202631768622955	0.32088791062151173	1.280121941171143	0.8389283610797869	1.502249384856153	1.45377415148356	0.5474077539361298	3.3466202335411546	1.5571727510312812	1.6851636285387022	0.8044073497163154	0.9472486299463183	2.1039100372308024	1.4572402888287157	1.3608162302327107	1.1511815473933664	1.433769287848752	1.1709601924558366	2.0965332577387787	0.8076511011089945	1.1437629909051874	0.5953396009544932	0.581227558657153	0.5688679021491572	0.8492706543884118	0.9935553881520501	0.7656747007492112	0.20217025993028984	0.8645577331514052	1.2432121781942003	0.6975578135745217	0.46090195235061676	0.6245030330545328	0.7655996520605497	0.9545829565955388	1.44432592932175	1.1117483979955165	1.346979868593897	1.0394235584036005	0.8786026170755388	0.7168078590573863	1.2343429354867812	0.7168078590573866	0.4228569727036786	1.641237055110522	1.4718271925540454	0.6190069756011309	0.7238721061457749	0.7168078590573866	0.7168078590573865	0.9762010176173767	0.7168078590573863	0.7168078590573866	1.0427666626718395	0.64222964248471	0.7168078590573865	0.7168078590573864
s19505	4.10500092358369	4.686834384393291	2.6735482739623304	3.429527468746228	2.161610998117267	3.955625811648715	3.8304520173617296	5.740016941118027	3.2298087123743824	3.44885639977201	2.1182214409813525	2.8147961842395226	1.1265899497111955	2.992636283743174	2.44990545474514	2.084014725420895	1.2358577887843727	2.5842131543273505	1.15736589238578	3.307710437353506	3.83845435428481	3.231668361946714	3.652272863655677	1.3953433210225616	4.059168142342879	2.5614523142434713	3.4759315101320616	2.839403613894735	2.673196677184891	3.046394938352394	2.7036099270978102	3.254915457070519	2.559959077975362	3.354955912731324	3.1693469970877706	2.634413922978826	2.9720747409611015	2.5383367582164293	3.34050062880855	4.561084873896009	2.221849911391491	1.3397431992569053	1.2719023191612493	3.1274177492784663	3.713285759285052	1.9543265181822993	3.8834686249071435	2.474618511566963	2.874804341490576	1.2069415746465122	3.2044815319374855	2.961117282734531	3.661361387095326	3.730570501040848	2.380398550392506	2.3476625548520147	2.3026011746453254	0.0	3.4597194512240153	2.9665696261049543	2.3626039467988136	3.3136760826975085	2.954686887734194	1.1310971972897983	2.563252876022557	2.2045651907383044	3.8995797008673887	2.979032594152053	2.062169300959652	2.7186485467583728	2.91971905921374	3.1095308621057307	2.9657282872415265	2.830174144057062	1.9360584768155313	3.257201728616559	3.1526980617231795	3.092717571019176	2.7147333743781057	2.1385972729126728	1.8905209785129766	2.005813799225557	2.6561874542208117	2.2548598391142707	2.515822514342694	2.745572796953714	2.35486232449813	2.814753184240757	3.2894029691304776	2.637971021160678	2.535139936749789	2.872695322723439	2.7266684122580416	3.117217550003346	2.603401002865791	2.9656497076970436	2.778075013473573	2.922067509508656	2.690026420915848	2.725120444164256	3.1810665803614993	2.7251204441642565	2.2227210785646476	2.790170735011098	3.1656236666999638	2.679022174776634	2.6936053493723127	2.7251204441642565	2.7251204441642565	2.725759896702012	2.725120444164256	2.7251204441642565	2.4518387031459974	2.68856593901277	2.7251204441642565	2.725120444164256
s62164	3.695649876368054	6.110433503616271	4.162160138398378	4.745939537303827	1.715428875830169	4.659529826488917	1.3501714812996655	3.036733472260867	4.978758221219977	0.9139623370968664	3.668653397032625	1.4652787313408635	3.944309875606805	4.2837373589726155	2.2291836283726054	2.199453053679795	2.3902132700768757	1.858167430563041	3.1558116787519435	3.4934081710335545	3.7506061960627	3.867314960426491	3.067088805095345	2.5747753271515923	2.214190774453039	2.342011845604897	1.5742414249451782	0.6231480023853458	0.8618108862971063	1.765952092372493	0.7720176281353174	0.5396714552848885	2.783367056957033	2.2636269073168034	0.3919050263479866	1.6214344528936013	0.8641556736802444	2.5093039544100013	0.45443354542544534	3.013454013965889	3.0484094806704225	2.489290046756134	3.136778132776453	1.902205447292246	1.4959171537956926	2.623763803807808	2.0295011659591444	1.2056436168964508	1.3479330546130681	2.2937106465914905	1.2687792395562743	0.8045513408759537	1.591879459294849	2.1694884620697636	1.3162731298374735	1.1269308583898712	1.274407037025584	3.4597194512240153	0.0	1.0768276301248998	1.3068172542270173	1.0847727957386117	0.8173671534132564	2.565231812631279	1.505914285651568	1.4860777922495014	3.033273375936808	1.2498316196875614	2.1236955732003144	0.7886849055054526	0.6272487553713043	1.8302866141566017	1.1130395749350153	1.2626383783891129	1.9002790311555364	0.7977125771490068	0.4876698932570513	1.8352596617208883	1.13274335775225	1.589521552381215	1.6256782183020666	1.6786265243211675	0.8040116131334788	1.3275387031362076	1.3743487309251246	0.741538955578061	1.2521949256932796	0.7025110254203356	0.3406673894174367	0.8427505423479825	0.9670291582020166	0.7221553341452805	0.7619150229492275	0.7871146677003236	1.4617536191863136	0.6972160322192561	1.185415576991455	0.6937161583431379	0.9911890569707372	0.7463303744087831	0.5433050724338215	0.7463303744087831	1.2372272136574312	1.5502716649070798	0.8944155758786628	0.8039891662900114	0.7892728935260841	0.7463303744087831	0.7463303744087831	0.8916561778859616	0.7463303744087831	0.7463303744087831	1.2978493056840543	0.7730391570222102	0.7463303744087832	0.7463303744087831
s402112	4.384639047645664	5.073018161826235	3.180654223359401	4.79311608878833	1.380607296272762	4.187655050932141	0.9679977743569784	3.154368097837059	4.7720406925907755	0.609945410780745	3.7112702734022367	1.615018665735603	3.2745484485116827	3.8880458208820388	1.4733172342873027	2.2808760207116605	2.1493125757845895	2.2354005305365177	2.8263080313582374	3.9631676754386347	2.958221768120817	3.342142502169523	2.971111647802385	2.4790195972897577	2.0119975554930734	1.4471319856726854	1.5155815802447556	0.87899624664312	0.5962587025391264	2.178191436246687	0.750790004511566	0.7096073298250575	1.9319301687525727	1.6546700439167206	0.7445919091496379	0.6736696683410356	1.3677517163715696	2.921843934077968	1.3193129014892386	3.0428008277040366	3.1248010447032097	2.127322405428569	2.6376463544037536	0.9829859637373799	1.075475250241909	2.186314547559006	2.394801108814393	1.422423103206975	1.9565137231075813	1.7824730953313095	0.5987965039131573	0.9563035415566475	0.966033957934207	1.283609761893059	0.9543385546989612	1.0067059632960502	1.4202631768622955	2.9665696261049543	1.0768276301248998	0.0	1.5421000184216391	1.7828186661649945	1.1547284907055517	2.067482973132881	0.5205300699094796	1.426496299781969	2.0455930248625256	0.20677319854456813	1.1881403111123496	0.6501764201059415	0.7273392230193435	0.8036207017136867	0.1784944819792313	0.5673205684617754	1.6241063675422107	0.8453470961851044	0.6857061293131712	0.9291471977548306	1.459973722753151	0.850004254755259	1.357222171782126	1.596457553691312	0.9180625911173811	0.7779295723486045	1.0665430957278286	0.7603002699368313	1.4561966029481916	0.6933943433705134	0.7374431601035725	0.7743023441824523	1.0127143464938255	1.250456626602183	0.7014767225020194	1.2897016130369163	0.46595948955772887	0.45823093718656666	0.31217397307258	0.4795519778655095	1.034100860510466	0.78236516539741	0.693989502781841	0.7823651653974099	1.0820438730737418	0.884249844586197	0.3010863077008589	0.9529927265127872	0.7824718644340903	0.7823651653974099	0.78236516539741	0.5344925037632375	0.78236516539741	0.7823651653974099	0.9236302634181798	0.8482136383229801	0.7823651653974099	0.78236516539741
s401646	2.9666306260182314	5.855785582146135	3.7395112010303397	3.662229643202335	1.3031826103257866	4.461640545080709	2.32176435297353	3.977232919784344	3.9399224500172307	1.7428622837008287	2.5767844707590846	1.049157967449998	2.982873837439912	3.485532784368929	2.147663783157163	1.0378288022218456	1.2852474445015825	0.8302528977052004	2.1616102999880846	2.45902170517286	3.9416790682577822	3.64907900571094	2.756581139994768	1.4156277729809528	2.6545790949949635	2.3371706908938625	1.8616021258315132	0.7898457139071636	0.9499684048337772	1.5317881846555554	0.8236700444926303	1.3180805644158493	2.6853626101815844	2.429473068711255	1.2019081984797824	1.686057576117833	0.9506456017800154	1.3926591509101443	1.1471030238244937	3.205446191590805	2.1305504867938163	1.597492765361898	2.1393556620530716	2.210634990410759	2.210474618184675	1.8321729831122888	2.0959039865085742	0.6092030432964703	0.6283920877004117	1.3871512345845014	1.7760607754847744	1.1727064045198765	2.298794086768419	2.7870321327828336	0.9332349037216573	0.5695633391534086	0.32088791062151173	2.3626039467988136	1.3068172542270173	1.5421000184216391	0.0	1.051434003631474	1.0581196813372984	1.6906286789987752	1.5672075665949057	0.8647624818261964	3.4801156333146492	1.701921719369955	1.8533175455277489	0.912447380966004	0.9669468067588172	2.2065603769082602	1.5453430671627615	1.5856969556175635	1.0133619219322438	1.3826030681460184	1.1977778805784218	2.13483090980034	0.5587313003044324	1.251344106758022	0.8384858941225934	0.8658147570253228	0.6692439304707557	1.0329739023974958	1.2915684110278636	0.8234679901805542	0.12777599104064002	0.9146340193961773	1.307330230944621	0.7752198772090136	0.6846399241839055	0.5925385213721331	0.8742959979047279	1.147616100937803	1.5614913365492737	1.1873948317282708	1.4258346882531021	1.1489341737052146	0.7700485883429452	0.7981600455775985	1.243483918922051	0.7981600455775987	0.5677527507774176	1.6149105184542878	1.5456349859985474	0.6361248220767903	0.7840282682112222	0.7981600455775986	0.7981600455775986	1.0378046196504007	0.7981600455775985	0.7981600455775986	0.9956771496294756	0.7332195332593184	0.7981600455775986	0.7981600455775986
s401618	3.183702470274842	6.34421179662565	4.308181115707844	3.821154390531062	2.181865624415068	5.342098276677001	2.3610286090302184	3.222163513484626	4.195595537000782	1.5995307968127659	3.498442883401505	0.8313950698300505	3.7585706774447334	3.6752485975665357	2.9010987276636655	1.505239635092838	2.326660546823099	1.038418287151818	3.2121742006743985	2.583431306578349	4.604140899724663	4.532913439590761	2.3993812711943616	2.4357331544093617	2.1625536240632974	3.0245353116103915	1.4020446463879113	1.0454919082859175	1.3463799837507617	2.1268525315436455	1.2192063736269898	1.1657761239182636	3.4498196170133713	2.3255983049344056	1.2809472594280302	2.0137755227076672	1.362179530383192	1.9257948438315902	1.133095364982936	2.541256744323582	3.0603269117411815	2.639034150677851	2.78899384692293	2.341638746622053	1.9567950368454872	2.22318888651593	1.2844655164542318	1.4171673019759563	0.7843307953079408	2.346929792492371	1.7574807152312448	1.5826793642855632	2.1761713545288015	2.8804261146622485	1.334041084770261	1.2383708945052636	1.280121941171143	3.3136760826975085	1.0847727957386117	1.7828186661649945	1.051434003631474	0.0	1.4846770082515062	2.706183985754194	1.9884661083402604	1.7802824388364547	3.724171824475413	1.9883877667257017	2.541668172104034	1.2832121149626023	1.0701571846224542	2.4373683084348543	1.733608396866195	2.0573795642258474	1.5639441162615981	1.12424322758681	1.1430097493792082	2.2620648687961027	0.6217881814337264	1.871528746394373	1.8081051271328823	1.859072710877693	1.1360151207066795	1.718731911316585	2.0038271598089517	1.1307047095794112	1.1125421043956252	1.1449601283317108	1.2476487538234216	1.1906034688782667	1.3427362940983743	0.8045981573343064	1.2484572355558128	1.4735955239021128	1.9697439578107976	1.3379325980913517	1.6919348381367143	1.3798089102293971	0.9150685887657622	1.1561794338354296	1.1382279182416015	1.1561794338354294	1.3765063458544118	1.7338549179419709	1.6020353599174244	1.007542104682548	1.139659332367831	1.1561794338354292	1.1561794338354294	1.3237340069238706	1.1561794338354296	1.1561794338354292	1.327787398476129	1.145939487582094	1.1561794338354292	1.1561794338354294
m6	3.3728833137036696	6.015817812031319	4.008696975751922	4.7198120838948	1.0047502104948314	3.933068515064162	1.5461060431822158	3.812451114356374	4.950181857672205	1.4024685970170054	2.9822117315736594	1.7489023888886088	3.611834820635826	4.361358199209314	1.691642861880872	2.089735456909598	1.8046694522554514	1.821138079554745	2.4562476002437568	3.368909789349764	3.3036696313356684	3.150974878333744	3.475735567130584	1.958731123372259	2.8268356803572496	1.9162262162819497	2.1350914456437327	0.6458945849547862	0.7777055073717615	1.0659475489759032	0.6655978611056649	1.0666326115508369	2.2793290993887116	2.640678790117275	0.6250067074508487	1.6699166351121153	0.2626179458373963	2.1617995151007574	0.5452745550678295	3.6425787189147547	2.307346637887206	1.8120641212528572	2.9277335085565213	2.1167270451127242	2.0274397229898113	2.6146395040835393	2.614876494907792	0.5968414015266096	1.2750730360092215	1.808234343558868	1.623019143404	0.23345952228288355	2.0207519445954616	2.384056306682045	1.3371988077761958	0.9233409540571943	0.8389283610797869	2.954686887734194	0.8173671534132564	1.1547284907055517	1.0581196813372984	1.4846770082515062	0.0	1.957114430206136	1.4471346281928372	0.7861393997446535	3.105917398421913	1.2655983515408435	1.8129445768477477	0.7158299745694221	0.8602518753479186	1.9387462987078887	1.2681789781492017	0.9663100058598876	1.8181095234126619	1.3398112901092118	0.9209085035716622	2.0544989558810287	1.263382287277783	1.385599274553952	1.069115655672371	1.0063343672098777	0.6305614376299937	0.9885033300738046	0.7092107134341242	0.7583219747508987	0.9484830321981313	0.8023045158663324	0.8163467794375895	0.764169157340004	0.5096185642144175	0.7202048241235852	0.6742458460008954	0.19169754115153176	1.4094357801768858	0.8871205911970798	1.2758019890355952	0.7624874721670886	1.1645102052508622	0.6926328555945793	1.0179663649972923	0.6926328555945797	0.8996732737756011	1.7792365331821345	1.1867371556688981	0.7758641560342838	0.7659152309686109	0.69263285559458	0.6926328555945797	0.9584483092440613	0.6926328555945793	0.69263285559458	1.3665333423293755	0.6569713850498183	0.6926328555945798	0.6926328555945794
m14	3.8181085744998473	4.895323172726901	2.829832593048978	4.076543541360401	1.0556267151329048	3.272457508798006	2.8312647515805875	5.0996233615302335	4.021655110812312	2.613530497866633	2.055707957555071	2.3710200193753965	1.954116756330663	3.5639342199834143	1.4128462255813174	1.9523734697829276	0.6369189096686801	2.242240377690085	0.8396677643311039	3.397410567913103	3.0006004323988966	2.4578325907469525	3.645934385745128	0.9829434948070924	3.5925376756248895	1.6145964276692015	2.9604487083150985	1.9824309599482635	1.792728024152746	2.098729287158941	1.8259187097766816	2.4237062841312995	1.6732023645318825	2.943993072968346	2.2381470943756283	1.9250120470899672	2.018735913265441	2.268424850345159	2.4196654563183864	4.3114741620974755	1.7310610602533278	0.3662203405413579	1.740081932356203	2.4755026661381576	2.9957049308126833	2.0256921800855223	3.512952902405381	1.5727417076719772	2.2613765174942104	0.49010501510267623	2.454004097159385	1.9415712095599966	2.9040762881559887	2.9502695136192956	1.7328581376171726	1.561538873958024	1.502249384856153	1.1310971972897983	2.565231812631279	2.067482973132881	1.6906286789987752	2.706183985754194	1.957114430206136	0.0	1.7554986239269321	1.2162328229652875	3.2229383960321534	2.062793191163911	1.2807844390248584	1.835784057580148	2.0932901442678267	2.341229035018945	2.1174953117306003	1.8030430296777296	1.6071788739938355	2.5116900176676533	2.3020678252483155	2.4369083751930214	2.1148251190451406	1.365561884278227	0.9584499691744065	1.0606999205633973	1.7947916776203332	1.339848531238945	1.429809429827105	1.9023066453732773	1.6280309454693962	1.9720024799768896	2.3853718483753634	1.7927673965825814	1.6131066114457213	2.0725804438807223	1.8425236558348397	2.125094217515121	1.7803975261050382	2.0909926222860995	1.962410643413161	2.0141012256001645	2.010552225932796	1.8646941370765422	2.3511669265420703	1.8646941370765424	1.397628960581657	2.189605280880141	2.2987445436011655	1.8716053200693594	1.8549835655273366	1.8646941370765424	1.8646941370765422	1.8949559426189613	1.864694137076542	1.8646941370765424	1.808539920146721	1.8266636595610837	1.8646941370765424	1.8646941370765422
s138530	4.4934274462731105	4.631977455577294	2.684027789005536	4.541226951057779	1.3324073377930679	4.106693404072658	1.4029553640128232	3.423882777256726	4.423790354917961	1.014971099254591	3.571620804391126	1.6101673637234155	2.7836942897999823	3.510161215671398	1.3284419463612727	2.126782185024591	1.9167503820768461	2.2279416590749292	2.568924673423978	3.920528323543096	2.8720152686907205	3.2388390738268886	2.8216575490442555	2.2970051229288155	2.0635979857138596	1.246019377310525	1.5885317523057896	1.1254589183632762	0.7735813739255667	2.3753132687344842	0.9493785124191835	1.0917716585466697	1.7146300802101082	1.4870563944154433	1.1620223344400344	0.28447081017490594	1.6406982698424242	2.909538311143095	1.6953959099664877	3.056584049366028	3.0577653447792055	1.8948308866114927	2.20627020620804	0.8105103968973107	1.279352858716284	1.816029446450604	2.4962129989960498	1.5301597971156338	2.091364551693783	1.4354199437386834	0.7549273131881614	1.272438978342067	1.150773123305714	1.3209596637534131	0.8144622059724559	0.9991418119268527	1.45377415148356	2.563252876022557	1.505914285651568	0.5205300699094796	1.5672075665949057	1.9884661083402604	1.4471346281928372	1.7554986239269321	0.0	1.437811312335272	1.9168593568477816	0.5023805817290018	0.7399759677568474	0.8595113007174237	0.9938409943188461	0.6834964131711582	0.48534219910094273	0.7690321197289869	1.3638439942365352	1.1215070201078927	1.0601923439500343	0.7609875194906638	1.5357710240939177	0.4731586229339285	1.2269971948768978	1.547155233128763	1.0875892928352011	0.6549378013877041	1.1552977823401769	0.9603970145651185	1.4902552005834924	0.9269767791262563	1.1808061372861525	0.9206992795883486	1.1459306925893091	1.466998172400543	0.9158015215876804	1.6160924364706009	0.05598644229987426	0.8121362973667215	0.3583608219571929	0.8319743092647461	1.1036990436037217	0.9828617527124242	1.0569250912946255	0.982861752712424	1.0424572927031264	0.7036020692231019	0.7468320976602503	1.1066820025817623	0.9543629280771492	0.9828617527124239	0.9828617527124242	0.6973347908029168	0.9828617527124243	0.9828617527124239	0.7971228086265068	1.032176133742559	0.9828617527124239	0.9828617527124242
s401616	3.220019236111861	5.683973372613539	3.6101854696520124	4.297436359686763	0.4876414266713888	3.604882789790019	2.076866335778301	4.362897175258976	4.478513626391689	1.8563664068261443	2.322071143095576	1.7888619749682226	2.9651616432325474	3.9853758378027164	1.4395613232106266	1.7293409118577774	1.036126501876202	1.6519178696440682	1.6829020322613835	3.083479220119097	3.197692891201644	2.7972808429158853	3.453705692295627	1.213621180737916	3.1119580964464775	1.7184101179816866	2.386826475308306	0.9941672585610145	0.9679879437905844	1.087153362204647	0.9041360861618113	1.5397422034084118	1.9927153977148577	2.73375824235165	1.2213395865155705	1.6700716156502944	0.8079115989539886	1.803313997316575	1.2438357267892455	3.8652400791475734	1.7086692636608287	1.0419325970014273	2.371283242302626	2.231972811030818	2.4045115165971613	2.25340374909032	2.8567264027351977	0.4080233381549779	1.3263024770256004	1.1297837136618452	1.9000036388069197	0.8504047833178334	2.372584813811841	2.635414799258523	1.25653325076132	0.8081848280026095	0.5474077539361298	2.2045651907383044	1.4860777922495014	1.426496299781969	0.8647624818261964	1.7802824388364547	0.7861393997446535	1.2162328229652875	1.437811312335272	0.0	3.2098807188194782	1.5008792542149436	1.498063673220814	0.9569560293873373	1.2043919897424251	2.070764500594541	1.516491011171292	1.1532585956270631	1.4831127778024933	1.723632699224946	1.3892250690113852	2.171919517667263	1.326533423382651	1.1529367583960104	0.41787609404842574	0.23261375631598288	0.8229471990607977	0.7918874201466125	0.6039428553578676	1.007288921773238	0.7483902858741034	1.0931505142025397	1.4024873706758263	0.9251502617172127	0.564483093627393	1.022462293832596	0.9316870033584281	0.9325799463451401	1.4261045185206687	1.2545499023320925	1.4243773017907386	1.1404187504397467	1.275542396489265	0.9411439523948875	1.4679823146329576	0.9411439523948879	0.6426104362794781	1.8411135293555276	1.5677943528803682	0.9543993011055788	0.9713390427960714	0.9411439523948881	0.9411439523948878	1.150644047585873	0.9411439523948875	0.941143952394888	1.3251283936741143	0.8790448170995042	0.9411439523948879	0.9411439523948876
m18	6.372558938633368	3.69858115354125	2.5412474026525005	6.092300991687826	2.918503846589835	4.454024609833102	1.9917322123737615	3.5638538095212855	5.695560092053902	2.223137263041922	5.225068721945123	3.3334103932443235	3.74377319989021	4.497877201785988	2.227773710120114	3.9619480138572616	3.624020231799543	4.115168886369861	4.009546262558022	5.807801001594258	2.435133166274567	3.7093872215456507	3.9277985125907042	4.032113785278457	2.721107417138737	1.8666308947359043	2.8183542212776804	2.9188338446194764	2.600462366805044	4.001091569054796	2.77235722156127	2.6283903430889946	2.1214172166931657	2.1174283941936407	2.75250915439992	1.8491117564119919	3.351893070177736	4.819305006066135	3.321161161856777	3.85620173798795	4.696224387723825	3.436781991052129	3.552745876831758	1.4685445938830277	2.02065609199407	3.227078676631665	3.8764021533849853	3.360238531606243	3.9697561295208788	3.0404032776005554	1.9819402789466745	2.878167949101791	1.706458639874152	0.9282839305508089	2.671079185211775	2.9105615738518154	3.3466202335411546	3.8995797008673887	3.033273375936808	2.0455930248625256	3.4801156333146492	3.724171824475413	3.105917398421913	3.2229383960321534	1.9168593568477816	3.2098807188194782	0.0	1.875395794526593	1.9711950161409186	2.671672687052046	2.743200934091628	1.3018943923048487	2.0301623809724263	2.1721035424575894	3.1335151263754044	2.626733786875192	2.6722777392213457	1.5435753431993338	3.3860895283377657	2.315737544267605	3.0392808520930483	3.3316385280047927	2.9330203310732452	2.5140529274603773	2.7302175499576347	2.7811357112682	3.398903317912176	2.7176072540687155	2.7076680900140486	2.774170098971446	2.97998819247663	3.288144635696608	2.726795610941375	3.2395478130740445	1.9190720624844668	2.4897881958565793	2.0940247544991313	2.524972690247502	2.9300385966603946	2.8068184579805893	2.644998147738086	2.8068184579805897	2.9482551992902843	2.149823560443889	2.179524907063419	2.9603079990911696	2.7934968223254932	2.8068184579805893	2.8068184579805897	2.5127860430684983	2.8068184579805893	2.8068184579805893	2.62931650661391	2.8681863647843753	2.8068184579805897	2.8068184579805897
s9450	4.53359893412103	4.951814245160231	3.0921349646092073	4.932070990142356	1.3864967006271176	4.06325895847162	0.9057820570745343	3.232162574534974	4.875863183211051	0.7428938839267897	3.7691907462712493	1.8021706792389696	3.269800120648761	3.9681522193376084	1.3435917439114309	2.4329874128462046	2.204304798858657	2.413951158897678	2.8308553068248257	4.133927643069088	2.7676280627573355	3.219331031238574	3.1083889704189316	2.546744640627131	2.114211150403518	1.2842766452617735	1.6714387222489728	1.0620100113981905	0.7623387591681813	2.256420827487905	0.9206130954032695	0.9070901413123912	1.772588038853782	1.7029875711557392	0.9094835930800772	0.6754271818931687	1.4957240206574993	3.0695305038780956	1.4755931124016655	3.1781273746598435	3.175338439399101	2.136865596546187	2.6915801962382875	0.9423070320166463	1.1436216563240478	2.2744388846249306	2.582433844074586	1.5433954353276604	2.137928249660725	1.8059680153779218	0.6923164438788306	1.0513961159906058	0.9740311911071899	1.1531951126575213	1.1018177293287459	1.1566929965491846	1.5571727510312812	2.979032594152053	1.2498316196875614	0.20677319854456813	1.701921719369955	1.9883877667257017	1.2655983515408435	2.062793191163911	0.5023805817290018	1.5008792542149436	1.875395794526593	0.0	1.1016679525973267	0.8212948815974355	0.9282904686536665	0.6815383518891825	0.3233458057588354	0.5060060023720268	1.747612297842943	1.0391193328613573	0.8856995280282545	0.9021463268143931	1.6522397214990776	0.8909042871447638	1.426249988300788	1.6694640348216376	1.0847723123941135	0.8457016109349212	1.0793146142567527	0.9446599264301775	1.6101419407443047	0.8855593462104916	0.9133346670579447	0.9470940046935424	1.1443711011366424	1.4335615129068027	0.872118651386083	1.4045685005708664	0.4482335248214938	0.6584168477380734	0.43673233178989235	0.6606494648448379	1.2252987179899362	0.9593381785960298	0.8959798341583028	0.9593381785960298	1.2097868245568377	0.9780402243870842	0.47288494405942755	1.134458904024219	0.9626528706283429	0.9593381785960297	0.9593381785960298	0.7204906666963427	0.9593381785960298	0.9593381785960297	1.0749305280189163	1.0196102154109001	0.9593381785960298	0.9593381785960298
m4	4.635579169265008	4.229061471125602	2.23636658959626	4.563506544385463	1.2258925106902585	3.6212177186909513	1.9231947944693752	4.118553268235096	4.349081363943564	1.7455798866533028	3.2888357201486147	2.098952041626573	2.2900537288944514	3.48623807748857	0.9577047320703017	2.284331457450745	1.6602494752369699	2.520806199332537	2.105945325071044	4.075530884036517	2.491769468316908	2.7486353974367073	3.210229676733462	2.0757283300222062	2.6858457001047853	0.8426835141743493	2.2382068395977797	1.650124336714309	1.302834682500425	2.506921928885066	1.4493709726076531	1.7849059002116174	1.1926168256788365	1.952475455885168	1.747372182093366	0.8690992194464536	1.9990579235572892	3.0131136546230652	2.2027227552974065	3.623696779485065	2.8351772470583523	1.509940768152586	1.9657772742728783	1.2983428658223164	1.9771659072815568	1.8526743171725473	3.0951550488375204	1.7555248707010516	2.4598412195716683	1.075274025547108	1.478796122346324	1.659488982148192	1.8051072278819185	1.7079141552587733	1.2654406189597587	1.3616933552706791	1.6851636285387022	2.062169300959652	2.1236955732003144	1.1881403111123496	1.8533175455277489	2.541668172104034	1.8129445768477477	1.2807844390248584	0.7399759677568474	1.498063673220814	1.9711950161409186	1.1016679525973267	0.0	1.3863039685665608	1.6039563233683116	1.1222986677591076	1.2081721730245876	1.0955249373042757	1.5304256141527834	1.832552233196864	1.7218657442201561	1.2814723220928774	1.9950798380776507	0.6777735887315506	1.2108085305034897	1.5322524165298579	1.5400706548310061	0.9018354743592261	1.257355866820677	1.4984209953069476	1.7705970379043445	1.5043636900608461	1.8206572437994315	1.4186739465405918	1.4833137059463575	1.939293961564916	1.4305485175781807	2.0016505022338853	0.7764141428613237	1.4589158522758698	1.0842500132314337	1.4313548352104577	1.6400875090236329	1.495250292515152	1.7381182705164755	1.4952502925151518	1.3075312363919953	1.2976143853328015	1.4599821958626988	1.5945551055407363	1.4732905931103264	1.4952502925151518	1.4952502925151518	1.3049930892267263	1.4952502925151518	1.4952502925151518	1.288628725506785	1.513857532882944	1.4952502925151518	1.4952502925151518
s12614	3.744298854788064	5.464359501952046	3.45322271241827	4.366774766831647	1.125102677175536	4.235055843698696	1.430591925946367	3.4137807822018598	4.477886616369266	0.9242246101489562	3.218843479623365	1.2297023379117435	3.1807364313752737	3.757475400175858	1.6435088863256972	1.7684337155309255	1.736478001726623	1.640960301193637	2.5085078781704975	3.3489393355878545	3.328390371899162	3.3952361742331365	2.8530085539770926	2.004366524398486	2.2057623630026555	1.7489286424095152	1.5179679468663843	0.27620340042169933	0.08819481210832447	1.7093284802513127	0.10165459514386899	0.6067130420848669	2.1857624354951763	1.9400560418567414	0.4718844430752568	1.0231118244177928	0.8480177285927465	2.2858741303885295	0.8754025966837591	3.053767245888123	2.6491448629971193	1.8207538843746094	2.437719120667965	1.4870904720800164	1.4695781293697772	2.014532249822845	2.156403391465678	0.8355436639609063	1.3180492799669206	1.5338042269661902	1.0030429841594921	0.6268123338073484	1.485140325934343	1.9264597616873753	0.6726422757515932	0.4522969239308495	0.8044073497163154	2.7186485467583728	0.7886849055054526	0.6501764201059415	0.912447380966004	1.2832121149626023	0.7158299745694221	1.835784057580148	0.8595113007174237	0.9569560293873373	2.671672687052046	0.8212948815974355	1.3863039685665608	0.0	0.2942253009625789	1.4017753696530786	0.6861891814294694	0.7957454447791447	1.2826714260376424	0.7836538115700543	0.47062824709766915	1.4166947065988706	0.9043932282355972	0.8190250952459855	0.9400836930444187	1.1203844600953023	0.26837517330263916	0.5509472006481981	0.8622892481774702	0.15541174443154782	0.8248400606405665	0.17325220107403588	0.5707626112334332	0.15183986526316992	0.4279878326534119	0.6302833291140436	0.057728296199689	0.8614196918304764	0.8283682219711683	0.3156852552425744	0.6318903803025313	0.24953175308215095	0.582626274539563	0.14192110518602974	0.5337246779739468	0.14192110518602977	0.5483269724337678	1.0687370648646468	0.668779055252173	0.3262947230355735	0.16394097352426465	0.14192110518602977	0.14192110518602974	0.24839778378926217	0.14192110518602977	0.1419211051860297	0.6831832330390057	0.1988548794744706	0.14192110518602974	0.14192110518602974
s402120	3.768079725189789	5.57320999728422	3.5786712083858996	4.328600206832092	1.4139909912282131	4.518544679800079	1.448061669303133	3.167172934148312	4.463026727131297	0.7813029607895974	3.416534430420613	1.062488395880875	3.333351493276515	3.7255226545044824	1.9167801986916826	1.7664425892002653	1.952668061290562	1.5872656447875224	2.761356592447345	3.315369761053762	3.5637432933867856	3.681784295213574	2.679400510458485	2.204861021349204	1.9889790605310944	1.9971401217734628	1.2836644359074396	0.2630648101847073	0.341774545222293	1.8669290241581327	0.3057536156046428	0.372490524095483	2.448495628804776	1.8310086137690456	0.43319494961513155	1.0921186342886697	0.9492796910417848	2.3352243599909035	0.8284458299963483	2.8112783990753627	2.863263321673379	2.082884977282983	2.530823969308371	1.4808153701248163	1.3120521909561693	2.0261084958014908	1.895996379881729	1.0083991017910607	1.2675784483862627	1.7593187382777618	0.9124889478966686	0.7983341517545377	1.3882841264220498	1.940057311444041	0.6937637132357592	0.5942034273170818	0.9472486299463183	2.91971905921374	0.6272487553713043	0.7273392230193435	0.9669468067588172	1.0701571846224542	0.8602518753479186	2.0932901442678267	0.9938409943188461	1.2043919897424251	2.743200934091628	0.9282904686536665	1.6039563233683116	0.2942253009625789	0.0	1.456816571808835	0.7130487380252398	1.0152633954089654	1.3179528696622382	0.5262345070265547	0.2513219613454794	1.4059346754629918	0.7873281441416876	1.0034264540459432	1.1891732696839699	1.35885568425694	0.39836044694369555	0.8149281250165791	1.1430009105106358	0.20361881771263354	0.9096242738179231	0.12575523139367548	0.4371204421777857	0.30709394380462823	0.6460550882054881	0.5759972420913491	0.2929324467447451	0.9595802759022499	0.9622282801345544	0.2803584976877302	0.6881522079907766	0.3265258898794913	0.45333942133024446	0.2636351469023194	0.2935605506847825	0.26363514690231904	0.7438047841265477	1.0152546743502764	0.6171221637214999	0.33709560251623893	0.2508567271680702	0.2636351469023189	0.26363514690231915	0.30508504245284024	0.2636351469023194	0.2636351469023189	0.6772668315614934	0.32994849230894124	0.26363514690231904	0.26363514690231926
m17	5.128656039409318	4.374933766354262	2.633822694507232	5.0477840614973815	1.9060795238288535	4.322898698229401	1.2346425371264054	3.1077503774198996	4.839025372066337	1.0521991142169933	4.228059324355434	2.069935870789979	3.1665312995658415	3.7811259663553014	1.6077655311052468	2.7388073847789878	2.5778394391466173	2.830841437730033	3.163872743310184	4.546316743766769	2.7562907011348554	3.479066512676067	3.0011637795470936	2.966877893996592	1.915872363785676	1.3850244201792543	1.7044960690691568	1.6437815853758522	1.3297400237438322	2.916513957618938	1.5024189660609046	1.3809924716792115	1.8467150981075426	1.329265802847227	1.537246918167015	0.6112529919895382	2.1595408748897356	3.574406097420074	2.117623218184218	3.0419146767518663	3.6942734852422237	2.5064040300875488	2.678262480991871	0.42674963880142025	1.0444080266878848	2.237231715660106	2.7353498068111937	2.1499166148715694	2.6767847141061796	2.054338870970098	0.7517636060965689	1.72975657406136	0.774974606010114	0.6524915084753372	1.398417837485014	1.6405020247081652	2.1039100372308024	3.1095308621057307	1.8302866141566017	0.8036207017136867	2.2065603769082602	2.4373683084348543	1.9387462987078887	2.341229035018945	0.6834964131711582	2.070764500594541	1.3018943923048487	0.6815383518891825	1.1222986677591076	1.4017753696530786	1.456816571808835	0.0	0.7502518956640627	1.114713915338205	1.947601638214865	1.375875076426171	1.413729737731283	0.4462015040305823	2.0856967628964624	1.13897546129566	1.8971505220350868	2.201157356704816	1.6623943841310278	1.317983227217532	1.6760802361543354	1.4971758502743395	2.1325864510984807	1.4322783910357852	1.4930266756657402	1.493495827330645	1.747877146518173	2.0066914732912307	1.4584228728839101	2.0812257533211067	0.6764762761104233	1.221016187816037	0.7973193050372086	1.2717495215390455	1.629464751552742	1.5300297058056194	1.384919489741571	1.530029705805619	1.7052652169950566	0.9348048284635868	0.9396634287156405	1.671982355025235	1.5092045827853546	1.530029705805619	1.530029705805619	1.2208814093406122	1.5300297058056194	1.530029705805619	1.3527908235812007	1.5945439780482134	1.530029705805619	1.530029705805619
m23	4.42831555410468	5.007474648678282	3.113305752473027	4.695162123616288	1.497148724906765	4.337207272923154	1.0683196723902961	3.0480345000021263	4.658388400089404	0.5402053947669636	3.7778523787771165	1.5075040981628505	3.2245161876208774	3.7501204845764944	1.5990971225384254	2.2208757127140735	2.1856218350783463	2.193794448172131	2.8913463072354024	3.929756239365042	3.0806502524097596	3.4861937619564203	2.8050981841752214	2.5227930914877312	1.8456840056090433	1.5509924854561405	1.3552393079657268	0.9043219631580929	0.6287614510979908	2.3005118983814308	0.7863484164158459	0.6729359866509032	2.03790989667644	1.4819990366281175	0.8140553588816759	0.5663135897403558	1.4629412572431948	2.93543345347806	1.3893583764958675	2.8752217266542814	3.215871273608673	2.19606898354079	2.560710655963982	0.8569576160406774	0.9438472711015018	2.0701837460234396	2.2624792952400035	1.4956831275899842	1.958409224153203	1.7986860408291534	0.4362241684450063	1.085457913354007	0.8594155010335952	1.2506627349063415	0.8711722696230889	1.0060124397509937	1.4572402888287157	2.9657282872415265	1.1130395749350153	0.1784944819792313	1.5453430671627615	1.733608396866195	1.2681789781492017	2.1174953117306003	0.48534219910094273	1.516491011171292	2.0301623809724263	0.3233458057588354	1.2081721730245876	0.6861891814294694	0.7130487380252398	0.7502518956640627	0.0	0.7357606016038785	1.5433399450605965	0.7430943192763179	0.6759378751058784	0.7956894024621075	1.410205572162345	0.8283922597289481	1.412038806584717	1.672824545449581	0.9510441044093338	0.8263825550531309	1.2061085582978848	0.7698210620012668	1.4708940836909106	0.6951684126085504	0.7760155396318168	0.7880513496435638	1.0805246705382	1.2679599205493688	0.7400711694424317	1.4012173369906111	0.4385642248594317	0.47157435304811457	0.2033915949308992	0.537472947228265	0.966343180307207	0.8066182936661258	0.6604951918645695	0.8066182936661255	1.1031690932194256	0.7167778574240976	0.26548225901126843	0.9554259951134966	0.791255282264827	0.8066182936661255	0.8066182936661256	0.5111878337298353	0.8066182936661259	0.8066182936661255	0.827650039238483	0.8775322512560143	0.8066182936661255	0.8066182936661257
m35	4.260149703973992	5.1744142397136805	3.2764863495145553	5.002690938936769	0.967570971980484	3.64110447034272	1.0318309136806625	3.6556490156891135	5.0046908504382746	1.1150807463972705	3.409412020336441	1.9777139621578022	3.2811070471544053	4.202218258404047	1.007696549686282	2.431410345178836	1.9530386631219414	2.3818461239790785	2.502198925808261	4.040409718775584	2.5543659428328884	2.804760747636531	3.4504414745328713	2.262391487211236	2.579100000662324	1.08304528018602	2.0550511999993284	1.0222038800225626	0.7545938145849796	1.8419199343809114	0.8658387194410117	1.1103778468833594	1.530332590940663	2.1695477644612615	0.8808417208252297	1.035153728783747	1.218870246206234	2.8663713924805294	1.332087458281596	3.594767529569977	2.7689658077515333	1.8133780004813664	2.755892183087252	1.4152691950882919	1.62006452604227	2.454174322103032	2.8644672103463673	1.2628411001911488	2.0309505522313662	1.6443002979615882	1.1620232916536788	0.7452039941778223	1.465265832266866	1.5593027718413017	1.2454405033185176	1.1019933151787968	1.3608162302327107	2.830174144057062	1.2626383783891129	0.5673205684617754	1.5856969556175635	2.0573795642258474	0.9663100058598876	1.8030430296777296	0.7690321197289869	1.1532585956270631	2.1721035424575894	0.5060060023720268	1.0955249373042757	0.7957454447791447	1.0152633954089654	1.114713915338205	0.7357606016038785	0.0	1.8313231034026416	1.3273429866953477	1.023913153111653	1.3769544974549794	1.6936225295633818	0.9495869963238578	1.172541067436809	1.341287641657798	0.9933630659844718	0.7180003733434825	0.6258917809583907	0.9498079609944678	1.471222744934057	0.9325367393852352	0.9834856343128181	0.9257623831524955	0.9325586869630333	1.355691971464083	0.8272913198638164	1.1180861685568992	0.7254664443125429	0.7913731059639887	0.7760853799036703	0.6997332628760584	1.3417696323217956	0.9252048752561024	1.0792682268803582	0.9252048752561026	1.0845374878425398	1.367921776659582	0.8162485329029866	1.109790926127842	0.9572932600845497	0.9252048752561027	0.9252048752561025	0.8420845945829545	0.9252048752561024	0.9252048752561026	1.2520155705515525	0.9546551359725248	0.9252048752561026	0.9252048752561025
s401620	3.7271846517422347	5.022263272072802	2.9061863577978526	3.1946860297547808	1.7013894076001268	4.744712349141192	2.581635555086846	3.905733135312709	3.205088935093182	1.847795551912337	2.9538471028216313	0.902132342060217	2.204067603097722	2.5510374677362098	2.2348701261735426	0.8421342999650311	1.3792321296737915	1.2047347991308435	2.245236691092648	2.7208064216683305	3.9773799173422373	3.8890479823102004	2.0854809318476035	1.6726289536624934	2.2694995070445825	2.289384593978052	1.5898359439865064	1.3367954515924927	1.2509056701568468	2.4478133352865945	1.2669428895772572	1.6012378412628585	2.6367324103355716	1.8153322396037026	1.716481708104786	1.3366450744840803	1.823169971895852	1.9825683151820208	1.9470703213622422	2.767404009569047	2.6837574879196087	1.7297146706483177	1.2652559334605125	1.8114757225590858	2.062905705627247	0.8269244943966131	1.9821268371576322	1.4599647124707236	1.5046226636561462	1.1296588056355736	1.632840208949951	1.8172462620771952	2.1449949871099943	2.5726405719889023	0.6905170214972329	0.9016372839640743	1.1511815473933664	1.9360584768155313	1.9002790311555364	1.6241063675422107	1.0133619219322438	1.5639441162615981	1.8181095234126619	1.6071788739938355	1.3638439942365352	1.4831127778024933	3.1335151263754044	1.747612297842943	1.5304256141527834	1.2826714260376424	1.3179528696622382	1.947601638214865	1.5433399450605965	1.8313231034026416	0.0	1.4953771635664743	1.5443197535723812	1.7438854727688249	0.983304288079429	0.9877424850127973	1.1469149203146314	1.4247674915537494	1.2303155775761325	1.1451731894741797	1.7526652059856878	1.2254062228842135	1.0511284520187423	1.2695248039559233	1.7538654417039583	1.158209953093741	1.3167302975859199	1.3697027147024845	1.292207830052754	1.9621477624262151	1.3923967278348905	1.4540783839015887	1.3519340013021555	1.4830942702824423	0.9280493233651183	1.2486312318517565	1.5354652360002194	1.2486312318517563	0.9455159250534166	1.18485573423409	1.6651909765978103	1.1404897548575388	1.1826383090227255	1.248631231851756	1.2486312318517563	1.201729234030705	1.2486312318517563	1.248631231851756	0.7407731234601621	1.237291270697422	1.2486312318517563	1.2486312318517563
s401974	4.136482007079917	5.5089919987876055	3.591619888683968	4.3999110208662495	1.900280679814181	4.942661785141744	1.4447977761754505	2.664013439596293	4.489042741338055	0.5215991023047089	3.9035362451527664	1.0283297837269105	3.524066236248726	3.6461199244449367	2.2627125618050443	1.985483146627349	2.3955402558517185	1.822779608283103	3.2233588151672214	3.5457136353777114	3.8022694040642016	4.099809338087088	2.3928336653467053	2.666768839376407	1.4899203030590886	2.2668750407829057	0.8348141468153545	0.774884573331649	0.7947175225603689	2.3625252879601346	0.8228076305409779	0.31424575543462624	2.7454847171614203	1.479099354791094	0.7695156565639495	1.0984074585702903	1.4269369689050122	2.714128947472242	1.173821716437888	2.362386443932629	3.377473000372536	2.5461923596177756	2.6849193301609073	1.2887260140841243	0.8834527797953786	2.056399811518749	1.5817828704161725	1.526561333233844	1.5939816917836265	2.1324094004922176	0.6540652240703961	1.2560799449729885	1.0585995437500784	1.7624438583403779	0.883147167705695	1.0330520735421662	1.433769287848752	3.257201728616559	0.7977125771490068	0.8453470961851044	1.3826030681460184	1.12424322758681	1.3398112901092118	2.5116900176676533	1.1215070201078927	1.723632699224946	2.626733786875192	1.0391193328613573	1.832552233196864	0.7836538115700543	0.5262345070265547	1.375875076426171	0.7430943192763179	1.3273429866953477	1.4953771635664743	0.0	0.4294203108206322	1.2143926822767808	1.0106868637241073	1.261223398789918	1.662034004590876	1.8681365970345534	0.9178626864598146	1.2168488094863301	1.6140653759566794	0.7172099837184195	1.3567260185475016	0.6319086539810534	0.6247622652456211	0.8027023392233748	1.1707598802862245	0.9949681219810607	0.8016759838954981	1.4085362073611598	1.0928246265002488	0.5675877627413066	0.7710043426453864	0.6999712290714495	0.6672058700471536	0.784918159166606	0.3336528249430547	0.7849181591666056	1.205759827918222	0.8525586373495596	0.5918754757113592	0.8177761275561712	0.7547414662390226	0.7849181591666055	0.7849181591666058	0.6409916226634861	0.784918159166606	0.7849181591666055	0.8191038186459674	0.8516991714006542	0.7849181591666056	0.7849181591666059
m20	3.915315689603807	5.638227060664858	3.688190019626933	4.536193984334213	1.5640966653136794	4.590664782383369	1.2648293236541268	2.9763075279966333	4.667091399160864	0.5901428622398837	3.6345758337685163	1.2113119242220662	3.5428930935138436	3.8929982411372643	1.9898677028154592	1.9976116845190814	2.1880341136077863	1.7893161378823568	2.9766307329476045	3.509529889802653	3.5601303021076487	3.7617677468076485	2.758046290151864	2.439135694532271	1.9107904890938678	2.050323935797726	1.2579625033640542	0.4441659303076144	0.511172241609365	1.9632017274072662	0.5033292717651847	0.15414628891523108	2.514408799457992	1.8237830357665352	0.34311876472117564	1.146746447425149	1.0316342304187636	2.5431566319428702	0.8100654920731726	2.7829369196702234	3.0567023409632776	2.2908123835143086	2.750004957609217	1.4501002727313594	1.1647294944592979	2.21706242896304	1.9096787640958675	1.1899187842757173	1.4307272143218275	1.9806123378722191	0.8314723718352709	0.8318544173105067	1.2454896694265076	1.8283524520192416	0.8976715756870073	0.8407922184406035	1.1709601924558366	3.1526980617231795	0.4876698932570513	0.6857061293131712	1.1977778805784218	1.1430097493792082	0.9209085035716622	2.3020678252483155	1.0601923439500343	1.3892250690113852	2.6722777392213457	0.8856995280282545	1.7218657442201561	0.47062824709766915	0.2513219613454794	1.413729737731283	0.6759378751058784	1.023913153111653	1.5443197535723812	0.4294203108206322	0.0	1.3790147657293295	0.9805640925821661	1.1682327951594562	1.4060376624680155	1.5627479015804893	0.6106625508539122	0.9899361093612978	1.2461273152191161	0.4339833297593114	1.1403921440761395	0.3465180057343503	0.24028895803793732	0.5368527842180706	0.8316348813271944	0.7323509832747853	0.4757102152902072	0.9912736734381783	1.0203412799963263	0.2688378969213577	0.7216545259183306	0.34817489023728654	0.6615289247364214	0.47746944548352727	0.09753044707158345	0.4774694454835271	0.9812804807238189	1.067674480160959	0.4938747637075172	0.5748181786565775	0.4860542237110376	0.477469445483527	0.4774694454835271	0.45603579462004507	0.47746944548352727	0.47746944548352693	0.8654551781815346	0.5435198485177548	0.47746944548352704	0.4774694454835272
s402116	5.091321996228983	4.357359990565887	2.5816379358127057	4.741103333762483	2.0907573117939693	4.696441130783686	1.5068398615060499	2.8898054595994265	4.520633456752486	1.013564446196511	4.290110697289592	1.7999684698366034	3.0659927719524576	3.42871298082159	1.9409299849937072	2.5365163854229227	2.603184616042732	2.6537575120517625	3.2693856013655442	4.356812799403949	3.1795896212938897	3.8397393415054615	2.569395264212715	2.991277596766554	1.5258392045590405	1.742437184525736	1.3441384431518622	1.6285202101889549	1.3472729552713807	3.062625220254626	1.510232583098157	1.3202135571471965	2.2003039958442536	0.8893259001249648	1.5915002728849217	0.5335435421143656	2.2414751737421983	3.4940763043122973	2.159591673738837	2.6209433642746904	3.805623990544812	2.6184859003224443	2.4857262800018267	0.08071033989028085	0.8360110188813777	1.948273774634562	2.387540162595293	2.201713698744404	2.5823171021413147	2.0776887259375143	0.5914461583905927	1.87261579580634	0.6783080037243512	0.8857670449940839	1.2433560474109575	1.5951351224339223	2.0965332577387787	3.092717571019176	1.8352596617208883	0.9291471977548306	2.13483090980034	2.2620648687961027	2.0544989558810287	2.4369083751930214	0.7609875194906638	2.171919517667263	1.5435753431993338	0.9021463268143931	1.2814723220928774	1.4166947065988706	1.4059346754629918	0.4462015040305823	0.7956894024621075	1.3769544974549794	1.7438854727688249	1.2143926822767808	1.3790147657293295	0.0	1.9249598699472092	1.1391950728746116	1.9552042851810378	2.2825826282234907	1.6582318418678814	1.3883122015564098	1.8799385366410835	1.4714836111103002	2.08384735674073	1.4028292301129368	1.516266705509116	1.47459975399691	1.7962546577338956	1.96162835717226	1.472515514939182	2.1940419827270863	0.7687101376823531	1.2290954880944616	0.7921539263816285	1.3177782153721498	1.4770593742811724	1.521037233970371	1.32532271774579	1.5210372339703708	1.6939906931301374	0.6206792459731066	0.9682444914981793	1.6233444798615897	1.4818482598211131	1.5210372339703706	1.5210372339703708	1.1889913064080035	1.521037233970371	1.5210372339703706	1.1813156535486404	1.588599561325703	1.5210372339703706	1.5210372339703708
s62120	3.2523336301340673	5.836952830271448	3.7611181861921423	3.618512558650604	1.7071699397738924	4.907848396346069	2.2324902734577936	3.483007341262305	3.879003386475849	1.4743730374031685	3.1061497390446586	0.5567055501216593	3.163688821797589	3.31974670481504	2.423838069526693	1.0861081773229047	1.7656744487013476	0.8219951499311294	2.6670349529494177	2.558446860187129	4.181778591801463	4.077419799437268	2.3194490423419465	1.93329232326475	2.1657748687940637	2.5452888955073623	1.3617784450992634	0.7410128247152011	0.9449385226026913	1.952993155592715	0.8378578803826503	1.0480616800991052	2.9511073851510665	2.0723773861787906	1.1255512347935104	1.576326590041965	1.1858511823608184	1.7346774310768474	1.1490061543107906	2.669464916731629	2.685868894640744	2.082649982416289	2.22880427502607	2.005272355228823	1.8563498220197971	1.7253854813497687	1.5491551363554652	1.0424748402085282	0.7218707292804805	1.733941416885909	1.5105848901060805	1.3342658991732423	2.013278084628211	2.6217866713232163	0.7974596400161934	0.6923183050767651	0.8076511011089945	2.7147333743781057	1.13274335775225	1.459973722753151	0.5587313003044324	0.6217881814337264	1.263382287277783	2.1148251190451406	1.5357710240939177	1.326533423382651	3.3860895283377657	1.6522397214990776	1.9950798380776507	0.9043932282355972	0.7873281441416876	2.0856967628964624	1.410205572162345	1.6936225295633818	0.983304288079429	1.0106868637241073	0.9805640925821661	1.9249598699472092	0.0	1.3228012548094383	1.2564843140430408	1.3730981619139122	0.7388265628540968	1.2016049081583717	1.5955837433014062	0.7584221188367366	0.6225071118171434	0.8048620832657621	1.1463088465105373	0.7678642589859572	0.9298651033420472	0.5724475855750678	0.8767137692073551	1.3300726313667084	1.527851295214279	1.0572852245027433	1.3079501522712282	1.0842351431625938	0.45705702994187836	0.7811968839009577	0.9872724135966315	0.7811968839009574	0.827029019514338	1.3561958029575105	1.366893672978471	0.5937998594105386	0.7404695460755213	0.7811968839009572	0.7811968839009575	0.9324013808834375	0.7811968839009577	0.7811968839009574	0.8177395770718296	0.7583390215242203	0.7811968839009574	0.7811968839009575
s39352	4.159093557744552	4.706571740861332	2.6555971298944328	4.162020425673398	1.1092455014464702	4.043492075642481	1.7850885730384929	3.74499756667229	4.078321329942247	1.327462001605095	3.151239324997839	1.437950497634396	2.4486586673439605	3.2683708683181845	1.342168398603062	1.7342926406639088	1.4697378217864614	1.8989776470669941	2.172064243987683	3.5350382085554966	3.0404784016645	3.1705925550481537	2.7361656745604974	1.856473191585728	2.2758688452305496	1.3499422387098228	1.6944494341486067	1.057572569683471	0.7370301214671778	2.1911569428875928	0.8713220680443351	1.2395666628018756	1.7578626989473365	1.6867756158654428	1.2517377434486063	0.6063675789533435	1.5300256087687596	2.519877595735551	1.6816762483618153	3.1388036271652378	2.6889193095508097	1.5099979384792763	1.8280145656388285	1.1948262581660685	1.635877521588779	1.519401565368991	2.4664137877424244	1.280562021752055	1.838791583121877	0.9948503479979603	1.0989730704967025	1.2688012046012775	1.5690761357040368	1.7863907646860067	0.5955484289938896	0.7291114414503923	1.1437629909051874	2.1385972729126728	1.589521552381215	0.850004254755259	1.251344106758022	1.871528746394373	1.385599274553952	1.365561884278227	0.4731586229339285	1.1529367583960104	2.315737544267605	0.8909042871447638	0.6777735887315506	0.8190250952459855	1.0034264540459432	1.13897546129566	0.8283922597289481	0.9495869963238578	0.9877424850127973	1.261223398789918	1.1682327951594562	1.1391950728746116	1.3228012548094383	0.0	0.848611196558212	1.205547122315506	0.9493577247400159	0.4139025943396012	1.0598233885640167	0.8934616125670862	1.181853613859113	0.9071552376748663	1.3152775163001729	0.8104092411791468	0.9638562638603245	1.3247006583929763	0.8613408791133855	1.5690054462366412	0.5034317099142925	0.9341375350605844	0.6413614908143045	0.9263051835077234	0.9678045479125443	0.9021314184348183	1.1803559924520732	0.9021314184348183	0.7263958482953962	0.8538182437703389	1.0433212133499923	0.9656978407271736	0.8621198416932077	0.9021314184348183	0.9021314184348183	0.7152389061152099	0.9021314184348184	0.9021314184348183	0.6276246407599037	0.9212552551059577	0.9021314184348181	0.9021314184348184
s401956	3.4268155782428633	5.329235498777787	3.2318363225746873	4.045869618085989	0.5866904444543246	3.7135375236724033	2.1508648012709077	4.315753543295204	4.144830500876257	1.8204040459977335	2.369977983884393	1.6226497559397297	2.5740482741045074	3.6054595375933367	1.3901326780866774	1.5139015892643173	0.823351960528209	1.5814781912183629	1.5725196541428181	3.054982173282376	3.1942669168306153	2.8767045066155483	3.181230398683664	1.1239486258840172	2.9333952130804035	1.610126029946488	2.225814037282624	1.0411066434180796	0.9200550496255682	1.4974297096964655	0.9070365420919156	1.5413080797036718	1.896906226598015	2.469632111384608	1.3299571715519707	1.428502344258234	1.1175401466741084	1.859618245506101	1.478846397180318	3.6719943268497843	1.8599472338684915	0.8980922741225894	1.9713323896265698	2.0144510954894783	2.2942141065711947	1.8721674928278913	2.7433632687533414	0.6769513418485712	1.4252785320555785	0.7514410876974127	1.7655003331242618	1.0787924207152562	2.2608369942784843	2.5091700133560315	1.0101146017370393	0.6658848401414884	0.5953396009544932	1.8905209785129766	1.6256782183020666	1.357222171782126	0.8384858941225934	1.8081051271328823	1.069115655672371	0.9584499691744065	1.2269971948768978	0.41787609404842574	3.0392808520930483	1.426249988300788	1.2108085305034897	0.9400836930444187	1.1891732696839699	1.8971505220350868	1.412038806584717	1.172541067436809	1.1469149203146314	1.662034004590876	1.4060376624680155	1.9552042851810378	1.2564843140430408	0.848611196558212	0.0	0.3704447202017996	0.8499319795670358	0.597065698693662	0.7657103105237165	0.9878373508402294	0.7426061996256933	1.0701575462865003	1.482379659879824	0.8822020886205768	0.6646724068224805	1.1200629410829472	0.9328064979859951	1.2395684454709233	1.2305088112549083	1.2351320916169475	1.2740484164236374	1.149799555842848	1.1543113603195307	0.9411393021362713	1.465283826248048	0.9411393021362717	0.4819373607738494	1.5994333308013369	1.5214839008259662	0.9382877347019593	0.9403841706915199	0.9411393021362717	0.9411393021362715	1.0573040213108915	0.9411393021362714	0.9411393021362717	1.0879182807868546	0.8917042697565649	0.9411393021362716	0.9411393021362714
s62168	3.1378235481296914	5.657359222893147	3.564251008081639	4.137694405752933	0.5749235851812664	3.608432268668437	2.29135713591462	4.5247545398882725	4.320739100462332	2.0324221853278783	2.124128626373644	1.817342098488269	2.8085702959504903	3.877221082006692	1.52270530436634	1.617639365027238	0.8130111703617785	1.5932321711282142	1.4866196191584689	2.9530970894298734	3.2866169949009376	2.804958256312601	3.44464607134639	0.9824883184820516	3.2144532673587736	1.8036331046969547	2.480161331931012	1.1549622926026872	1.1254260793262603	1.1728344573648481	1.0654299127242894	1.710359850405307	2.0453274383255913	2.807214562693075	1.4235182294177366	1.7649787684054006	0.9982877184543348	1.6715049898595313	1.4341749611190722	3.925363992930279	1.5518011833074563	0.866608581655758	2.228962154907434	2.3426709319443537	2.556366508449894	2.1743233749121775	2.913388727795045	0.5360775066218468	1.347344248971358	0.9921181135388317	2.042610104143316	1.0793360267891063	2.5302245879180862	2.7881062110215242	1.3108623904507082	0.8866787685843277	0.581227558657153	2.005813799225557	1.6786265243211675	1.596457553691312	0.8658147570253228	1.859072710877693	1.0063343672098777	1.0606999205633973	1.547155233128763	0.23261375631598288	3.3316385280047927	1.6694640348216376	1.5322524165298579	1.1203844600953023	1.35885568425694	2.201157356704816	1.672824545449581	1.341287641657798	1.4247674915537494	1.8681365970345534	1.5627479015804893	2.2825826282234907	1.3730981619139122	1.205547122315506	0.3704447202017996	0.0	0.9727938396718396	0.8972350514977386	0.7989313666251419	1.1570705056887354	0.7684810361192435	1.2475669913038034	1.5977838223941048	1.0667887262157145	0.7373294488664909	1.1494783092877974	1.0970424211672902	1.1445916502001028	1.542999047156054	1.4274103705988	1.5601333100848445	1.3233605733119438	1.361379005941318	1.0966171204482829	1.6356111780220441	1.0966171204482833	0.7080731773150204	1.9260937941663028	1.7424856625709078	1.081676424326152	1.1150946270419728	1.0966171204482835	1.0966171204482833	1.2930367708597195	1.0966171204482829	1.0966171204482835	1.3872523621396873	1.0322561392719398	1.0966171204482833	1.096617120448283
s9586	3.47806530849002	5.644144134055791	3.598845680110801	4.220534616313912	1.1023220630741322	4.266638809915005	1.652790209333502	3.561111773488587	4.392459777003324	1.1456699612963277	3.025353847479779	1.1618194324326596	3.184922421564716	3.7504897453164285	1.767308574171514	1.5981701771165762	1.608249113928466	1.420709000285584	2.4084893587376937	3.10686906590076	3.4924145926552272	3.436793461730635	2.8654745203124374	1.8350355610390492	2.3498902092692324	1.9148774963949446	1.6151682828231673	0.19281599541906672	0.3334471284432844	1.5383795971035608	0.16788671109131853	0.7551308906907316	2.3249738268382543	2.1194486498488403	0.5718730465311772	1.2460475372732596	0.6853301996327688	2.026925001789941	0.7743225405793137	3.1165951527160622	2.464989617430919	1.74128939717437	2.411026961302283	1.7308440129586387	1.6886339290649839	2.015378106146054	2.1273050421988082	0.6180018883770423	1.063574017032348	1.5011765443173648	1.241131066293548	0.6338737587724341	1.7319358278060426	2.1945248486394635	0.7280860987213637	0.35024499356286415	0.5688679021491572	2.6561874542208117	0.8040116131334788	0.9180625911173811	0.6692439304707557	1.1360151207066795	0.6305614376299937	1.7947916776203332	1.0875892928352011	0.8229471990607977	2.9330203310732452	1.0847723123941135	1.5400706548310061	0.26837517330263916	0.39836044694369555	1.6623943841310278	0.9510441044093338	0.9933630659844718	1.2303155775761325	0.9178626864598146	0.6106625508539122	1.6582318418678814	0.7388265628540968	0.9493577247400159	0.8499319795670358	0.9727938396718396	0.0	0.6481408873611533	0.8927110782826257	0.21510715734481173	0.579021648743685	0.3096209921097316	0.6946073652912976	0.18653817003142442	0.269569602489964	0.407442559648966	0.2181411900608881	0.7642110908150811	1.0629345577143223	0.5515127594881487	0.8824837588316287	0.487980630063642	0.5526868453998001	0.15502419735874462	0.6790214925511585	0.15502419735874484	0.4337074120789313	1.2522438881854427	0.9202172434621397	0.16745834004513027	0.18976371731192565	0.15502419735874504	0.15502419735874481	0.4720405190222909	0.15502419735874462	0.15502419735874504	0.7588211988635186	0.0775533185337485	0.15502419735874493	0.1550241973587447
s401634	3.877896070736462	5.072781740406004	3.0307947916674953	4.2957575909108	0.7900119894801811	3.8750072656480183	1.6440397933569382	3.807194594701053	4.3121388947216435	1.2820155033990142	2.9650164241918366	1.4713612046867868	2.725292275951361	3.5889326310153744	1.238749630923907	1.7469677164778838	1.3714897413631313	1.793048804588731	2.0792519691376934	3.433547264088728	3.0016507716071845	3.0144481908474767	2.9732996202179893	1.7105941648061058	2.4603128988031964	1.347718280239189	1.817419746087772	0.7830765011200426	0.4853972768042259	1.7891104437562824	0.5848812023542377	1.101701193811257	1.7513377950936382	1.9867558348972492	0.9725788739123215	0.8786447496678665	1.1392908949672764	2.3203487287175397	1.3425066232998188	3.3230144852625756	2.4301811223784253	1.3836259662006298	2.097891972233825	1.4474399819141024	1.732029960908175	1.8195713450852966	2.5164657575737097	0.913148198790813	1.5988227688012504	1.0504191742867024	1.1953454873912535	0.8827596560559178	1.6727344265401705	1.9242073185412147	0.6852969372880292	0.5189709113062918	0.8492706543884118	2.2548598391142707	1.3275387031362076	0.7779295723486045	1.0329739023974958	1.718731911316585	0.9885033300738046	1.339848531238945	0.6549378013877041	0.7918874201466125	2.5140529274603773	0.8457016109349212	0.9018354743592261	0.5509472006481981	0.8149281250165791	1.317983227217532	0.8263825550531309	0.7180003733434825	1.1451731894741797	1.2168488094863301	0.9899361093612978	1.3883122015564098	1.2016049081583717	0.4139025943396012	0.597065698693662	0.8972350514977386	0.6481408873611533	0.0	0.6824344513096825	0.6556721963205623	0.9340228650448993	0.6940056941469196	1.0857940133523796	0.5601042203504719	0.5901651876614521	1.0463942969378088	0.579551352090151	1.1763824877636397	0.6492634491817894	0.7574555327194389	0.6904207543398807	0.6926437313728736	0.8938183375070557	0.6333587406016791	1.034543488710006	0.6333587406016792	0.46628971480605863	1.1017055928046149	0.9697942542450265	0.7258443107535202	0.622071585914857	0.6333587406016793	0.6333587406016792	0.5787685241956958	0.6333587406016792	0.6333587406016793	0.7317150603509388	0.6339653308936898	0.6333587406016792	0.6333587406016792
m31	3.7420510260513424	5.471897790280472	3.4864186364392262	4.782928673412814	0.414125653320185	3.3851570885218023	1.568744012223321	4.133837031578224	4.8748130641988405	1.5713802192503783	2.813621105799049	2.001625892590029	3.162163136976257	4.234595688377117	1.0038263997262535	2.1922476301729596	1.4926117348270678	2.1211399372202515	2.0083949856389376	3.6557434984543558	2.707494553961019	2.5584384654526655	3.61664708558274	1.7390513447287426	2.9928259568683218	1.264062023037608	2.355507684916141	1.0051685900313814	0.8516514544282225	1.308758354030784	0.8660827966856776	1.3824810023892746	1.5919073525291625	2.587775470459158	1.0280763339277377	1.4309391741946997	0.9043691807271668	2.3938211418092443	1.2350229718250532	3.895648601005632	2.1499314588239797	1.3353346996986704	2.6451321789190554	1.9279616851645325	2.1288563019530184	2.4675305388653923	3.0035041360299615	0.818951355487757	1.741162395207513	1.3645785067272727	1.6369479242187495	0.6057353706168265	2.0279855023780406	2.1743504964355314	1.322209757014602	0.9772490484454603	0.9935553881520501	2.515822514342694	1.3743487309251246	1.0665430957278286	1.2915684110278636	2.0038271598089517	0.7092107134341242	1.429809429827105	1.1552977823401769	0.6039428553578676	2.7302175499576347	1.0793146142567527	1.257355866820677	0.8622892481774702	1.1430009105106358	1.6760802361543354	1.2061085582978848	0.6258917809583907	1.7526652059856878	1.6140653759566794	1.2461273152191161	1.8799385366410835	1.5955837433014062	1.0598233885640167	0.7657103105237165	0.7989313666251419	0.8927110782826257	0.6824344513096825	0.0	0.9878207509807404	1.1644446816973582	1.031467241260912	1.2054235603256818	0.927021100887065	0.6759184444274353	1.2076250324301439	0.8602631048260823	0.8782553526912861	1.1295512338779603	1.055013389315562	1.171691215136109	0.9232055132890664	1.382820300350946	0.9273785038117152	1.3270072135259217	0.9273785038117155	0.867937541651515	1.7119613321606664	1.265768059537396	1.052260813971686	0.972728235013378	0.9273785038117158	0.9273785038117154	1.0307627712674603	0.9273785038117152	0.9273785038117157	1.3657037246995902	0.9046161019663508	0.9273785038117155	0.9273785038117153
s402006	3.6638491885333297	5.540806876144587	3.519255383948058	4.263711757032788	1.2297101498283014	4.367671180266547	1.5291845171064935	3.368018595303517	4.400111465812412	0.9444412987665806	3.2224385369911275	1.0954595342900255	3.2036675069864144	3.6971313174934637	1.7909147607717149	1.6691473330388817	1.755929787063991	1.5143622116103628	2.5596298378110474	3.2317478879102297	3.4834974266040657	3.5296920713853526	2.750241327471801	2.0085123685295363	2.1495109434102746	1.8973049473873578	1.4328440869525398	0.17802257458432572	0.2178082839765354	1.7309767046198392	0.12327336141604095	0.5681026938199538	2.33232602146833	1.92749888242949	0.4933562802752649	1.0931447054667867	0.8466697153934559	2.202793236717947	0.8352390246299015	2.954578348258945	2.669922535772876	1.882416738899624	2.4205646609036986	1.5453414306131872	1.4744922702345287	1.9697702878667773	2.019627108446358	0.8318382540505521	1.1974610568511745	1.5807060330803018	1.0320385039572824	0.7093957654965287	1.5247255358633645	2.018237767810277	0.6336836054284134	0.41607458595010216	0.7656747007492112	2.745572796953714	0.741538955578061	0.7603002699368313	0.8234679901805542	1.1307047095794112	0.7583219747508987	1.9023066453732773	0.9603970145651185	1.007288921773238	2.7811357112682	0.9446599264301775	1.4984209953069476	0.15541174443154782	0.20361881771263354	1.4971758502743395	0.7698210620012668	0.9498079609944678	1.2254062228842135	0.7172099837184195	0.4339833297593114	1.4714836111103002	0.7584221188367366	0.8934616125670862	0.9878373508402294	1.1570705056887354	0.21510715734481173	0.6556721963205623	0.9878207509807404	0.0	0.7505250445782172	0.09892576794110233	0.5684096673753654	0.11032845415893279	0.4568065066744643	0.5137348521595072	0.13495815885015666	0.8846017058317319	0.9328881136887984	0.36412961638286456	0.7096313104943984	0.34190567989455795	0.45408925199620476	0.07357011161569652	0.4898599103278618	0.07357011161569611	0.5488790877844403	1.0711368599807565	0.7285485098037723	0.19677389802524703	0.05342235589919265	0.07357011161569582	0.07357011161569618	0.28592364930822917	0.0735701116156965	0.07357011161569584	0.6421580215053277	0.1415029442931815	0.07357011161569603	0.07357011161569636
s19594	3.0186185388165643	5.817695769712325	3.706901278511397	3.7733303804711373	1.1843505880627732	4.350067109494234	2.2262320738484136	3.976421320852316	4.031771853857878	1.6862241677437617	2.5705093602414824	1.1191939500068582	2.986982527697286	3.556169426261095	2.03098259157016	1.1449098935534079	1.2540524668363835	0.9575366506366331	2.1153379768291836	2.570716351048512	3.8214765921420972	3.536198906251728	2.834835664970784	1.4005472980566638	2.6683801170661674	2.226378022694237	1.882731590505463	0.7165996692452757	0.8622838944076299	1.4517723806142253	0.7351776958827696	1.2688389062570677	2.5743877713089938	2.4242017111195677	1.120129306729647	1.6262440326617102	0.8558481201627558	1.4666435183502218	1.082665564118719	3.2630262612331267	2.093663941998995	1.5296899583336094	2.1715771832267565	2.158393295554733	2.1736384995004085	1.876603987391349	2.1709983726023965	0.4956770505759316	0.7034375733405261	1.3392743273240966	1.7262500288715028	1.0584342215953313	2.245953687649319	2.7114235398208035	0.9096064897371733	0.49632477793572477	0.20217025993028984	2.35486232449813	1.2521949256932796	1.4561966029481916	0.12777599104064002	1.1125421043956252	0.9484830321981313	1.6280309454693962	1.4902552005834924	0.7483902858741034	3.398903317912176	1.6101419407443047	1.7705970379043445	0.8248400606405665	0.9096242738179231	2.1325864510984807	1.4708940836909106	1.471222744934057	1.0511284520187423	1.3567260185475016	1.1403921440761395	2.08384735674073	0.6225071118171434	1.181853613859113	0.7426061996256933	0.7684810361192435	0.579021648743685	0.9340228650448993	1.1644446816973582	0.7505250445782172	0.0	0.8458268440157204	1.2383354216118951	0.695301290216945	0.5646532774757707	0.5535592222492967	0.7857204361820805	1.048626469383011	1.4824968542869175	1.1129131176725806	1.3555618347761824	1.063051293146755	0.7642560471517151	0.7168243644780429	1.1929308063145179	0.716824364478043	0.473320805375303	1.5874445290360106	1.4743665675700526	0.5730340460802463	0.7097174312320266	0.716824364478043	0.7168243644780429	0.9681936676396671	0.7168243644780429	0.716824364478043	0.9736543630271918	0.647444370440849	0.716824364478043	0.7168243644780429
m24	3.746632485307127	5.518048195027787	3.512124991754519	4.316406556352151	1.2924793087601207	4.406883744508178	1.4568924965117922	3.277337294984217	4.440774164865891	0.8459142452114025	3.3197990965158386	1.1043447774914112	3.246887649742457	3.711978738618332	1.807109312557167	1.7361669840428537	1.8434950772679106	1.5823398714002113	2.642670426760105	3.3065592837068833	3.4755160123403677	3.5678644897823477	2.7303933099054056	2.1028574854198983	2.0732571994983977	1.8971053667628777	1.3703057434776524	0.22630647261096423	0.22290798301604337	1.8019685277891895	0.1910968183218731	0.47617690452721384	2.342143658664585	1.8637835243013634	0.4506936357995971	1.049252585692349	0.9044589504408227	2.293902247391762	0.8497083084913408	2.9013473459420256	2.7642013079825904	1.9614551216780152	2.4643717981200175	1.4766681744960897	1.379342675273221	1.9918524102018142	1.9915174684898211	0.9236317198622719	1.268219183168982	1.6461135667439808	0.944633255642237	0.7336230822394633	1.4314726897813033	1.9396754827168963	0.6463305456347881	0.49824466626162617	0.8645577331514052	2.814753184240757	0.7025110254203356	0.6933943433705134	0.9146340193961773	1.1449601283317108	0.8023045158663324	1.9720024799768896	0.9269767791262563	1.0931505142025397	2.7176072540687155	0.8855593462104916	1.5043636900608461	0.17325220107403588	0.12575523139367548	1.4322783910357852	0.6951684126085504	0.9325367393852352	1.2695248039559233	0.6319086539810534	0.3465180057343503	1.4028292301129368	0.8048620832657621	0.9071552376748663	1.0701575462865003	1.2475669913038034	0.3096209921097316	0.6940056941469196	1.031467241260912	0.09892576794110233	0.8458268440157204	0.0	0.49949951184565616	0.19206575071806212	0.5426368348599058	0.5749857417294945	0.1758607614807992	0.9220713806275488	0.8965697932319053	0.2760587065402285	0.6503118360163145	0.2807571414856257	0.4665607550441314	0.15918569242509198	0.3982313261893628	0.15918569242509167	0.6357614232133347	1.017795700411217	0.6375745535258419	0.2812944542037802	0.14556147684844564	0.15918569242509142	0.1591856924250917	0.23650965883134945	0.15918569242509198	0.15918569242509145	0.6419851656327009	0.23420917216928552	0.1591856924250916	0.15918569242509187
s9466	3.910527232317886	5.779583207575614	3.8482957317115516	4.738897061317977	1.559769129850019	4.507566959609169	1.1312434109115919	3.008922317733371	4.891642147678431	0.6434393155001709	3.6703813456037286	1.4267883402655765	3.7216206281884854	4.1309476525060305	1.9736637817929052	2.1772949778250514	2.2815013652705116	1.929825583201025	3.0354465572523863	3.624004172902509	3.494233067599837	3.694889421442318	2.984935896775325	2.5157316206551377	2.073108455791559	2.052083746343178	1.4566997731531628	0.5253313523707607	0.621969624836277	1.8620521200540057	0.5958626838300064	0.3119416723290059	2.508938108460202	2.016072217432949	0.19648005037985877	1.2993256778631093	0.9453432471584844	2.615137392702013	0.6791643209615181	2.9627540309175373	3.0553131514695546	2.348479263064718	2.953359375253256	1.5815857584773287	1.2628555858858082	2.445165270095595	2.0794652928698407	1.198504263027	1.496009046798213	2.102194721981223	0.9689783239562662	0.7174103690557291	1.3164370223062019	1.8579859607722697	1.1102950904112368	0.9830330185751062	1.2432121781942003	3.2894029691304776	0.3406673894174367	0.7374431601035725	1.307330230944621	1.2476487538234216	0.8163467794375895	2.3853718483753634	1.1808061372861525	1.4024873706758263	2.7076680900140486	0.9133346670579447	1.8206572437994315	0.5707626112334332	0.4371204421777857	1.4930266756657402	0.7760155396318168	0.9834856343128181	1.7538654417039583	0.6247622652456211	0.24028895803793732	1.516266705509116	1.1463088465105373	1.3152775163001729	1.482379659879824	1.5977838223941048	0.6946073652912976	1.0857940133523796	1.2054235603256818	0.5684096673753654	1.2383354216118951	0.49949951184565616	0.0	0.6660104985582508	0.8660692550924692	0.7891420157034061	0.5661280892512356	0.858419020343613	1.1345677699131194	0.38958351011856374	0.8610005350118063	0.40121647519930287	0.8747739772352063	0.584797453027524	0.31040870687114125	0.584797453027524	1.096905908634371	1.2740603474219212	0.562020297928945	0.7053862314385788	0.6210368234112588	0.584797453027524	0.584797453027524	0.6260238307137949	0.584797453027524	0.584797453027524	1.085119427374477	0.63792052724034	0.584797453027524	0.584797453027524
m44	3.6470016637666243	5.48303930043116	3.4493418469238857	4.21923820708942	1.1441607159920284	4.29802591955471	1.5788611923788174	3.459775636046289	4.345190176032476	1.0191251899442388	3.1370489474987124	1.1099969557135416	3.106808786542174	3.6507261403420843	1.7215786922599936	1.6179383670785072	1.6517178917981223	1.4940068831092685	2.4543456768644387	3.205025118505067	3.436499333704904	3.4567856844205758	2.7620423697417125	1.912728381538897	2.2059380988706065	1.834439018246166	1.4885585431930992	0.2494889734397132	0.18794164817892578	1.7064945753413685	0.1118499912325718	0.6681412720291694	2.261774711773156	1.9419086208897416	0.5757246912707359	1.0650686087387005	0.8545907364122766	2.159168222218753	0.9015066730603326	3.0067013888439065	2.5911456714728187	1.7766872436018126	2.335742920015762	1.5477454937701673	1.5362489901235052	1.9110552508017906	2.07808732534337	0.7790958098501893	1.201585634779519	1.4709870497859596	1.0712049813276658	0.7162624383547631	1.5734844997596662	2.036542898629183	0.5841878583911722	0.32059385276114605	0.6975578135745217	2.637971021160678	0.8427505423479825	0.7743023441824523	0.7752198772090136	1.1906034688782667	0.764169157340004	1.7927673965825814	0.9206992795883486	0.9251502617172127	2.774170098971446	0.9470940046935424	1.4186739465405918	0.15183986526316992	0.30709394380462823	1.493495827330645	0.7880513496435638	0.9257623831524955	1.158209953093741	0.8027023392233748	0.5368527842180706	1.47459975399691	0.7678642589859572	0.8104092411791468	0.8822020886205768	1.0667887262157145	0.18653817003142442	0.5601042203504719	0.927021100887065	0.11032845415893279	0.695301290216945	0.19206575071806212	0.6660104985582508	0.0	0.3955293827174707	0.5483368633372385	0.1388061922356488	0.9062884804949329	0.8970631950834798	0.4278488083325737	0.7052612271524197	0.39086949638861207	0.4685703612960881	0.10239210347418722	0.5900425162701006	0.10239210347418706	0.4447423598473835	1.0693278377438833	0.7816674933509089	0.2002577776889496	0.06422261395607623	0.10239210347418691	0.10239210347418708	0.2927125384163995	0.1023921034741872	0.10239210347418691	0.6053269610919106	0.12832824136108487	0.10239210347418701	0.10239210347418716
s15947	3.39695687372014	5.659640317858144	3.6055035876309045	4.29060542197208	0.8558501990539679	4.021818368852776	1.708698300872705	3.804334018471818	4.465797057477254	1.3371938933459313	2.8211542341498728	1.3827359738670004	3.1384565112842666	3.863822854986217	1.6008317318007501	1.6580617837349874	1.4393090273671358	1.5015866746943702	2.194382411350264	3.125480679360168	3.344551356436702	3.1983814349410995	3.0853136273118222	1.6560323650714246	2.600232786812931	1.7925414294720412	1.8745443530505947	0.4315399220785727	0.4678982742803132	1.3320214509556072	0.3554605475388591	0.9824803738266253	2.1710875652808093	2.3179470839117537	0.7021006719749542	1.3466655202431084	0.578552824466737	1.9627108201909378	0.8327152063717186	3.377321471294816	2.2326953964997647	1.5267067740156604	2.422366247852078	1.8641306730828398	1.8972499976860309	2.1126829128492277	2.382336102189145	0.4154356236234299	1.1206431683494058	1.377484440129033	1.4256268611246776	0.5345809364186274	1.9051936275472425	2.2896287815121474	0.8848540234392676	0.4308829642373354	0.46090195235061676	2.535139936749789	0.9670291582020166	1.0127143464938255	0.6846399241839055	1.3427362940983743	0.5096185642144175	1.6131066114457213	1.1459306925893091	0.564483093627393	2.97998819247663	1.1443711011366424	1.4833137059463575	0.4279878326534119	0.6460550882054881	1.747877146518173	1.0805246705382	0.9325586869630333	1.3167302975859199	1.1707598802862245	0.8316348813271944	1.7962546577338956	0.9298651033420472	0.9638562638603245	0.6646724068224805	0.7373294488664909	0.269569602489964	0.5901651876614521	0.6759184444274353	0.4568065066744643	0.5646532774757707	0.5426368348599058	0.8660692550924692	0.3955293827174707	0.0	0.5581065416789367	0.389162710854203	0.674781729978992	1.1227488745943248	0.7296121955693197	1.009332016286774	0.6274635081919628	0.7943238863006089	0.38644618289972815	0.9098648782520794	0.38644618289972843	0.3904988289736464	1.4310200806551068	1.0787559390343762	0.424476128418647	0.4287490470159311	0.38644618289972865	0.3864461828997284	0.6531001909655083	0.38644618289972815	0.3864461828997287	0.9315622446786622	0.3225095218203736	0.3864461828997285	0.38644618289972826
m26	3.1948301298917223	6.005089297662403	3.947961071515401	4.1283993398147505	1.399426085429154	4.540823362233623	1.8767855357286003	3.5373101237761735	4.403285945959768	1.320501295124234	3.0435006278244257	1.084715638171931	3.4353868806405505	3.840274612554212	2.1447678012084066	1.5343653967140203	1.776856316168533	1.2031525559326475	2.6029483038754195	2.8579788707990637	3.858434077577877	3.732509713569992	2.843198485515756	1.9278009688227216	2.4099934442956594	2.3115126700700532	1.6400883481296535	0.3718478797873506	0.7086672740181574	1.4893288012663584	0.536905432981154	0.8548766888758951	2.712804674861857	2.3168049199103837	0.7019676711736602	1.5937772585190157	0.633775455270228	1.830609681418034	0.6060205063551773	3.063834669064236	2.4983380847768357	1.977860825766259	2.595143816863407	2.0377533194017325	1.8543259680322213	2.1676786877323804	1.9522223763009072	0.672663903729543	0.7279563899680126	1.7826433403229551	1.4844826900644004	0.8242960308669577	1.9561367054339571	2.50406952916794	0.9750943008381062	0.6342915071752365	0.6245030330545328	2.872695322723439	0.7221553341452805	1.250456626602183	0.5925385213721331	0.8045981573343064	0.7202048241235852	2.0725804438807223	1.466998172400543	1.022462293832596	3.288144635696608	1.4335615129068027	1.939293961564916	0.6302833291140436	0.5759972420913491	2.0066914732912307	1.2679599205493688	1.355691971464083	1.3697027147024845	0.9949681219810607	0.7323509832747853	1.96162835717226	0.5724475855750678	1.3247006583929763	1.1200629410829472	1.1494783092877974	0.407442559648966	1.0463942969378088	1.2076250324301439	0.5137348521595072	0.5535592222492967	0.5749857417294945	0.7891420157034061	0.5483368633372385	0.5581065416789367	0.0	0.5773420790826024	0.7630051294247148	1.4419105380520907	0.8160246413827692	1.2203181018870373	0.7820005549502587	0.6353518080783808	0.49208356498592526	0.7920333556878061	0.4920835649859253	0.7229707393767827	1.507578207708948	1.175329233300334	0.3711091141805835	0.513069038606535	0.4920835649859254	0.4920835649859253	0.7947070408459203	0.49208356498592526	0.4920835649859254	0.9988698822505135	0.44698363233867083	0.4920835649859254	0.4920835649859253
s62170	3.690470961350257	5.517291620924915	3.5015349041825066	4.3565856849666496	1.1213113084265673	4.240168546646144	1.4577226568553558	3.4336185199839604	4.482832638519125	0.9575758696704634	3.1898897249233	1.22469657674801	3.2047118144461684	3.7779534571635613	1.670157225826413	1.7514171253494986	1.726204823171177	1.6071646237779937	2.5016580897026555	3.3105290526702573	3.3595234322831886	3.403462189560572	2.8684219926523533	1.9839830512986922	2.2365858356439725	1.7858832157816926	1.5396018769323758	0.22704741661023328	0.1426455453378932	1.6639683516661683	0.0511539963376266	0.6179242476616031	2.21797535298728	1.9857690611669496	0.4568036694973286	1.0796487714540517	0.7964105532439513	2.242305088182379	0.8278001092797717	3.070878896436206	2.617577000100093	1.8169158647643826	2.455664931938387	1.5432063301786658	1.509601045006356	2.036289274965394	2.151982645843322	0.7907058386342022	1.2680844447968087	1.545298578812338	1.051368596578243	0.6004209478590976	1.5313896776285791	1.9791090353662997	0.698764616394808	0.44286517410002135	0.7655996520605497	2.7266684122580416	0.7619150229492275	0.7014767225020194	0.8742959979047279	1.2484572355558128	0.6742458460008954	1.8425236558348397	0.9158015215876804	0.9316870033584281	2.726795610941375	0.872118651386083	1.4305485175781807	0.057728296199689	0.2929324467447451	1.4584228728839101	0.7400711694424317	0.8272913198638164	1.292207830052754	0.8016759838954981	0.4757102152902072	1.472515514939182	0.8767137692073551	0.8613408791133855	0.9328064979859951	1.0970424211672902	0.2181411900608881	0.579551352090151	0.8602631048260823	0.13495815885015666	0.7857204361820805	0.1758607614807992	0.5661280892512356	0.1388061922356488	0.389162710854203	0.5773420790826024	0.0	0.8168333930926657	0.8849705400430878	0.3498281829062287	0.6889913821444266	0.27874815704311307	0.5803525740923635	0.09837081677999446	0.5440982943796472	0.09837081677999458	0.5367953527209222	1.1167116235610302	0.7112183144738087	0.28938695314951274	0.14361050766332076	0.09837081677999468	0.09837081677999455	0.29790632450908183	0.09837081677999446	0.09837081677999464	0.71238940529996	0.14906147023951982	0.09837081677999458	0.09837081677999447
s401978	3.301851315213218	6.199305094594781	4.197055981329133	4.802869294959854	1.1675022769150085	4.0117769013629605	1.590998085744824	3.807787338976355	5.069747379908745	1.4745965245828005	3.043682351750168	1.8270037503152254	3.790463689544675	4.500614418643176	1.850521421442879	2.184013026407288	1.9468044801320956	1.8649719342411362	2.5889763214935337	3.375567704896436	3.418268898764612	3.249157137697637	3.563162851875132	2.07139043370319	2.8967525593534034	2.079671966503984	2.2066403189333	0.7480466140391051	0.9309585081619947	1.0110771383116377	0.8075739888344382	1.1280831808027498	2.4370362470917364	2.764123986229826	0.6835668381212118	1.8315255093342973	0.2287341921029631	2.1777658733752174	0.4412002286694408	3.693363507476172	2.357434944888934	1.9623176460394842	3.091418573015967	2.2565558222452418	2.105463922130636	2.7655606823943253	2.636349128299067	0.7014317785083942	1.2693823927916763	1.9850026964003566	1.734868193506135	0.3746648164765227	2.1122960404165623	2.497709294548177	1.4854328560571475	1.074915339603797	0.9545829565955388	3.117217550003346	0.7871146677003236	1.2897016130369163	1.147616100937803	1.4735955239021128	0.19169754115153176	2.125094217515121	1.6160924364706009	0.9325799463451401	3.2395478130740445	1.4045685005708664	2.0016505022338853	0.8614196918304764	0.9595802759022499	2.0812257533211067	1.4012173369906111	1.1180861685568992	1.9621477624262151	1.4085362073611598	0.9912736734381783	2.1940419827270863	1.3300726313667084	1.5690054462366412	1.2395684454709233	1.1445916502001028	0.7642110908150811	1.1763824877636397	0.8782553526912861	0.8846017058317319	1.048626469383011	0.9220713806275488	0.858419020343613	0.9062884804949329	0.674781729978992	0.7630051294247148	0.8168333930926657	0.0	1.5763535829082476	1.0018272724409405	1.4238787623732398	0.8873279925384252	1.2703746160386682	0.8244946577482312	1.0875085162739686	0.8244946577482315	1.0623460062592005	1.9186769881100776	1.2909389933541242	0.8910788261788657	0.8979523858185252	0.8244946577482317	0.8244946577482314	1.0991372398277874	0.8244946577482312	0.8244946577482317	1.5110626913516145	0.7907798181446473	0.8244946577482316	0.8244946577482312
s12884	4.482286930609182	4.675653562748037	2.7349381520243736	4.5741079274475265	1.3226029224483282	4.101443619735231	1.3503440840384573	3.399643973191256	4.466840537042913	0.9723149071736955	3.5816725892723236	1.6133777331387564	2.8361182928590494	3.5565893928438466	1.3239791660829647	2.145191606793796	1.9356703308802163	2.2305817467559224	2.5888594963138964	3.928679143100163	2.8650711138783134	3.2353088671380608	2.8447695085662734	2.311235119517681	2.061922914475397	1.247173732858713	1.584145684650256	1.0950271938068146	0.7436065509134631	2.347584759041627	0.9204654538401571	1.0522468357646368	1.7203236909314352	1.5060449192992074	1.11633521205703	0.31531464286284167	1.606641960282804	2.910613667605409	1.654405583588308	3.0621974182653204	3.0581879820763445	1.9104826655771383	2.254786248952269	0.8188382716028316	1.2559358246877705	1.8598167796588765	2.491939853184949	1.5116058499217837	2.077198436949577	1.4664016654910226	0.7302248646673349	1.2309544517004605	1.1255190616850244	1.3048177103640455	0.8241326785750931	0.9921613687564598	1.44432592932175	2.603401002865791	1.4617536191863136	0.46595948955772887	1.5614913365492737	1.9697439578107976	1.4094357801768858	1.7803975261050382	0.05598644229987426	1.4261045185206687	1.9190720624844668	0.4482335248214938	0.7764141428613237	0.8283682219711683	0.9622282801345544	0.6764762761104233	0.4385642248594317	0.7254664443125429	1.3923967278348905	1.0928246265002488	1.0203412799963263	0.7687101376823531	1.527851295214279	0.5034317099142925	1.2305088112549083	1.542999047156054	1.0629345577143223	0.6492634491817894	1.1295512338779603	0.9328881136887984	1.4824968542869175	0.8965697932319053	1.1345677699131194	0.8970631950834798	1.1227488745943248	1.4419105380520907	0.8849705400430878	1.5763535829082476	0.0	0.7705903418969716	0.3236540645736302	0.7890513350665983	1.0938027219938133	0.9548444645070319	1.018655377168255	0.9548444645070318	1.037747033780844	0.71822971828617	0.6990760247952936	1.0853562857140626	0.9292441190557075	0.9548444645070318	0.9548444645070318	0.66944105392044	0.954844464507032	0.9548444645070318	0.8055066584597889	1.0058777400765015	0.9548444645070318	0.9548444645070319
m43	3.9934839623861524	5.423698588437694	3.4677608141313767	4.543627557316222	1.3673675106271324	4.379479237771299	1.1977268860580619	3.1273352417452416	4.624864256181592	0.6099999984534848	3.533282163691654	1.2869620866126643	3.3508945687402045	3.830468468296103	1.7374258475753348	1.9874936381546031	2.0342390281461813	1.8511582406729892	2.794185426451281	3.579580558725308	3.3271913940667823	3.5406703402394992	2.813465979488235	2.3151840020338654	1.9852448788418409	1.7891617897172436	1.354378232274662	0.4547889708956896	0.3168695454630959	1.9379607294962664	0.39511608036488194	0.3614174298865215	2.254316030759967	1.7701021990375112	0.39460691444424584	0.935376223842444	1.0436046889238069	2.565247283345248	0.93804649033205	2.9025216606154767	2.9544361105567156	2.0997233482850666	2.6077311258050595	1.298240200177117	1.1789400456941992	2.118961730509559	2.085154303109838	1.1306615473905026	1.5281955537347376	1.7786778063803532	0.746865343944866	0.7534239806821672	1.1965611556360383	1.6888794396786806	0.7799466384119594	0.7300361204120073	1.1117483979955165	2.9656497076970436	0.6972160322192561	0.45823093718656666	1.1873948317282708	1.3379325980913517	0.8871205911970798	2.0909926222860995	0.8121362973667215	1.2545499023320925	2.4897881958565793	0.6584168477380734	1.4589158522758698	0.3156852552425744	0.2803584976877302	1.221016187816037	0.47157435304811457	0.7913731059639887	1.4540783839015887	0.5675877627413066	0.2688378969213577	1.2290954880944616	1.0572852245027433	0.9341375350605844	1.2351320916169475	1.4274103705988	0.5515127594881487	0.7574555327194389	1.055013389315562	0.36412961638286456	1.1129131176725806	0.2760587065402285	0.38958351011856374	0.4278488083325737	0.7296121955693197	0.8160246413827692	0.3498281829062287	1.0018272724409405	0.7705903418969716	0.0	0.4975117991462829	0.14046955822218263	0.6767987295023113	0.39998289936237674	0.30879656485717005	0.39998289936237663	0.8485293204515693	0.951953712572993	0.37164627110777637	0.5562985821447788	0.4050557332752059	0.3999828993623765	0.3999828993623767	0.2616312112397307	0.39998289936237674	0.39998289936237647	0.7550395398876861	0.47522052665956555	0.3999828993623766	0.3999828993623767
s401972	4.348676691153288	4.927529594835408	2.990206721255023	4.51628291491244	1.4179428715916624	4.321345452061198	1.2616434633635607	3.1645981352293613	4.469906241223592	0.6955373970056821	3.6423377218959816	1.3925217943751471	3.0327647078497626	3.5760184072033905	1.5664161430826127	2.052477087943439	2.023095691453116	2.065836753780604	2.7448893718337715	3.7943610316299816	3.116274264488301	3.4613825747562563	2.6983634909501273	2.3697031403691637	1.8618771814423123	1.5265904130265693	1.3306688240391191	0.8683050524930691	0.5594694268109848	2.2798702861082263	0.7284617519107898	0.7384083351869147	2.005204659651982	1.4368292380673966	0.8762542649927386	0.4415333847888014	1.455593885577662	2.8105649544720945	1.4266220121970727	2.849629044629461	3.107800671235839	2.055560598960514	2.3585406112146754	0.8595782927091729	1.0506016412408903	1.8795063047498959	2.2200997113703145	1.4201587019965296	1.8795031928367403	1.6213054883195006	0.5101743374352598	1.1102726262437068	0.9887313104253572	1.3641684324182084	0.6940909368928224	0.8713665897025914	1.346979868593897	2.778075013473573	1.185415576991455	0.31217397307258	1.4258346882531021	1.6919348381367143	1.2758019890355952	1.962410643413161	0.3583608219571929	1.4243773017907386	2.0940247544991313	0.43673233178989235	1.0842500132314337	0.6318903803025313	0.6881522079907766	0.7973193050372086	0.2033915949308992	0.7760853799036703	1.3519340013021555	0.7710043426453864	0.7216545259183306	0.7921539263816285	1.3079501522712282	0.6413614908143045	1.2740484164236374	1.5601333100848445	0.8824837588316287	0.6904207543398807	1.171691215136109	0.7096313104943984	1.3555618347761824	0.6503118360163145	0.8610005350118063	0.7052612271524197	1.009332016286774	1.2203181018870373	0.6889913821444266	1.4238787623732398	0.3236540645736302	0.4975117991462829	0.0	0.5582678247165126	0.8584300877853518	0.7482281465464324	0.7077366919404362	0.7482281465464321	0.9668908154557249	0.601823540502174	0.4278621863338079	0.8769781401042323	0.7186662090321073	0.7482281465464321	0.7482281465464322	0.42690293153734044	0.7482281465464324	0.7482281465464321	0.6550418859613916	0.8135016386994484	0.7482281465464321	0.7482281465464323
m22	3.9270660556292594	5.4619956301095876	3.4973829296156365	4.580010097280499	1.2465582475421206	4.2576131071957	1.1903501001598624	3.247733114986331	4.672661659327929	0.7186537909354159	3.436362172453062	1.3642308491691584	3.348699401090144	3.9029368602501657	1.6450606812279662	1.9983179404793128	1.9606776953284812	1.8548284180231032	2.7020260236051015	3.5695850323879	3.251075499494613	3.4225612572977897	2.92811337251727	2.2345812459460697	2.1255122919465896	1.7211766098167984	1.49035056075788	0.413105591914043	0.26080159141246256	1.812666290403737	0.32836713866317513	0.4676964342948967	2.1771734885811336	1.892657590391294	0.3377993220708155	0.992292246766335	0.9348591613190883	2.514463917073574	0.8740297297861269	3.0378835646815183	2.8419386848219195	2.0065511537490326	2.6255687874753004	1.3843330170463346	1.3030819243011544	2.1736181766562295	2.195283433140553	1.0282611349285489	1.5014773835624187	1.7262039629823651	0.8636889621883633	0.6192386871973962	1.300388481227886	1.7446473202513872	0.8267104463985467	0.6975120003244675	1.0394235584036005	2.922067509508656	0.6937161583431379	0.4795519778655095	1.1489341737052146	1.3798089102293971	0.7624874721670886	2.0141012256001645	0.8319743092647461	1.1404187504397467	2.524972690247502	0.6606494648448379	1.4313548352104577	0.24953175308215095	0.3265258898794913	1.2717495215390455	0.537472947228265	0.6997332628760584	1.4830942702824423	0.6999712290714495	0.34817489023728654	1.3177782153721498	1.0842351431625938	0.9263051835077234	1.149799555842848	1.3233605733119438	0.487980630063642	0.6926437313728736	0.9232055132890664	0.34190567989455795	1.063051293146755	0.2807571414856257	0.40121647519930287	0.39086949638861207	0.6274635081919628	0.7820005549502587	0.27874815704311307	0.8873279925384252	0.7890513350665983	0.14046955822218263	0.5582678247165126	0.0	0.7326296855655523	0.3517432428006742	0.4140587860927343	0.3517432428006742	0.791487635505209	1.0572378465119303	0.46028318920452704	0.5342358549640409	0.37880289977150017	0.3517432428006742	0.3517432428006742	0.3017512289813354	0.3517432428006742	0.35174324280067415	0.8153084331403436	0.417464927292192	0.35174324280067415	0.35174324280067415
m29	3.653636137476749	5.487247906966082	3.446155482984231	3.8827140724592764	1.5480651397225118	4.7286414612361	1.8651443283028348	3.2712046234159713	4.018946837495762	1.083850070422226	3.2938341102182673	0.6473497406813317	3.05865921860086	3.3143150261072045	2.118092971403953	1.3574348136943137	1.7969619617275856	1.245313980571921	2.6702791564547295	2.9874366718027194	3.832420417848242	3.879982119074877	2.3153540739138783	2.04815248547438	1.908856526038514	2.191704620103839	1.1357803915492548	0.5350602296713083	0.5965762980195822	2.0410215287412625	0.5603693454936085	0.7194619191955858	2.6257735339514965	1.7190928080832286	0.8757604729253347	1.1342294201245147	1.1856181134108517	2.1116749506085313	1.129799979935869	2.595052975735954	2.8293425678360875	2.0289257574795974	2.180599339996666	1.5570466966453318	1.464054617188227	1.6399408460296385	1.6423659112601896	1.0767791906046211	1.1163171738793811	1.6120304169920743	1.0695833272573456	1.1533549037868782	1.5876111874243375	2.1687540482123366	0.43628614334616583	0.4926344170521502	0.8786026170755388	2.690026420915848	0.9911890569707372	1.034100860510466	0.7700485883429452	0.9150685887657622	1.1645102052508622	2.010552225932796	1.1036990436037217	1.275542396489265	2.9300385966603946	1.2252987179899362	1.6400875090236329	0.582626274539563	0.45333942133024446	1.629464751552742	0.966343180307207	1.3417696323217956	0.9280493233651183	0.6672058700471536	0.6615289247364214	1.4770593742811724	0.45705702994187836	0.9678045479125443	1.1543113603195307	1.361379005941318	0.5526868453998001	0.8938183375070557	1.382820300350946	0.45408925199620476	0.7642560471517151	0.4665607550441314	0.8747739772352063	0.4685703612960881	0.7943238863006089	0.6353518080783808	0.5803525740923635	1.2703746160386682	1.0938027219938133	0.6767987295023113	0.8584300877853518	0.7326296855655523	0.0	0.5083002797494295	0.6530236833868609	0.5083002797494292	0.6775015332293829	0.934562915695997	0.9500758412958644	0.3941472113565537	0.44147411840136885	0.5083002797494288	0.5083002797494292	0.5187369795795166	0.5083002797494295	0.5083002797494288	0.4298024252485507	0.5268276695266603	0.508300279749429	0.5083002797494294
m13	3.622121865411548	5.567489391416035	3.5417558176501642	4.282362726168927	1.169513263079052	4.309776972163162	1.5351829187776052	3.4293438212529233	4.4264984541024965	0.9936694159644782	3.167600095187355	1.145792026789614	3.2071566437525707	3.738476812184678	1.7545208059153625	1.6764306637009159	1.7158015400850595	1.5156000167718873	2.511262717653558	3.2223651337542463	3.4539982980675665	3.4744847601522117	2.81317798105687	1.9626949967925842	2.222529947393124	1.8743521919920327	1.505976425440208	0.15655470518577502	0.21705777619440564	1.6602479006457118	0.0648471871969064	0.6189850705149894	2.302878607480296	1.9940013242364336	0.48555055920741025	1.1310810472149366	0.7829045631490008	2.1699521189824864	0.8024851330205329	3.0259371092769833	2.6064888515575686	1.8339870997302332	2.4345800548806706	1.5937784544708697	1.5357459697596552	2.0048090422388056	2.0793366957752824	0.7653836642205447	1.1786634603378885	1.5568679465534285	1.089322884809784	0.6497360889761472	1.57727921726828	2.0522990978838647	0.6758802315416216	0.4027304243854285	0.7168078590573863	2.725120444164256	0.7463303744087831	0.78236516539741	0.7981600455775985	1.1561794338354296	0.6926328555945793	1.8646941370765422	0.9828617527124242	0.9411439523948875	2.8068184579805893	0.9593381785960298	1.495250292515152	0.14192110518602974	0.2636351469023194	1.5300297058056194	0.8066182936661258	0.9252048752561024	1.2486312318517565	0.784918159166606	0.47746944548352727	1.521037233970371	0.7811968839009577	0.9021314184348183	0.9411393021362713	1.0966171204482829	0.15502419735874462	0.6333587406016791	0.9273785038117152	0.07357011161569652	0.7168243644780429	0.15918569242509198	0.584797453027524	0.10239210347418722	0.38644618289972815	0.49208356498592526	0.09837081677999446	0.8244946577482312	0.9548444645070319	0.39998289936237674	0.7482281465464324	0.3517432428006742	0.5083002797494295	0.0	0.5421489129618411	4.078877297130035e-16	0.5160282870278791	1.1314540987481017	0.7682651847479051	0.19352561761229914	0.07553313596931144	7.134857379268761e-16	3.358321532987702e-16	0.33268508590558	3.4025407125246865e-17	6.924617835297243e-16	0.6914258452163442	0.07754793812410196	4.923021297556931e-16	1.5110661037201324e-16
m33	3.975151783204534	5.603818100178085	3.6626176005381597	4.517305561568182	1.6398309802264597	4.6665684916708	1.2799407741482436	2.8952785553001115	4.637163681779496	0.5323793020080022	3.7038387628560607	1.17297752594678	3.54215316612812	3.8445164251317245	2.0437237003181066	2.0024219986531273	2.2398427402995376	1.804185810634756	3.0370618676217083	3.5292499744320036	3.6035923861655808	3.8343641285787786	2.682437897832155	2.497275912966101	1.8133813185717167	2.0888387670237107	1.165280401802704	0.5169427846697858	0.5647395192964082	2.057852131954131	0.5712524918649322	0.07913634758184256	2.5581484828133774	1.7411637314495505	0.43668356191118635	1.119624190820701	1.1247235659305057	2.5913970473125842	0.8911545601582427	2.6910342030774332	3.136258615170946	2.351526460921715	2.740018741598483	1.3972128208339625	1.082830919848377	2.184773108193081	1.8407547262895685	1.2706841878960782	1.4728640678340288	2.0160609052173495	0.7663886160513247	0.9275588569449021	1.1805121956670594	1.7923120862832822	0.886500717436031	0.8812833498041708	1.2343429354867812	3.1810665803614993	0.5433050724338215	0.693989502781841	1.243483918922051	1.1382279182416015	1.0179663649972923	2.3511669265420703	1.0569250912946255	1.4679823146329576	2.644998147738086	0.8959798341583028	1.7381182705164755	0.5337246779739468	0.2935605506847825	1.384919489741571	0.6604951918645695	1.0792682268803582	1.5354652360002194	0.3336528249430547	0.09753044707158345	1.32532271774579	0.9872724135966315	1.1803559924520732	1.465283826248048	1.6356111780220441	0.6790214925511585	1.034543488710006	1.3270072135259217	0.4898599103278618	1.1929308063145179	0.3982313261893628	0.31040870687114125	0.5900425162701006	0.9098648782520794	0.7920333556878061	0.5440982943796472	1.0875085162739686	1.018655377168255	0.30879656485717005	0.7077366919404362	0.4140587860927343	0.6530236833868609	0.5421489129618411	0.0	0.5421489129618408	1.0312537749829223	1.0082094402887716	0.47362993297871775	0.6252894642336737	0.5392606827336002	0.5421489129618406	0.5421489129618409	0.47609951744294465	0.542148912961841	0.5421489129618406	0.8459292758191618	0.6104875169961692	0.5421489129618408	0.542148912961841
m38	3.622121865411548	5.567489391416035	3.5417558176501642	4.282362726168927	1.1695132630790521	4.309776972163162	1.5351829187776052	3.429343821252923	4.4264984541024965	0.9936694159644779	3.167600095187355	1.1457920267896138	3.2071566437525707	3.7384768121846776	1.7545208059153627	1.6764306637009159	1.7158015400850595	1.5156000167718875	2.5112627176535582	3.2223651337542463	3.4539982980675665	3.4744847601522117	2.81317798105687	1.9626949967925844	2.2225299473931237	1.8743521919920327	1.5059764254402077	0.1565547051857751	0.2170577761944056	1.660247900645712	0.06484718719690664	0.6189850705149891	2.302878607480296	1.9940013242364332	0.48555055920741036	1.1310810472149364	0.7829045631490013	2.169952118982486	0.802485133020533	3.025937109276983	2.6064888515575686	1.8339870997302334	2.4345800548806706	1.5937784544708695	1.535745969759655	2.0048090422388056	2.0793366957752824	0.765383664220545	1.1786634603378885	1.5568679465534285	1.0893228848097838	0.6497360889761475	1.5772792172682797	2.0522990978838647	0.6758802315416212	0.40273042438542844	0.7168078590573866	2.7251204441642565	0.7463303744087831	0.7823651653974099	0.7981600455775987	1.1561794338354294	0.6926328555945797	1.8646941370765424	0.982861752712424	0.9411439523948879	2.8068184579805897	0.9593381785960298	1.4952502925151518	0.14192110518602977	0.26363514690231904	1.530029705805619	0.8066182936661255	0.9252048752561026	1.2486312318517563	0.7849181591666056	0.4774694454835271	1.5210372339703708	0.7811968839009574	0.9021314184348183	0.9411393021362717	1.0966171204482833	0.15502419735874484	0.6333587406016792	0.9273785038117155	0.07357011161569611	0.716824364478043	0.15918569242509167	0.584797453027524	0.10239210347418706	0.38644618289972843	0.4920835649859253	0.09837081677999458	0.8244946577482315	0.9548444645070318	0.39998289936237663	0.7482281465464321	0.3517432428006742	0.5083002797494292	4.078877297130035e-16	0.5421489129618408	0.0	0.5160282870278792	1.1314540987481012	0.7682651847479048	0.19352561761229903	0.07553313596931108	3.057432484080861e-16	7.385462992565639e-17	0.33268508590557977	3.92658884260978e-16	2.859178002020065e-16	0.691425845216344	0.07754793812410223	8.826128745312643e-17	2.575464110655965e-16
m15	3.4571599761984584	5.404505547505386	3.316198968533572	3.9757496240055805	0.9140571167469076	4.11173673740593	1.9283455787797645	3.8680399137374533	4.100460772370687	1.43534824040804	2.7335169665827803	1.1968142549001763	2.7759566959436537	3.4916914219217547	1.6272641894731603	1.365811442953262	1.2090549424748813	1.34347977662364	2.0339834611431264	2.9821386553613825	3.4180787164394464	3.269106669046183	2.830479392757058	1.48001511090446	2.5077762455144197	1.785129545857762	1.7749830126676815	0.6179862314897566	0.5408886406096264	1.6033947631692878	0.5017007278835417	1.1098180606093053	2.1559487884804605	2.140519195238644	0.9750469738843831	1.2037456362561092	0.9421096763063936	1.881220623115264	1.1700748233225633	3.2373538188519584	2.230089069120852	1.373566004834624	2.0333943376521577	1.7635766228551186	1.9082831271437888	1.7378088559261853	2.288520779949413	0.6075221091847032	1.1549121486019325	1.0775926173667876	1.4066966174748905	0.9038991236499982	1.9253535460842375	2.3054476479447383	0.6234507501210939	0.18626835448622922	0.4228569727036786	2.2227210785646476	1.2372272136574312	1.0820438730737418	0.5677527507774176	1.3765063458544118	0.8996732737756011	1.397628960581657	1.0424572927031264	0.6426104362794781	2.9482551992902843	1.2097868245568377	1.3075312363919953	0.5483269724337678	0.7438047841265477	1.7052652169950566	1.1031690932194256	1.0845374878425398	0.9455159250534166	1.205759827918222	0.9812804807238189	1.6939906931301374	0.827029019514338	0.7263958482953962	0.4819373607738494	0.7080731773150204	0.4337074120789313	0.46628971480605863	0.867937541651515	0.5488790877844403	0.473320805375303	0.6357614232133347	1.096905908634371	0.4447423598473835	0.3904988289736464	0.7229707393767827	0.5367953527209222	1.0623460062592005	1.037747033780844	0.8485293204515693	0.9668908154557249	0.791487635505209	0.6775015332293829	0.5160282870278791	1.0312537749829223	0.5160282870278792	0.0	1.2613894602657583	1.1703623193156234	0.4769730307641362	0.4966601559588719	0.5160282870278792	0.5160282870278792	0.653570620731275	0.5160282870278791	0.5160282870278792	0.6940897874484957	0.46922817539670725	0.5160282870278792	0.5160282870278792
m10	4.563610426790726	4.680014136918564	2.751603874904138	4.189828004592414	1.88662894984263	4.800536902907605	1.7223662805310203	2.9741778981920266	4.065196044467632	0.9467158134563842	3.891439305824136	1.190905340547124	2.849500076071544	3.0780605811555097	2.0269273349196837	1.9396831295037273	2.2187294453638597	2.0527031739474406	2.990686565647716	3.7459013333364837	3.528356014425463	3.9297034185345714	2.1560141847304624	2.579083664664083	1.4283487084540234	1.9299734367310648	0.9546627259310404	1.23400927790784	1.0077308176764534	2.7590858940421668	1.1393221598553034	1.0270761942144355	2.388730066842458	0.8960202064776356	1.3394712145491519	0.48658968691654253	1.9108670209553422	2.9425514501385246	1.8390461549185713	2.3613861790256983	3.449939532903413	2.343865638800943	2.10418245877805	0.6974714601831042	0.9502317823355227	1.491642228762392	1.906738083289324	1.8097639112408705	2.0474396034323084	1.765155143506745	0.5561491706677476	1.650783257981116	0.9905778268499481	1.4674885109661835	0.6991452005282937	1.1318597717575478	1.641237055110522	2.790170735011098	1.5502716649070798	0.884249844586197	1.6149105184542878	1.7338549179419709	1.7792365331821345	2.189605280880141	0.7036020692231019	1.8411135293555276	2.149823560443889	0.9780402243870842	1.2976143853328015	1.0687370648646468	1.0152546743502764	0.9348048284635868	0.7167778574240976	1.367921776659582	1.18485573423409	0.8525586373495596	1.067674480160959	0.6206792459731066	1.3561958029575105	0.8538182437703389	1.5994333308013369	1.9260937941663028	1.2522438881854427	1.1017055928046149	1.7119613321606664	1.0711368599807565	1.5874445290360106	1.017795700411217	1.2740603474219212	1.0693278377438833	1.4310200806551068	1.507578207708948	1.1167116235610302	1.9186769881100776	0.71822971828617	0.951953712572993	0.601823540502174	1.0572378465119303	0.934562915695997	1.1314540987481017	1.0082094402887716	1.1314540987481012	1.2613894602657583	0.0	0.8627799516962559	1.1730322684081105	1.0717884517497045	1.131454098748101	1.1314540987481014	0.8224402504795524	1.1314540987481017	1.131454098748101	0.6256628021637809	1.1907943835500243	1.1314540987481012	1.1314540987481014
s62128	4.359833260269594	5.248887734126645	3.3706250161224687	4.772632111548316	1.5970400224237327	4.456056680064156	0.9586080993727719	2.895051236179797	4.787369486871846	0.32611156561086424	3.860188853405621	1.4903977208186743	3.4571242507450046	3.8995227411557907	1.7668372443907936	2.2764872171438304	2.3178738333990405	2.1766088175579243	3.044204298413891	3.915177404428562	3.222305013541344	3.6173234535124834	2.837678520342748	2.627498533033106	1.8061860467021167	1.7451923478665607	1.3011908092888513	0.8233643021141892	0.6425669743559118	2.2473793564205193	0.7588618343427695	0.46425549008786565	2.230479654315764	1.5802010998995373	0.6450906704717329	0.8172551751179625	1.3714304731925233	2.9306247028667487	1.2197914615745455	2.827318259876639	3.276343745873806	2.3448097799254906	2.753755084615371	1.0291556375173494	0.8754231427270569	2.230643274283886	2.165031233115116	1.4860438382429635	1.8831040352646875	1.9854713964502617	0.467962442022319	1.0132125653664283	0.8425734633930626	1.3399153165550164	0.975526936795289	1.0556305356380506	1.4718271925540454	3.1656236666999638	0.8944155758786628	0.3010863077008589	1.5456349859985474	1.6020353599174244	1.1867371556688981	2.2987445436011655	0.7468320976602503	1.5677943528803682	2.179524907063419	0.47288494405942755	1.4599821958626988	0.668779055252173	0.6171221637214999	0.9396634287156405	0.26548225901126843	0.8162485329029866	1.6651909765978103	0.5918754757113592	0.4938747637075172	0.9682444914981793	1.366893672978471	1.0433212133499923	1.5214839008259662	1.7424856625709078	0.9202172434621397	0.9697942542450265	1.265768059537396	0.7285485098037723	1.4743665675700526	0.6375745535258419	0.562020297928945	0.7816674933509089	1.0787559390343762	1.175329233300334	0.7112183144738087	1.2909389933541242	0.6990760247952936	0.37164627110777637	0.4278621863338079	0.46028318920452704	0.9500758412958644	0.7682651847479051	0.47362993297871775	0.7682651847479048	1.1703623193156234	0.8627799516962559	0.0	0.9179952518548133	0.7653228871756751	0.7682651847479048	0.768265184747905	0.5342692442618368	0.7682651847479051	0.7682651847479048	0.9279665283705236	0.8437317287191057	0.7682651847479048	0.768265184747905
s15827	3.4883361864406193	5.636482016007581	3.5884740851667165	4.111318626923079	1.247096690547434	4.423293256799167	1.7163021668503062	3.4667304015582565	4.285795355431535	1.1141806807541095	3.094744055432669	0.9978102587686288	3.16965954891078	3.6355073628390144	1.8960137068321048	1.504629279705751	1.6620159790919233	1.3238882003690542	2.4933419799819787	3.0361892356775813	3.6216746435156155	3.589417980045903	2.706748881658296	1.8897616258535779	2.224340705239261	2.0240356093079277	1.4732201563625649	0.20313259419272184	0.38310832551594287	1.6668607233264092	0.2464191826894147	0.7029038244832468	2.442599428987853	2.0204841550861965	0.6241693181722857	1.2297083816771874	0.8044344115602564	2.0134560479853243	0.8270904852551382	2.960425873894459	2.56277797774977	1.8345049046943753	2.3568994328969763	1.6990521138093322	1.6240003660156248	1.9183759798420832	1.9638375731284223	0.7301715737641803	1.011070216918177	1.5441332748515866	1.1934564892637127	0.7840709093000942	1.6959604577370844	2.2056895314002873	0.6384428145480773	0.33636390564273116	0.6190069756011309	2.679022174776634	0.8039891662900114	0.9529927265127872	0.6361248220767903	1.007542104682548	0.7758641560342838	1.8716053200693594	1.1066820025817623	0.9543993011055788	2.9603079990911696	1.134458904024219	1.5945551055407363	0.3262947230355735	0.33709560251623893	1.671982355025235	0.9554259951134966	1.109790926127842	1.1404897548575388	0.8177761275561712	0.5748181786565775	1.6233444798615897	0.5937998594105386	0.9656978407271736	0.9382877347019593	1.081676424326152	0.16745834004513027	0.7258443107535202	1.052260813971686	0.19677389802524703	0.5730340460802463	0.2812944542037802	0.7053862314385788	0.2002577776889496	0.424476128418647	0.3711091141805835	0.28938695314951274	0.8910788261788657	1.0853562857140626	0.5562985821447788	0.8769781401042323	0.5342358549640409	0.3941472113565537	0.19352561761229914	0.6252894642336737	0.19352561761229903	0.4769730307641362	1.1730322684081105	0.9179952518548133	0.0	0.17183492943668402	0.19352561761229894	0.19352561761229906	0.45234969317508616	0.1935256176122991	0.19352561761229897	0.66237572258327	0.16552037143377027	0.19352561761229903	0.1935256176122991
s15949	3.6424179711611187	5.522379122441194	3.4930353135473653	4.225843357718311	1.199555532795964	4.349315354472003	1.5688046464713654	3.4107744448611466	4.360749478641397	0.9877360161063097	3.1776456426564605	1.0834730824862129	3.1570404179851743	3.6650688993287703	1.7750792445196342	1.62775793627539	1.7044872319419146	1.4845000710087513	2.511803971452672	3.200311972319276	3.4804638384251607	3.5099664047356693	2.742585900248518	1.958866786202743	2.172440026817859	1.8851672263945132	1.4511625944889608	0.20222950260295433	0.21620538153388588	1.7199169519858024	0.11900978354512336	0.6178237083503165	2.315965250063124	1.9345805992624356	0.5403232360767921	1.0892573718967737	0.8492659831240097	2.167103348098228	0.863927000165109	2.968841925117889	2.630904649229353	1.8360984265561682	2.3745474344215953	1.55580117483573	1.5088805070016704	1.9335150566363575	2.0312853002783657	0.8028214608678238	1.1807783238650507	1.5309489511473215	1.0577908295841032	0.7228150730998603	1.5568874324031854	2.04131215563917	0.6032316770797119	0.3628215242535491	0.7238721061457749	2.6936053493723127	0.7892728935260841	0.7824718644340903	0.7840282682112222	1.139659332367831	0.7659152309686109	1.8549835655273366	0.9543629280771492	0.9713390427960714	2.7934968223254932	0.9626528706283429	1.4732905931103264	0.16394097352426465	0.2508567271680702	1.5092045827853546	0.791255282264827	0.9572932600845497	1.1826383090227255	0.7547414662390226	0.4860542237110376	1.4818482598211131	0.7404695460755213	0.8621198416932077	0.9403841706915199	1.1150946270419728	0.18976371731192565	0.622071585914857	0.972728235013378	0.05342235589919265	0.7097174312320266	0.14556147684844564	0.6210368234112588	0.06422261395607623	0.4287490470159311	0.513069038606535	0.14361050766332076	0.8979523858185252	0.9292441190557075	0.4050557332752059	0.7186662090321073	0.37880289977150017	0.44147411840136885	0.07553313596931144	0.5392606827336002	0.07553313596931108	0.4966601559588719	1.0717884517497045	0.7653228871756751	0.17183492943668402	0.0	0.07553313596931081	0.07553313596931113	0.29527623072666687	0.07553313596931141	0.07553313596931084	0.6179606667142259	0.12229219185951344	0.07553313596931101	0.07553313596931131
m16	3.6221218654115486	5.567489391416035	3.5417558176501642	4.282362726168927	1.1695132630790523	4.309776972163162	1.5351829187776052	3.429343821252923	4.4264984541024965	0.9936694159644778	3.1676000951873555	1.1457920267896133	3.2071566437525707	3.7384768121846776	1.7545208059153627	1.6764306637009156	1.7158015400850595	1.515600016771887	2.5112627176535582	3.2223651337542463	3.453998298067567	3.474484760152212	2.813177981056869	1.9626949967925844	2.2225299473931237	1.874352191992033	1.5059764254402073	0.15655470518577516	0.21705777619440558	1.6602479006457125	0.06484718719690682	0.618985070514989	2.3028786074802965	1.9940013242364327	0.48555055920741036	1.1310810472149362	0.7829045631490014	2.1699521189824864	0.8024851330205331	3.0259371092769825	2.6064888515575695	1.8339870997302337	2.4345800548806706	1.593778454470869	1.5357459697596545	2.004809042238805	2.079336695775282	0.7653836642205452	1.1786634603378885	1.5568679465534285	1.0893228848097836	0.6497360889761478	1.5772792172682797	2.052299097883864	0.675880231541621	0.40273042438542844	0.7168078590573866	2.7251204441642565	0.7463303744087831	0.7823651653974099	0.7981600455775986	1.1561794338354292	0.69263285559458	1.8646941370765424	0.9828617527124239	0.9411439523948881	2.8068184579805893	0.9593381785960297	1.4952502925151518	0.14192110518602977	0.2636351469023189	1.530029705805619	0.8066182936661255	0.9252048752561027	1.248631231851756	0.7849181591666055	0.477469445483527	1.5210372339703706	0.7811968839009572	0.9021314184348183	0.9411393021362717	1.0966171204482835	0.15502419735874504	0.6333587406016793	0.9273785038117158	0.07357011161569582	0.716824364478043	0.15918569242509142	0.584797453027524	0.10239210347418691	0.38644618289972865	0.4920835649859254	0.09837081677999468	0.8244946577482317	0.9548444645070318	0.3999828993623765	0.7482281465464321	0.3517432428006742	0.5083002797494288	7.134857379268761e-16	0.5421489129618406	3.057432484080861e-16	0.5160282870278792	1.131454098748101	0.7682651847479048	0.19352561761229894	0.07553313596931081	0.0	3.779043448905127e-16	0.33268508590557955	6.973177161034394e-16	3.997522502275328e-17	0.6914258452163438	0.0775479381241024	2.241963431328518e-16	5.630285923840042e-16
s39300	3.622121865411548	5.567489391416035	3.5417558176501642	4.282362726168927	1.1695132630790521	4.309776972163162	1.5351829187776052	3.429343821252923	4.4264984541024965	0.993669415964478	3.167600095187355	1.1457920267896138	3.2071566437525707	3.7384768121846776	1.7545208059153627	1.6764306637009159	1.7158015400850595	1.5156000167718873	2.5112627176535582	3.2223651337542463	3.4539982980675665	3.4744847601522117	2.81317798105687	1.9626949967925844	2.2225299473931237	1.8743521919920327	1.5059764254402077	0.15655470518577513	0.2170577761944056	1.660247900645712	0.06484718719690659	0.6189850705149892	2.302878607480296	1.9940013242364332	0.4855505592074103	1.1310810472149364	0.7829045631490011	2.169952118982486	0.8024851330205329	3.025937109276983	2.6064888515575686	1.8339870997302334	2.4345800548806706	1.5937784544708695	1.535745969759655	2.0048090422388056	2.0793366957752824	0.7653836642205449	1.1786634603378885	1.5568679465534285	1.0893228848097838	0.6497360889761475	1.5772792172682797	2.052299097883864	0.6758802315416214	0.4027304243854285	0.7168078590573865	2.7251204441642565	0.7463303744087831	0.78236516539741	0.7981600455775986	1.1561794338354294	0.6926328555945797	1.8646941370765422	0.9828617527124242	0.9411439523948878	2.8068184579805897	0.9593381785960298	1.4952502925151518	0.14192110518602974	0.26363514690231915	1.530029705805619	0.8066182936661256	0.9252048752561025	1.2486312318517563	0.7849181591666058	0.4774694454835271	1.5210372339703708	0.7811968839009575	0.9021314184348183	0.9411393021362715	1.0966171204482833	0.15502419735874481	0.6333587406016792	0.9273785038117154	0.07357011161569618	0.7168243644780429	0.1591856924250917	0.584797453027524	0.10239210347418708	0.3864461828997284	0.4920835649859253	0.09837081677999455	0.8244946577482314	0.9548444645070318	0.3999828993623767	0.7482281465464322	0.3517432428006742	0.5083002797494292	3.358321532987702e-16	0.5421489129618409	7.385462992565639e-17	0.5160282870278792	1.1314540987481014	0.768265184747905	0.19352561761229906	0.07553313596931113	3.779043448905127e-16	0.0	0.3326850859055798	3.2007223779435e-16	3.5713235955662227e-16	0.691425845216344	0.07754793812410218	1.5853815058816207e-16	1.8555321625398995e-16
s62154	3.9345340963430813	5.283904429143257	3.287983076329944	4.323715976797172	1.2776354644540668	4.35805048884932	1.411159152686667	3.2638294648785457	4.38439025150001	0.7864699126954667	3.3790051459595505	1.142708324447405	3.1000124943752665	3.601660537181022	1.6887304615279448	1.7743047410497905	1.8301166750941316	1.7011905374586709	2.6136941905501248	3.4320164636861707	3.346287231582073	3.5069451289058704	2.6754350208846915	2.1283706551392636	1.9901125786449676	1.7413069991825232	1.3248364413522846	0.4532745240917885	0.2001862793086423	1.9558814931077169	0.3283675607311297	0.5433627457066107	2.1969706832536207	1.6923517336959806	0.5995404322367954	0.8136008058895438	1.0927758442574016	2.4297716744972457	1.0701363797847823	2.8665836113719125	2.838189567630853	1.9255024443048638	2.3470490231973593	1.2621975843001907	1.2703430102728817	1.8734188989821505	2.0479128771233848	1.057577035432076	1.4585726481283372	1.5521080748854779	0.784331509254748	0.8487868433060552	1.2916189817886932	1.7600662934048872	0.5294575939177657	0.524303162847639	0.9762010176173767	2.725759896702012	0.8916561778859616	0.5344925037632375	1.0378046196504007	1.3237340069238706	0.9584483092440613	1.8949559426189613	0.6973347908029168	1.150644047585873	2.5127860430684983	0.7204906666963427	1.3049930892267263	0.24839778378926217	0.30508504245284024	1.2208814093406122	0.5111878337298353	0.8420845945829545	1.201729234030705	0.6409916226634861	0.45603579462004507	1.1889913064080035	0.9324013808834375	0.7152389061152099	1.0573040213108915	1.2930367708597195	0.4720405190222909	0.5787685241956958	1.0307627712674603	0.28592364930822917	0.9681936676396671	0.23650965883134945	0.6260238307137949	0.2927125384163995	0.6531001909655083	0.7947070408459203	0.29790632450908183	1.0991372398277874	0.66944105392044	0.2616312112397307	0.42690293153734044	0.3017512289813354	0.5187369795795166	0.33268508590558	0.47609951744294465	0.33268508590557977	0.653570620731275	0.8224402504795524	0.5342692442618368	0.45234969317508616	0.29527623072666687	0.33268508590557955	0.3326850859055798	0.0	0.33268508590558	0.3326850859055795	0.5148073776084741	0.40042140735405934	0.3326850859055797	0.3326850859055799
m12	3.622121865411548	5.567489391416035	3.5417558176501642	4.282362726168927	1.169513263079052	4.309776972163162	1.5351829187776052	3.4293438212529233	4.4264984541024965	0.9936694159644782	3.167600095187355	1.145792026789614	3.2071566437525707	3.738476812184678	1.7545208059153625	1.6764306637009159	1.7158015400850593	1.5156000167718873	2.511262717653558	3.2223651337542463	3.4539982980675665	3.4744847601522117	2.81317798105687	1.9626949967925842	2.222529947393124	1.8743521919920327	1.505976425440208	0.15655470518577505	0.21705777619440567	1.6602479006457118	0.06484718719690641	0.6189850705149894	2.302878607480296	1.9940013242364336	0.48555055920741025	1.1310810472149366	0.7829045631490008	2.1699521189824864	0.8024851330205329	3.0259371092769833	2.6064888515575686	1.8339870997302332	2.4345800548806706	1.5937784544708697	1.5357459697596552	2.0048090422388056	2.0793366957752824	0.7653836642205447	1.1786634603378885	1.5568679465534285	1.089322884809784	0.6497360889761472	1.57727921726828	2.0522990978838647	0.6758802315416216	0.4027304243854285	0.7168078590573863	2.725120444164256	0.7463303744087831	0.78236516539741	0.7981600455775985	1.1561794338354296	0.6926328555945793	1.864694137076542	0.9828617527124243	0.9411439523948875	2.8068184579805893	0.9593381785960298	1.4952502925151518	0.14192110518602977	0.2636351469023194	1.5300297058056194	0.8066182936661259	0.9252048752561024	1.2486312318517563	0.784918159166606	0.47746944548352727	1.521037233970371	0.7811968839009577	0.9021314184348184	0.9411393021362714	1.0966171204482829	0.15502419735874462	0.6333587406016792	0.9273785038117152	0.0735701116156965	0.7168243644780429	0.15918569242509198	0.584797453027524	0.1023921034741872	0.38644618289972815	0.49208356498592526	0.09837081677999446	0.8244946577482312	0.954844464507032	0.39998289936237674	0.7482281465464324	0.3517432428006742	0.5083002797494295	3.4025407125246865e-17	0.542148912961841	3.92658884260978e-16	0.5160282870278791	1.1314540987481017	0.7682651847479051	0.1935256176122991	0.07553313596931141	6.973177161034394e-16	3.2007223779435e-16	0.33268508590558	0.0	6.770955568525805e-16	0.6914258452163442	0.07754793812410196	4.780215884238814e-16	1.3955957165931808e-16
s402118	3.6221218654115486	5.567489391416035	3.5417558176501642	4.282362726168927	1.1695132630790523	4.309776972163162	1.5351829187776052	3.429343821252923	4.4264984541024965	0.9936694159644778	3.1676000951873555	1.1457920267896133	3.2071566437525707	3.7384768121846776	1.7545208059153627	1.6764306637009156	1.7158015400850595	1.515600016771887	2.5112627176535582	3.2223651337542463	3.453998298067567	3.474484760152212	2.813177981056869	1.9626949967925844	2.2225299473931237	1.874352191992033	1.5059764254402073	0.1565547051857752	0.21705777619440556	1.6602479006457125	0.06484718719690678	0.618985070514989	2.3028786074802965	1.994001324236433	0.48555055920741036	1.1310810472149362	0.7829045631490014	2.1699521189824864	0.8024851330205331	3.0259371092769825	2.6064888515575695	1.8339870997302337	2.4345800548806706	1.593778454470869	1.5357459697596545	2.004809042238805	2.079336695775282	0.7653836642205452	1.1786634603378885	1.5568679465534285	1.0893228848097836	0.6497360889761478	1.5772792172682797	2.052299097883864	0.6758802315416211	0.40273042438542844	0.7168078590573866	2.7251204441642565	0.7463303744087831	0.7823651653974099	0.7981600455775986	1.1561794338354292	0.69263285559458	1.8646941370765424	0.9828617527124239	0.941143952394888	2.8068184579805893	0.9593381785960297	1.4952502925151518	0.1419211051860297	0.2636351469023189	1.530029705805619	0.8066182936661255	0.9252048752561026	1.248631231851756	0.7849181591666055	0.47746944548352693	1.5210372339703706	0.7811968839009574	0.9021314184348183	0.9411393021362717	1.0966171204482835	0.15502419735874504	0.6333587406016793	0.9273785038117157	0.07357011161569584	0.716824364478043	0.15918569242509145	0.584797453027524	0.10239210347418691	0.3864461828997287	0.4920835649859254	0.09837081677999464	0.8244946577482317	0.9548444645070318	0.39998289936237647	0.7482281465464321	0.35174324280067415	0.5083002797494288	6.924617835297243e-16	0.5421489129618406	2.859178002020065e-16	0.5160282870278792	1.131454098748101	0.7682651847479048	0.19352561761229897	0.07553313596931084	3.997522502275328e-17	3.5713235955662227e-16	0.3326850859055795	6.770955568525805e-16	0.0	0.6914258452163438	0.0775479381241024	2.0077413791659643e-16	5.414980587842163e-16
s15825	3.951516882953738	5.060254390383195	3.0173150930258226	3.871573707157058	1.4874264096553378	4.596562052458921	1.8630266923799468	3.3526881102587556	3.883636219500683	1.1112497502365029	3.3244391384439154	0.8308964815065837	2.723742291785255	3.0887216647430913	1.9127784828588243	1.4172424337850122	1.704474145726909	1.4892225013110114	2.5441287690527195	3.1986193514773746	3.6070141607853525	3.731177861818826	2.2558588088352995	2.025154058858396	1.8557781668937516	1.9347102553768243	1.1619554264948113	0.7993027249392629	0.6384406470686783	2.2502117707631117	0.7093287903836355	0.9063865269891056	2.366256018530093	1.4639482114436233	1.0813757760809586	0.7854839840711608	1.4436605158303444	2.32332017291711	1.4581468650864442	2.614855146569078	2.8887406140895218	1.8997510895127971	1.8970828539436333	1.2583410126079686	1.3939367720348796	1.3663858846696788	1.8438683439124604	1.255628587754604	1.4730081608301115	1.376710181307565	0.9294112162678336	1.3015657987544689	1.461595421504532	1.9460812748628826	0.08589804032717728	0.551407419284713	1.0427666626718395	2.4518387031459974	1.2978493056840543	0.9236302634181798	0.9956771496294756	1.327787398476129	1.3665333423293755	1.808539920146721	0.7971228086265068	1.3251283936741143	2.62931650661391	1.0749305280189163	1.288628725506785	0.6831832330390057	0.6772668315614934	1.3527908235812007	0.827650039238483	1.2520155705515525	0.7407731234601621	0.8191038186459674	0.8654551781815346	1.1813156535486404	0.8177395770718296	0.6276246407599037	1.0879182807868546	1.3872523621396873	0.7588211988635186	0.7317150603509388	1.3657037246995902	0.6421580215053277	0.9736543630271918	0.6419851656327009	1.085119427374477	0.6053269610919106	0.9315622446786622	0.9988698822505135	0.71238940529996	1.5110626913516145	0.8055066584597889	0.7550395398876861	0.6550418859613916	0.8153084331403436	0.4298024252485507	0.6914258452163442	0.8459292758191618	0.691425845216344	0.6940897874484957	0.6256628021637809	0.9279665283705236	0.66237572258327	0.6179606667142259	0.6914258452163438	0.691425845216344	0.5148073776084741	0.6914258452163442	0.6914258452163438	0.0	0.7219096807253319	0.6914258452163439	0.6914258452163442
m19	3.5508404078294338	5.604057168931392	3.568254247949819	4.2518598975009	1.1315677103086095	4.285266332803803	1.592312758133988	3.4962419168541663	4.409438069985517	1.0697858104650109	3.0955406691637504	1.1530151120182512	3.1941047480866214	3.7441387593968014	1.756783479825833	1.6368298614970982	1.6599399298460438	1.4683831037729562	2.457642223087214	3.16550262238749	3.470054828661317	3.452476802883589	2.839795085806555	1.8974716824438562	2.286888125819144	1.890786756422292	1.5610153765555348	0.15938516267765657	0.26895632407182124	1.5979558036411274	0.09940395669129426	0.6870264385718088	2.3102440427744573	2.056490848858766	0.5249234100403821	1.1863989144164806	0.7315017579818014	2.098936776068689	0.785623686290026	3.0722686348255457	2.5345536281881422	1.7848422731368412	2.421179290498984	1.6612459359531895	1.6125000901777442	2.0087461163132505	2.1041855524038406	0.690643833536196	1.1215507734330716	1.525808876394225	1.165024468295914	0.6358694714903006	1.6544647000983281	2.12221794392869	0.6982230593428996	0.36890217078492754	0.64222964248471	2.68856593901277	0.7730391570222102	0.8482136383229801	0.7332195332593184	1.145939487582094	0.6569713850498183	1.8266636595610837	1.032176133742559	0.8790448170995042	2.8681863647843753	1.0196102154109001	1.513857532882944	0.1988548794744706	0.32994849230894124	1.5945439780482134	0.8775322512560143	0.9546551359725248	1.237291270697422	0.8516991714006542	0.5435198485177548	1.588599561325703	0.7583390215242203	0.9212552551059577	0.8917042697565649	1.0322561392719398	0.0775533185337485	0.6339653308936898	0.9046161019663508	0.1415029442931815	0.647444370440849	0.23420917216928552	0.63792052724034	0.12832824136108487	0.3225095218203736	0.44698363233867083	0.14906147023951982	0.7907798181446473	1.0058777400765015	0.47522052665956555	0.8135016386994484	0.417464927292192	0.5268276695266603	0.07754793812410196	0.6104875169961692	0.07754793812410223	0.46922817539670725	1.1907943835500243	0.8437317287191057	0.16552037143377027	0.12229219185951344	0.0775479381241024	0.07754793812410218	0.40042140735405934	0.07754793812410196	0.0775479381241024	0.7219096807253319	0.0	0.0775479381241023	0.07754793812410207
s62134	3.622121865411548	5.567489391416035	3.5417558176501642	4.282362726168928	1.1695132630790521	4.309776972163162	1.535182918777605	3.429343821252923	4.4264984541024965	0.9936694159644779	3.167600095187355	1.1457920267896136	3.2071566437525707	3.7384768121846776	1.7545208059153627	1.6764306637009159	1.7158015400850595	1.515600016771887	2.5112627176535582	3.2223651337542463	3.4539982980675665	3.4744847601522117	2.81317798105687	1.9626949967925846	2.2225299473931237	1.874352191992033	1.5059764254402075	0.15655470518577513	0.21705777619440556	1.6602479006457125	0.06484718719690667	0.6189850705149891	2.302878607480296	1.994001324236433	0.4855505592074103	1.1310810472149364	0.7829045631490013	2.169952118982486	0.8024851330205331	3.025937109276983	2.6064888515575686	1.8339870997302339	2.4345800548806706	1.593778454470869	1.5357459697596547	2.0048090422388056	2.0793366957752824	0.765383664220545	1.1786634603378885	1.5568679465534285	1.0893228848097836	0.6497360889761475	1.5772792172682795	2.052299097883864	0.6758802315416211	0.40273042438542844	0.7168078590573865	2.7251204441642565	0.7463303744087832	0.7823651653974099	0.7981600455775986	1.1561794338354292	0.6926328555945798	1.8646941370765424	0.9828617527124239	0.9411439523948879	2.8068184579805897	0.9593381785960298	1.4952502925151518	0.14192110518602974	0.26363514690231904	1.530029705805619	0.8066182936661255	0.9252048752561026	1.2486312318517563	0.7849181591666056	0.47746944548352704	1.5210372339703706	0.7811968839009574	0.9021314184348181	0.9411393021362716	1.0966171204482833	0.15502419735874493	0.6333587406016792	0.9273785038117155	0.07357011161569603	0.716824364478043	0.1591856924250916	0.584797453027524	0.10239210347418701	0.3864461828997285	0.4920835649859254	0.09837081677999458	0.8244946577482316	0.9548444645070318	0.3999828993623766	0.7482281465464321	0.35174324280067415	0.508300279749429	4.923021297556931e-16	0.5421489129618408	8.826128745312643e-17	0.5160282870278792	1.1314540987481012	0.7682651847479048	0.19352561761229903	0.07553313596931101	2.241963431328518e-16	1.5853815058816207e-16	0.3326850859055797	4.780215884238814e-16	2.0077413791659643e-16	0.6914258452163439	0.0775479381241023	0.0	3.4125282722876197e-16
s401650	3.622121865411548	5.567489391416035	3.5417558176501642	4.282362726168927	1.169513263079052	4.309776972163162	1.5351829187776052	3.429343821252923	4.4264984541024965	0.9936694159644781	3.167600095187355	1.1457920267896138	3.2071566437525707	3.738476812184678	1.7545208059153627	1.6764306637009159	1.7158015400850595	1.5156000167718873	2.5112627176535582	3.2223651337542463	3.4539982980675665	3.4744847601522117	2.81317798105687	1.9626949967925844	2.2225299473931237	1.8743521919920327	1.5059764254402077	0.1565547051857751	0.2170577761944056	1.660247900645712	0.06484718719690648	0.6189850705149893	2.302878607480296	1.9940013242364334	0.48555055920741025	1.1310810472149364	0.7829045631490009	2.169952118982486	0.8024851330205329	3.025937109276983	2.6064888515575686	1.8339870997302334	2.4345800548806706	1.5937784544708695	1.535745969759655	2.0048090422388056	2.0793366957752824	0.7653836642205447	1.1786634603378885	1.5568679465534285	1.0893228848097838	0.6497360889761473	1.5772792172682797	2.052299097883864	0.6758802315416215	0.4027304243854285	0.7168078590573864	2.725120444164256	0.7463303744087831	0.78236516539741	0.7981600455775986	1.1561794338354294	0.6926328555945794	1.8646941370765422	0.9828617527124242	0.9411439523948876	2.8068184579805897	0.9593381785960298	1.4952502925151518	0.14192110518602974	0.26363514690231926	1.530029705805619	0.8066182936661257	0.9252048752561025	1.2486312318517563	0.7849181591666059	0.4774694454835272	1.5210372339703708	0.7811968839009575	0.9021314184348184	0.9411393021362714	1.096617120448283	0.1550241973587447	0.6333587406016792	0.9273785038117153	0.07357011161569636	0.7168243644780429	0.15918569242509187	0.584797453027524	0.10239210347418716	0.38644618289972826	0.4920835649859253	0.09837081677999447	0.8244946577482312	0.9548444645070319	0.3999828993623767	0.7482281465464323	0.35174324280067415	0.5083002797494294	1.5110661037201324e-16	0.542148912961841	2.575464110655965e-16	0.5160282870278792	1.1314540987481014	0.768265184747905	0.1935256176122991	0.07553313596931131	5.630285923840042e-16	1.8555321625398995e-16	0.3326850859055799	1.3955957165931808e-16	5.414980587842163e-16	0.6914258452163442	0.07754793812410207	3.4125282722876197e-16	0.0
