	s12903	m41	m25	m5	s62162	s62160	s19481	m34	m32	s12438	s401660	s401612	m3	m1	s402150	s401656	s39326	m40	m11	s16001	s62172	s62156	m7	s402124	s62152	s15965	m46	s7857	s401652	m39	s7863	m36	s62174	m45	s62166	s39314	s401632	s15987	s15981	m37	s401654	s62158	m2	s401622	m28	m21	m8	s401964	s401614	s402122	m9	s401954	s19501	m27	s62150	s401996	s19507	s19505	s62164	s402112	s401646	s401618	m6	m14	s138530	s401616	m18	s9450	m4	s12614	s402120	m17	m23	m35	s401620	s401974	m20	s402116	s62120	s39352	s401956	s62168	s9586	s401634	m31	s402006	s19594	m24	s9466	m44	s15947	m26	s62170	s401978	s12884	m43	s401972	m22	m29	m13	m33	m38	m15	m10	s62128	s15827	s15949	m16	s39300	s62154	m12	s402118	s15825	m19	s62134	s401650
s12903	0.0	3.859861429734428	1.5791765528664639	3.0728521581345913	2.9141348482693727	3.9684161806703697	1.880372466869635	2.0230319508475825	3.6610795978262196	1.8179602592792976	2.749984483728255	1.185713186653398	2.4652692310921145	2.8142586374364336	3.0472314896482087	1.5951864173135606	1.9239121961362295	1.2761877852926353	2.764928584766381	1.5060536380985647	3.047163298813792	3.696298295145432	1.4617849390898383	2.902874074335379	1.0242808230514888	1.3784133430557157	1.428978506085439	1.9114762809615844	3.6592796693428498	1.7754799996717843	2.210705154388253	0.8543304372137229	2.916302706961832	1.5619277264567406	3.4281265334426063	1.2555769508015904	2.431022296938939	3.455134706136181	2.798312337507827	1.2781018324214988	1.4934001364192115	3.0582940169120865	2.3591512552096083	0.696299395609101	1.1506780411671593	1.9987251479649033	1.2972623362887965	0.7696873188923248	3.031108267484633	3.000397231135376	0.5481736046631307	0.4391274938332294	1.2233950313223383	1.6978821983919545	1.1025838653277336	2.1925279490139613	2.4896540236020708	2.6489827582507224	3.2609331436727236	1.7433355940606852	1.177695798267279	3.5979270426417513	1.3618686007390561	3.5189314755992767	1.7609697776586892	3.167964975330136	0.686350988433425	0.4983571275135996	1.578692483899228	1.2531710001676835	0.9477521647553727	0.871339972938085	0.7083631208794908	2.048763494461732	2.106418693459675	1.3581654007557316	2.4587265182515243	1.7516625412662852	2.4272406371456716	1.9297843431680448	2.698374557908467	2.194135555413741	0.9826876283369	1.8946182905782576	0.791712582232776	2.0286826394969704	1.856175795721342	1.4251798246535532	2.6375425546380757	2.625407190955158	0.859485923810108	1.6145362771588285	2.0710232197894256	1.5709361856508135	1.9380116870245487	0.8843705596177178	1.257977690650267	0.7610779027751395	1.6314019092510956	1.4640022655157041	2.078897524243672	1.4798580558179626	2.4534794330554073	1.1132007902061305	2.2544218213460856	1.5306461816682142	0.9296104723317948	1.4081245351207512	1.8793139915768533	1.1918776933285244	1.6266966944669679	1.4375061733350485	2.3030627325333315	1.3926110263633409	1.437506173335048	1.8676790222919126
m41	3.859861429734428	0.0	3.4307724805545585	1.4871789687770616	1.6043033163652207	1.2574399490757828	4.899149465360514	5.631888643370143	1.5484146347216354	5.02509040412292	1.866042382594355	4.542941024882454	1.5097848198877672	2.027924186180954	2.5520532083873086	3.3971823032388	2.672812780589532	4.107640814067039	1.609109125349209	2.917380423788435	3.347450573045632	2.6351011514287617	2.8509898226676436	3.125871074845772	4.200284824860875	3.0844284168803178	2.4953803353373942	3.0165575006739873	4.049086474142534	4.973382235834259	2.982023774519454	3.237392633015623	3.314408721979064	2.4516267911918463	3.803722900051034	2.61545852079587	3.8867368830024773	0.8558753276959639	4.619799066514672	4.13710473161347	2.659808843582605	2.5937571924705476	2.3771971792491984	4.222130140391929	3.4924362081889746	2.0028423360568275	3.335359111607839	3.18706637811089	2.9051361693129674	1.4939947811174965	3.9787401287723143	3.5319885071732435	3.3126437759085268	3.998828259092936	2.770734706893154	2.4674515945049182	2.209389605601361	1.584247179909369	3.9366422858309833	3.2161109944422117	3.3601927918410364	3.4446740674373046	4.178610747971846	1.5581356661301267	2.3251349852596332	4.281138514012809	3.8704165909790174	3.6503491693192514	2.9298718689011487	3.1810691050025666	2.988828584313053	3.863242754215097	3.494179984457812	2.3279673665648764	2.6320525900895575	2.6301774530544515	4.182668213596208	2.3901752340855196	2.3614338278391953	2.0228179705994793	2.674894670588984	1.936198978733629	3.0468550324266324	2.4287582364045894	3.2774406708044057	4.020100335788267	2.1518823246430756	2.5250543054502885	4.186122295279177	2.9869213048782566	3.2571203546739893	3.7030124610369053	2.9278362805979126	3.2285729451938248	2.353760264371735	3.1104276451383472	2.65218474382024	3.929860244337172	3.0954452876037384	3.0764886055991774	3.8838174512120833	3.479793565172694	2.496684683212899	2.917715686797325	4.12433172892986	3.023441588515879	3.428959152792567	2.8892905643165356	3.1820417245024406	2.9167837564805303	3.018669944180698	3.2925738179208723	2.8362712332130617	3.3803019091803623	3.2925738179208723	3.0278261527969077
m25	1.5791765528664639	3.4307724805545585	0.0	2.227316110355752	3.1863613768744217	4.026136814250153	3.347067731266839	2.601038171199694	2.66820209827744	3.213293561978006	3.1506261044265873	1.696178017671985	1.945232575159675	1.8337108262904418	3.752582318524596	2.697241794174733	2.6987741380331207	2.5992229131335316	3.0183734445604973	0.5587986647620836	4.024844138577621	4.340383159761536	0.6966997056086693	3.851475689278093	1.0469938521421793	2.312139283743708	1.7736174145357786	2.9015747227999413	4.769094401065672	3.165328965206704	3.1770790853463295	1.8367573630964114	3.8972636136098893	1.9900071750261923	4.520409256126409	1.5379137711525417	3.6900691378647434	2.9940541086254817	4.175525692740558	2.63370842711929	1.1054253828922451	3.7791949728515672	2.994992799108153	1.8126053406890432	2.345854181337153	1.508006011024469	2.3749836173388967	1.2450086566762613	3.8781718875866544	3.1775138318560354	1.9828079116620516	1.6668147556250008	2.3900797207995863	3.0285362445447137	1.5651169772209306	2.8708737811743994	3.059260068193033	1.9474661300943512	4.349823892445636	2.8459797259183808	0.5109561311535086	4.545140937220322	2.8394607695887726	3.7290597568958455	2.253024370345595	4.411091828082154	1.8183718860107323	1.807403108094547	2.388175741615008	2.326896220904386	1.6622175897332352	2.267061253879086	1.9892125994136745	2.6403616067586335	2.8944369828084033	1.9455143952363632	3.7884932830500073	2.2841531006550375	3.0792472748248945	2.12437305918917	3.4797626746028563	2.4836544110900824	1.8913476020531177	2.5222260498073967	1.888736509397222	3.4015734993427107	2.2000613642175755	1.9040998733023156	3.9650447290806476	3.55550271221215	1.941442818031809	2.9192547044141093	2.9154733755068536	2.6708149499695484	2.521103628917534	1.7812447607863484	1.7414014249231158	2.2657533112369777	2.6640316635247427	2.465782795919874	3.410574568653902	2.7341375657232057	3.129392517755875	1.209065669253909	3.6189061935679465	2.535890762073254	2.169530812405246	2.261908755332477	2.96259548713811	2.050628952622608	2.58530102071493	2.5596159050966536	3.1952818404375183	2.6003760421826247	2.559615905096653	2.8562755913455926
m5	3.0728521581345913	1.4871789687770616	2.227316110355752	0.0	2.171063796950163	2.417088207992782	4.5751071935876	4.714346252186498	0.6250408890723745	4.61428508880474	2.325908967176257	3.678087414983596	0.911287626401153	0.5535978336954436	3.100302435585774	3.269030962002751	2.706929660348374	3.7421885336540854	2.031140823124986	1.8173186399847627	3.824469804827164	3.4437645203760945	1.742479358454751	3.5388030037635843	3.151578648267502	2.851371111623737	2.0545548364383297	2.9551580375905133	4.597733339274166	4.561551836841374	3.0995898691497077	2.7360166901318856	3.747647648635512	2.149627182420916	4.2994581436499155	2.0172867169956623	4.018466498759215	0.9781826012472479	4.7320677581874335	3.772403589782263	1.6214087520120501	3.1353594091192605	2.645623713660875	3.495756204776873	3.167661588621908	1.1075649618444094	3.0735616928296916	2.3297377499408767	3.3797523672171406	1.9596776664535889	3.3646646551697637	2.87854290763291	2.9444687957342306	3.8357159710605124	2.170067523028725	2.5100539296253492	2.4753485945204385	0.44804302537208585	4.386305849143476	3.1417636111846914	2.2330013286919423	4.028970507554883	3.8491818717663335	2.352845125149305	2.1301161610158834	4.609800868806747	3.2491321210523267	3.0418868712647646	2.7827748640641445	2.804902294443429	2.3457278819781577	3.3994146816248234	2.970307134514767	2.376042020722596	2.742373889224614	2.1966246731302075	4.269150051584371	2.2445555020017367	2.608595698151787	1.7070471815429764	2.9936876795094753	1.8568903091784361	2.558827058191	2.3238132562890357	2.7529049928802887	3.962468308928223	1.9186838299005118	2.077865139190065	4.325158403517433	3.286735662681452	2.707690034936534	3.5486526050708327	2.782158712907835	3.092013891825588	2.271051992314278	2.5871357246692748	2.1016852040553156	3.4130636202829914	2.98440892280715	2.7684535377336945	3.8584599818165346	3.2499644850669953	2.629076889880216	2.0065890429768416	4.136099570458728	2.8240443556608925	2.943625713880937	2.523244468400497	3.1441910768161767	2.5165253714084437	2.7628899536582088	2.967276769223207	3.0217780924899786	3.1015345324272956	2.9672767692232065	2.9258253542175185
s62162	2.9141348482693727	1.6043033163652207	3.1863613768744217	2.171063796950163	0.0	1.10912314564221	3.5504449749356994	4.813419291661172	2.625972334962767	3.7587733203482987	0.2700503229077813	3.7843230230367806	1.579209606756097	2.4830946043193856	0.995460282936133	2.0551105337595517	1.2658746492512423	2.877142205390383	0.21532973285001464	2.6326879797707883	1.8031575522141967	1.3132997829905395	2.5220432136422706	1.5305199113262038	3.5908930427447863	1.8522378512602575	1.592003688241536	1.537203865312987	2.5203418951053282	3.7131980593353076	1.4190289101564952	2.172114064239524	1.7679507799470477	1.4414401055079757	2.2415656139698563	1.8000227238806459	2.3288886549977668	1.6330559821332076	3.0790332952335935	2.889561700249157	2.2347407299090736	1.0395745615519085	0.873945050013104	3.2807340069429656	2.24514332384808	1.791583362467919	2.086929484254626	2.4073080821366664	1.3347410611577384	0.517348195724783	2.8989782705964937	2.5265125148307854	2.0130102388107893	2.6099146466627716	1.8830828870024003	1.0216111348626842	0.6590684846396085	1.8973593717132533	2.444639786741671	1.7496273014642052	2.9181801607150444	1.9485771411572945	2.8263061988302782	0.7845864046997744	1.1531874910111821	2.7221480949185572	2.8842076077576504	2.6004533719598006	1.7060269906164716	1.9067849756761666	2.0213415735133196	2.6666533633511618	2.350099636525584	0.9335749155183738	1.1244505547419459	1.5666207461990846	2.6427642647035157	1.1971527674671811	0.7955730348195738	1.123338040765467	1.1063749191080463	0.8357191007235386	1.9454726274414686	1.0989937275392874	2.1694413290938206	2.5012369020093357	1.0908638116818155	1.5154369833336847	2.608228187397373	1.3845409740707249	2.1353429178141154	2.271414686364618	1.5772181495128905	1.82834161593131	1.0307423468791264	2.06222009747246	1.7032833196457369	2.721390646622962	1.6864146538420497	1.761393467080101	2.344969980599301	2.0652070856745035	1.048106393947651	2.2559202742874835	2.583526254521863	1.648272152191357	2.216261074813361	1.6624143626238892	1.678900168166825	1.7504004685662364	1.675493161192505	1.9567293203304714	1.2607167632254412	2.0050989819026714	1.9567293203304712	1.5736360035087154
s62160	3.9684161806703697	1.2574399490757828	4.026136814250153	2.417088207992782	1.10912314564221	0.0	4.639372656459562	5.883403692268863	2.661707290851893	4.860668265081143	1.3354205586300913	4.835352935595467	2.1775709460351815	2.86283668852886	1.6840558278714992	3.1515682897997026	2.3670313841816943	3.984054131504679	1.2151871899654465	3.4732259211695022	2.5788944859920195	1.5410525902153978	3.3584202049291756	2.306062401746033	4.578071493781034	2.9601788018173343	2.6276389855400364	2.549772838145966	3.1389623770391806	4.815827149207729	2.4088440416491648	3.2614795042646487	2.5929022005984135	2.5046952023839695	2.8806741917016394	2.808830081303206	3.29204183192408	1.542425758598932	4.02313771748294	3.9964205252363283	3.0608899430911096	1.7141421995873682	1.944158275323397	4.363664326203924	3.3540987734169954	2.527146568214339	3.195342925442376	3.386982344921576	2.020681962376408	1.0191646326468269	3.994811178757153	3.600197967320414	3.073282843165808	3.691953690832477	2.9123142031184046	2.0049215823744615	1.670501857416651	2.3359385599534823	3.2242078263364315	2.819799479903995	3.8086717472766973	2.406434490790498	3.919547193171784	0.6171823053121909	2.2233635930810283	3.545850926599843	3.9734420484656354	3.6881191118946655	2.80726771562062	2.9602921038398384	3.0429758216661487	3.7731544075228225	3.439313958490239	2.0373509128038836	2.1974043108786026	2.611553981914596	3.6175736445576603	2.290211185076034	1.8120094709646517	2.070811111481357	1.9204564986881099	1.789569462952959	3.0212683556139606	2.153872293796228	3.2514515379099835	3.5234124428835196	2.1136314197395825	2.545041076549822	3.532791337347334	2.253498204352556	3.192245855394766	3.349752782492377	2.457286832607898	2.9228522100291205	2.091361882756081	3.1404349242958025	2.721774372621411	3.8164799948478922	2.78034297129825	2.794053020152703	3.3490871764133208	3.128109538923275	1.9028919056085158	3.1757309169481163	3.5792172207328377	2.7267041690100413	3.2822508177959153	2.6962038649087	2.717219127459445	2.8292134263983506	2.683788967583517	2.9795876427798738	2.254963745574731	3.065858015158846	2.9795876427798733	2.5780401696785304
s19481	1.880372466869635	4.899149465360514	3.347067731266839	4.5751071935876	3.5504449749356994	4.639372656459562	0.0	2.4474814430801652	5.169331093247938	0.4139096405056725	3.3083159909823205	2.1367328356547617	3.774534849086671	4.462333990546279	3.198025344136459	1.523532328249438	2.289183587060243	0.8755086474431246	3.4953384576505186	3.212954667366104	2.6067024562089354	3.7632368584238893	3.2023344445635393	2.7377228306292927	2.6216238511453263	1.8192951857751416	2.5387986889356133	2.269873073680418	2.886975064229657	0.41973973239697504	2.3482020280132043	1.8432110391073324	2.4939240897583828	2.4993797067638357	2.8456684823633847	2.5595533178087777	1.6882930227991664	4.709595939116203	1.4683688564777846	0.8260141655168631	3.188614901359701	3.197062388720335	2.70185233856003	1.6080518370637733	1.4316080493592176	3.4769085124267667	1.5702020291310839	2.490141825878906	3.031461779023455	3.8203027980870865	1.380957664877611	1.805821021909513	1.8843892940900417	0.9599739337157641	2.4132138411326296	2.803288890110164	3.0164606900795734	4.132155264633237	2.4030550435694495	1.8577524508107541	3.0170081998996823	3.3362784490581583	0.8034724220830001	4.194483186421128	2.6451241736826363	2.139616763897119	1.5526081852608327	1.6245487453755374	1.9774601848433158	2.0235841920252717	2.33130857389984	1.193568535452573	1.6533343360958548	2.654570366937189	2.452259671481075	2.455494755209641	1.4496828774960049	2.5282628040361064	2.8669222453410663	3.0453420462016676	2.9591456815793036	3.1503243192213444	2.047491560562487	2.6512857038488216	1.8564201480717886	1.3231050426003506	2.8534462447288425	2.5650914795810857	1.7169502767624627	2.6303302712890866	1.9980116922996423	1.3083699058220286	2.715627445504995	1.7372350382823223	2.7029750834846893	1.9953865832192974	2.517459664875747	1.2668747216018057	1.8829809080808377	2.1776425934069827	1.535504702041981	1.6737945268374868	3.0128754341263915	2.8011910737364625	1.382527188620193	2.038123765408037	1.8066444288314556	2.3196657209720333	2.0210509148036664	2.1302557099601938	2.3010687070924787	2.053563826609945	2.461126282350878	1.795743302060959	2.0535638266099454	2.2905493689628154
m34	2.0230319508475825	5.631888643370143	2.601038171199694	4.714346252186498	4.813419291661172	5.883403692268863	2.4474814430801652	0.0	5.2117101554308425	2.0803750328192403	4.652262652402764	1.0969509947702225	4.1560221546736225	4.380882155889823	4.912935965560789	3.129868637022917	3.7212113944042806	2.3442018977010384	4.68824614141152	2.9003471980426045	4.652867105436177	5.5530986933012665	2.991383566476474	4.666682510177312	1.6035790071722644	3.073046521745928	3.2599149171379116	3.8084012606084605	5.151797048286122	2.069710289556862	4.04834728404102	2.654209535103059	4.516533891629667	3.3832519934721113	5.032993222743738	3.101745875694447	3.873855112813935	5.296484629113735	3.881950117732959	2.3577678972970846	3.2392501641481135	4.925570485993352	4.17699316523132	1.542664239429212	2.75458211647986	3.732206468802721	2.904588530990876	2.6739054918683545	4.8675436370388185	4.964862826995879	2.0012246016281017	2.3268462369736067	3.133868172732224	2.9467180708200726	2.992371104952552	4.1614118960143625	4.422413988300614	4.350139227053818	4.615701012115242	3.509637318646852	2.550535113209235	5.367700097335528	2.6215999511766093	5.48372303872031	3.6855870345373845	4.476209007223311	1.952122229776558	2.252460877093243	3.2416722514037515	3.2038354823269315	2.947952403990648	2.3422219696723414	2.5690573663415144	3.94052089218515	3.961323269284842	3.3222082001779443	3.74411285350095	3.6194198119946854	4.339867197165139	3.8694803637671193	4.608632806921932	4.160207001547947	2.9213192893169317	3.8571148064851886	2.7102206237821234	3.4528107163822415	3.7932777584072452	3.380068431946765	4.007235157574157	4.443858387399191	2.8523317138004454	3.1489969153886146	4.049549680280991	3.302875822888976	3.894422729055456	2.7695136840854495	3.21608275871335	2.352060692563783	3.409268256588472	3.4232856803179947	3.602453923593243	3.2527137408043933	4.431889233576798	2.9733452219095184	3.6144268355879365	3.420522575525673	2.857088814039568	3.4033742299213006	3.689842720863504	3.134444093069849	3.5903059949204374	3.3586809388251333	4.140874181613357	3.2370247490834245	3.3586809388251337	3.7824295734953255
m32	3.6610795978262196	1.5484146347216354	2.66820209827744	0.6250408890723745	2.625972334962767	2.661707290851893	5.169331093247938	5.2117101554308425	0.0	5.197000894594061	2.8149206381529575	4.184381015152671	1.4389855402721219	0.9670048660789278	3.5915954746557723	3.8488531712849943	3.275756593708665	4.324571089444705	2.514104008609316	2.3204069705542647	4.339996647871818	3.867754638178158	2.2778232790870883	4.069551073497691	3.6518963260100357	3.4353587096653784	2.64470059981886	3.553595390166037	5.109405647307193	5.143472930049985	3.6760301473800774	3.3313683952239157	4.269778552556467	2.7317359210569716	4.822114866682769	2.614996169210893	4.595656723266681	1.2147334184036396	5.310725876249003	4.358502649234913	2.2092539473988113	3.628605799497862	3.1787215759730922	4.053904739215298	3.7618845013525357	1.7074418604379733	3.6598792763458934	2.9278443788852	3.8930698269432154	2.410997414396445	3.9541926044174067	3.4747563327150273	3.56525735750599	4.424517319709913	2.773372472313292	3.0852847500253997	3.0119417719277743	1.0682126580911322	4.902741688336818	3.738442629004087	2.7525406387424534	4.523232572706368	4.4554138125916385	2.718854458272354	2.723636064897612	5.1598484922626495	3.8168988502217767	3.6355746918415086	3.351746316349615	3.4260105808974406	2.9637775356721487	3.9969572041421553	3.57917443590119	2.9436966081000024	3.310266651802478	2.811532803223629	4.8506033000287525	2.8262193136364395	3.1529834396253573	2.307973699998477	3.5301222476394365	2.4317453111069165	3.1703339145647242	2.9167071142994674	3.362408899214403	4.562877041610366	2.5140240813291355	2.6920241867999204	4.906774278333049	3.8356193062569286	3.3274937927932755	4.148797422305835	3.3775135388205513	3.6879648708168533	2.8595802055527666	3.1898034160547666	2.718306444313876	4.021878482424831	3.578792017872198	3.386924246081746	4.458029227108312	3.8638512116392247	3.1859112337931705	2.607636064238946	4.729669356008394	3.431847206361721	3.5646870457399205	3.14310909201287	3.740846172986451	3.1295333999528623	3.3774208609386056	3.587935578886211	3.585692437021972	3.7186442374710307	3.5879355788862104	3.528223066129216
s12438	1.8179602592792976	5.02509040412292	3.213293561978006	4.61428508880474	3.7587733203482987	4.860668265081143	0.4139096405056725	2.0803750328192403	5.197000894594061	0.0	3.529608769467861	1.851210642120979	3.823199076766709	4.471957999861185	3.493987468309702	1.7152295437118892	2.494031385573202	0.9176308510484436	3.6952726201355315	3.138235799288769	2.935216781081158	4.074807782435409	3.1531621680076625	3.0705852130280484	2.4194318470843195	1.9518505924708238	2.6105071262764246	2.5349485543604895	3.259713579365437	0.05601801998579703	2.6381467173189503	1.8905836522294026	2.815270681591527	2.5973301698502573	3.2215243934942848	2.604608893449259	2.0502826501406806	4.830740574105322	1.8533380623549947	0.8903798261674467	3.194042274176289	3.4971914794432513	2.9261321848155295	1.4144628327537652	1.5568001013545143	3.5096550283997674	1.7014288076218707	2.4899154502619427	3.3547057336151007	4.027176717481974	1.3255111741519836	1.7997970783862183	2.074541463510151	1.223651928501282	2.4624210260532062	3.0406297137860903	3.2550877348373097	4.177331195169587	2.7342898124865003	2.1170428164765673	2.9263165968296705	3.6999162505965186	1.0377520808157072	4.431282909859548	2.796842709366605	2.5138929536903025	1.4437413300663822	1.6139186347471621	2.1118835600813792	2.205223150239856	2.4029891042656795	1.2473199647653515	1.7278313061839463	2.8511740507893704	2.6909083741349042	2.573790851191329	1.8265498349642437	2.675638080475796	3.114448776911285	3.1743904141401016	3.253880815969158	3.320369468561613	2.142383599371457	2.847488992699075	1.9334113431710702	1.6866951747673824	2.9952825322874963	2.676407847188733	2.1087953277397595	2.945644352346259	2.10230060430164	1.5836913583778542	2.9668994929680763	1.9608977368513891	2.895301924141106	2.0560052677573872	2.6057707709872053	1.3430033967856083	2.105726215091134	2.3832177304676767	1.8931957221658196	1.925904885696572	3.272521804378917	2.816318512920746	1.7638228379643894	2.2514440833129097	1.9454088365291975	2.4926436441255184	2.2988885946907374	2.2599064250483227	2.5229733351730914	2.2729696101042025	2.742414411206259	2.02408224505101	2.2729696101042025	2.55007071714768
s401660	2.749984483728255	1.866042382594355	3.1506261044265873	2.325908967176257	0.2700503229077813	1.3354205586300913	3.3083159909823205	4.652262652402764	2.8149206381529575	3.529608769467861	0.0	3.644097749091994	1.6823877505144416	2.5921918089464575	0.7998103459489186	1.8284451495512415	1.0386077664838167	2.6610147092184246	0.3169365424076854	2.6058582346635086	1.5776465520947982	1.2307922466391004	2.4913269496975343	1.288324621687186	3.479804333790798	1.6525940047686034	1.4847968432629006	1.2851877537906067	2.3064621657403617	3.485363410731288	1.1504110364912599	1.9997495145935975	1.535856246816182	1.3176658380405777	2.0178056204816937	1.700739208704249	2.065559275537432	1.8456353271981576	2.820194041561174	2.669605061413298	2.199255704959164	0.8434160766827206	0.6372681188939294	3.112536962568163	2.032129571007979	1.8243004917956587	1.8779752647420875	2.290526152006351	1.1159316631623406	0.6609854590031955	2.708721486076073	2.3577757522382154	1.7918394259093158	2.367599728492235	1.762200219658347	0.8002170611712512	0.41048794787706633	2.0148780367857673	2.2249949683077124	1.494703315039135	2.853165107425745	1.7628572781206966	2.5851316684103467	0.9426630751537685	1.0039699453126878	2.476480865053401	2.7139750787575205	2.4210935743865156	1.5159890254006585	1.6941417788033086	1.8767613615761658	2.456792393951455	2.155480419572183	0.7238035778191989	0.8682093343516084	1.419136810841309	2.3811673771767845	1.0379437950795942	0.5314070259128568	1.0664739654682067	0.869611814766211	0.7666463848686286	1.7710929535887625	0.9035061318359986	1.9869076467960856	2.2356196628851435	0.9860358387672759	1.3856881175617672	2.343007141299554	1.124951572001295	1.951376578258267	2.020336940322267	1.3734557673363519	1.5875745946761208	0.8423020441860867	1.8965823413474694	1.577620325208794	2.507579105698979	1.445465051872252	1.5441813721778146	2.076795716250682	1.817753010221021	0.8455088977268743	2.1705605432670443	2.3171621453731657	1.4154680018792825	2.0101140716185033	1.4699984689193228	1.4174606004973944	1.5670371793163067	1.4558508147980758	1.7312147665212927	0.990719768447137	1.7670128628420043	1.7312147665212927	1.3283462747614672
s401612	1.185713186653398	4.542941024882454	1.696178017671985	3.678087414983596	3.7843230230367806	4.835352935595467	2.1367328356547617	1.0969509947702225	4.184381015152671	1.851210642120979	3.644097749091994	0.0	3.074426291778848	3.39239701998229	3.9903763731155246	2.279464232548956	2.76734007688947	1.6575348109901453	3.6600433150835467	1.8879262880623744	3.8350661218984374	4.626235905510309	1.9934852915909809	3.8282327069819115	0.8049500450725755	2.1299952753292484	2.210752893391925	2.9554649828003177	4.437176861040578	1.8133614439260228	3.1885292840827586	1.68388792145413	3.6946635044883314	2.343173788740733	4.291654427694084	2.0549688999546003	3.187682156774447	4.2421137195916145	3.3721853530875556	1.6912657519028684	2.254628058269061	4.009366488405595	3.203978588762504	0.6781196073098636	1.8933790895020453	2.677825595037863	2.008672596814309	1.7271981737128634	3.996962970512107	3.9435460185886058	1.1993341977691436	1.397370825220293	2.3062101276470433	2.274475524741529	1.9665617126212236	3.227505490522761	3.4535738953428443	3.3060210317269325	3.894400448840019	2.668668100478507	1.6271916850447994	4.561427971816471	2.0210640035647036	4.468763766408133	2.677928337309653	3.8451994795535502	1.0211787687074192	1.3495328652365242	2.2760301586267633	2.34833670811815	1.9955560664150633	1.5636508643647822	1.6961253816897488	2.953579775458114	3.0263237900741524	2.3337300385180186	3.1314408451306233	2.606683497152195	3.3867546725443436	2.840889639015479	3.7130421889101477	3.1481159470441096	1.9666421809780517	2.89266629076878	1.786236203407956	2.816633281552582	2.7723067944866595	2.376699242204909	3.3930025830199133	3.58891479669264	1.967059819691378	2.4089487227361235	3.205924929557522	2.4419299958910847	2.9188203341809755	1.7923706529966785	2.2160305324309455	1.6291533657240307	2.5264562980897547	2.5654240400930717	2.9331782165211786	2.4747346480094268	3.516677060702611	2.0110152013444234	2.999668480046923	2.534881995070606	2.0310677797557504	2.4977134182190954	2.8581229735313327	2.183449477105683	2.734439997762321	2.55336540631829	3.253305322730357	2.4345824741529003	2.55336540631829	2.9339771014456555
m3	2.4652692310921145	1.5097848198877672	1.945232575159675	0.911287626401153	1.579209606756097	2.1775709460351815	3.774534849086671	4.1560221546736225	1.4389855402721219	3.823199076766709	1.6823877505144416	3.074426291778848	0.0	1.1249623184908244	2.46693125070659	2.418604695044508	1.8856337688339764	2.9277682414467923	1.448906031305111	1.416036211138873	3.048015271658583	2.889208583050938	1.3675179917301712	2.8378290649458697	2.69638297927577	2.0102903986961027	1.2446988351651278	2.269263611193201	3.8459533756469417	3.769420225344439	2.380308090989385	1.9665444670084764	2.9578980662825356	1.3100504602753884	3.5845191128498435	1.2723922234705574	3.211553068981065	1.2637508450428685	3.901047608667801	2.9627504252084766	1.2545235208216488	2.507222414460951	1.8613455206155294	2.814945368833457	2.356587639220339	0.5615927244514426	2.2389406409686368	1.791362659721871	2.736836389699052	1.5604344150512381	2.6497911877725207	2.186288125446962	2.25707643289936	3.000518183407998	1.4453455354448408	1.880594159099065	1.8229628615969202	0.5806545175109314	3.5560221697806758	2.3659772855216366	1.8757063892963657	3.4163939517517137	3.0714106487595743	2.0392775494377977	1.3667391119362802	3.7966552716790316	2.511070499654733	2.3237772524283034	1.9161813402344838	2.128927293496648	1.7109668551827277	2.6328807014255875	2.247434447315813	1.6080064607917817	1.977917818533705	1.4810201861433392	3.448101933167879	1.4287878407118888	1.9255799547893389	1.0286517927354981	2.3767998216456356	1.2391100463121256	1.8270510936085165	1.6294866792890865	2.028523649796923	3.1775384415976604	1.188741718800549	1.3626821135819824	3.534508958851374	2.5930495477402133	2.04297904921879	2.7470756537242447	2.248711502145273	2.2888556779948286	1.569033189603333	1.8388357751182631	1.4120722496398554	2.694724443939187	2.1869724275037536	2.1116392157409476	3.091446797214412	2.519279739173613	2.0718776344131524	1.5323665944891338	3.3395696581838203	2.084176844102755	2.2668707534555543	1.8695106670329849	2.4048992371834275	1.777659821277819	2.12768458248075	2.32246081263446	2.291359400086766	2.392358045673098	2.32246081263446	2.258921294921945
m1	2.8142586374364336	2.027924186180954	1.8337108262904418	0.5535978336954436	2.4830946043193856	2.86283668852886	4.462333990546279	4.380882155889823	0.9670048660789278	4.471957999861185	2.5921918089464575	3.39239701998229	1.1249623184908244	0.0	3.3392952390732114	3.28055639711591	2.807594562945491	3.6447209832275376	2.3146468613611186	1.5064257710654525	4.017220552579454	3.7494551761698163	1.4175124628540599	3.714043271390009	2.7882878003217297	2.8475592680753135	2.037686872891769	2.9898904687781265	4.789635851490267	4.420486335633342	3.1936163970607896	2.6283958242722907	3.929366758536779	2.180512641510756	4.477544196912437	1.931182166693797	4.083626565148051	1.4314110350566893	4.772369907755313	3.672438869767751	1.3331521846219503	3.370078954820188	2.830781646062147	3.2629111328726075	3.1062268168697016	1.0428022030072783	3.044779442264196	2.074408820980808	3.580496065367952	2.261395880802928	3.1750597249830594	2.6924167422816603	2.8613802628318803	3.8069859676207685	2.0621211713368806	2.615221642691009	2.6640236477674186	0.6026340011138748	4.558549245073848	3.167605911203741	1.8566344092764382	4.241424819532714	3.7501591379929873	2.709430469812538	2.1938472712860873	4.7288086999000285	3.0715194262173755	2.868675063711629	2.8207324168373837	2.7267444278921666	2.190118797420498	3.26945541798013	2.8307010371040917	2.5048344417673554	2.8614686831550564	2.1518058007498677	4.311627248417514	2.32026791091378	2.780947172949195	1.7787492332074748	3.1606700744725114	1.994456752010418	2.4609743826980703	2.39490187775641	2.626303340722924	3.958119800211489	1.99287500805648	2.0410828721200795	4.380805935037742	3.4339159256284755	2.565872771805558	3.5279944630198603	2.7908544606294994	3.1012355118023023	2.356806567447175	2.4769824199140955	2.015908646814872	3.2540437791439127	3.008796737705686	2.7185802125644964	3.8677017118864407	3.206827419888061	2.7547035292969757	1.747065813354594	4.152412397702237	2.8192963377040767	2.813552711978622	2.4690094009251538	3.1799021522752673	2.457245095996873	2.7329429166574877	2.8964463334000756	3.145853703657864	3.0458118845659596	2.896446333400075	2.946009122276133
s402150	3.0472314896482087	2.5520532083873086	3.752582318524596	3.100302435585774	0.995460282936133	1.6840558278714992	3.198025344136459	4.912935965560789	3.5915954746557723	3.493987468309702	0.7998103459489186	3.9903763731155246	2.46693125070659	3.3392952390732114	0.0	1.8810240415751913	1.240093835049453	2.7301912055250783	1.0796368035113948	3.234863321847485	1.0149198952807494	0.649889710780495	3.1102193857330187	0.6231538046687548	3.9134228968646743	1.88127966755376	2.0183507356026564	1.227463283247132	1.6031877398706806	3.4584068328597892	0.9313340512958134	2.3155294076416375	1.0319205917521774	1.8288278423002753	1.2798421358548344	2.2337799766663213	1.673582882771577	2.5503434817820563	2.394594043200309	2.7223588715550133	2.8011079557167475	0.054590096835908784	0.8695723098677224	3.384568409310691	2.1739763112358905	2.5436083091502306	2.0416318409998597	2.7328945827490516	0.364704863173414	1.2516545690941623	2.916986005245407	2.662908465866894	1.9030987842085278	2.278786995124947	2.241203891586943	0.9847089126479084	0.7176924109083376	2.7815193440258397	1.721253242251467	1.443771112816115	3.39822464691841	0.9651178415791019	2.5360311498559325	1.2565856465240766	1.5008461729385274	1.9212954444423436	2.9909860184655845	2.6860111978021233	1.7767384770600134	1.8509966004764624	2.2697859363800075	2.5913407036092733	2.3778325999719514	1.1264280482087965	0.9646428379322222	1.8531779940429647	2.0059400222097503	1.5061551732075082	0.677352833532251	1.7026131462466005	0.47955747982959684	1.3918292476517524	2.0972889957398975	1.263199351821212	2.2674034904611444	1.955389310635517	1.5682888396940358	1.8676095655969234	1.873602838927497	0.6224263411833589	2.21484959443389	1.9273536316658737	1.3857328953130286	1.626882575023795	1.2474543899544315	2.243256895403127	2.049963161912953	2.6233927651201028	1.5080845604894766	1.67428241709582	1.7679614411643985	1.779231993822343	0.876825023146721	2.6810394848828714	1.9720729811708873	1.530399125262178	2.1793300238886295	1.7234311940197005	1.3013493947256898	1.881750038892202	1.5557254782145438	1.786899394986977	0.7910208993152479	1.7899530372044854	1.7868993949869771	1.2952742357979383
s401656	1.5951864173135606	3.3971823032388	2.697241794174733	3.269030962002751	2.0551105337595517	3.1515682897997026	1.523532328249438	3.129868637022917	3.8488531712849943	1.7152295437118892	1.8284451495512415	2.279464232548956	2.418604695044508	3.28055639711591	1.8810240415751913	0.0	0.7945937755249631	0.8706291317936908	2.0113332156112773	2.3361728266346753	1.5556416626515799	2.4849255518231845	2.2979976598518053	1.6133468161172113	2.4602791315877917	0.4381382198750382	1.2464857975874584	1.1066732609593382	2.1955151733431912	1.6702850501194635	1.1201479367701657	0.8847064200926021	1.4154083914329647	1.1204728071440697	2.050322977179395	1.3873945038005941	1.0602638245424527	3.2816550042224093	1.563741296782409	0.8784262555848025	2.1940840829222483	1.896280820729571	1.2159919008159552	1.6566893860509944	0.4463768724477723	2.2425973341574568	0.3277039310061587	1.715519688521431	1.8389782419198994	2.369963514646088	1.231003884171644	1.204068491265988	0.9650318010225774	0.606728397961806	1.2972246885135486	1.4757819595144082	1.5959509546916235	2.8379854583238684	1.7016573486388886	0.6291759769827953	2.3601518297026653	2.3545559995797563	0.9003797172326995	2.7514330011250707	1.2379218948098125	1.7315186343113256	1.269111015304169	1.1127639944970373	0.5133474890401988	1.0297055302181097	1.3582798559987825	0.8573398500130438	0.9359713516897779	1.1849139535279911	1.0269821365414031	1.2142896398423093	1.1557280019825777	1.0783539571284368	1.4588506205053142	1.6769034749698064	1.6973907197961273	1.7434008816676463	0.9791785928907343	1.2818538451125832	0.959102712975474	0.9391232506454882	1.4598608020745236	1.3044120816991713	1.3695418747010155	1.4424235166695327	1.134231212276532	0.49186185981690805	1.6490479023156202	0.4138942448872479	1.3103398405540347	0.9800676005054784	1.344253894253929	1.0393192491462464	0.5211552938169026	1.1224379567933467	0.9792050900307995	0.783846481289734	1.7359722066161667	1.8958221769665853	1.0758755963318396	0.8065923243089077	1.03765687150131	1.1895348095604608	0.8639074395423653	0.9446734349930205	1.224832664777268	1.1509731557380842	1.1556833840705938	0.8693210086562024	1.1509731557380845	1.161235561745278
s39326	1.9239121961362295	2.672812780589532	2.6987741380331207	2.706929660348374	1.2658746492512423	2.3670313841816943	2.289183587060243	3.7212113944042806	3.275756593708665	2.494031385573202	1.0386077664838167	2.76734007688947	1.8856337688339764	2.807594562945491	1.240093835049453	0.7945937755249631	0.0	1.6248458055137849	1.2194729015780392	2.2246686271092178	1.335812257338146	1.8620891594205222	2.143389605825596	1.2141683391211429	2.750236555026896	0.6559574968783963	0.9492876902133508	0.7473656081280035	2.1094885765293503	2.449023064152758	0.6934982170613471	1.116305890163253	1.2162200755350383	0.7464883992590055	1.8734059983885032	1.1734984317838963	1.3281995058808025	2.566844562337978	2.039913275341813	1.6333497224241702	1.9368147956022341	1.2657950325925824	0.4649827460352808	2.183413753764647	1.0151103171413465	1.8074502910842067	0.8549142950066283	1.7038739414876571	1.3125498440232746	1.5816475875468878	1.756655931109499	1.5027520923187425	1.0035583541613706	1.356298317576155	1.1541859224333069	0.8049475717866639	0.828897305374642	2.296417732591227	1.7828678383572705	0.6038539342510436	2.3599329484087006	1.9547948474483197	1.5815924294649917	1.9621606573286248	0.636628666367704	1.9317068365282613	1.7759064429919151	1.5120656879245227	0.5476738739626449	0.9619036820270734	1.2600215718130223	1.4586183036355647	1.2538959031852488	0.41435590515685106	0.3243068787431461	0.8765960816635874	1.5815895832588867	0.49463836570005215	0.7138398993514572	1.0705555651101042	1.0802331177749969	1.032489006942426	0.9820594812101696	0.6314621238698356	1.1357804656142367	1.373982748531662	0.8434884229075182	0.9225684564319195	1.6547631027735967	0.9825094823429725	1.1922337665074063	1.0426508844013271	1.2074220528043806	0.5928599149781536	0.6294477229282415	1.077677863298588	1.0670004373678685	1.5522662140121255	0.4689830251476364	0.9148388761951868	1.2776244314103564	0.9570225620332766	1.0781690995205044	1.7399688528383332	1.4951690307436802	0.602595913451453	1.1928046472719505	0.9000126588726516	0.6828078602270318	0.8047923702212249	0.9297522864525013	1.0673367315867361	0.6230903911291977	0.94705926008896	1.0673367315867364	0.8155688006233678
m40	1.2761877852926353	4.107640814067039	2.5992229131335316	3.7421885336540854	2.877142205390383	3.984054131504679	0.8755086474431246	2.3442018977010384	4.324571089444705	0.9176308510484436	2.6610147092184246	1.6575348109901453	2.9277682414467923	3.6447209832275376	2.7301912055250783	0.8706291317936908	1.6248458055137849	0.0	2.8088755794331317	2.4054546086238253	2.3196109429696667	3.3379839160785805	2.4079861941848515	2.4046288714307202	2.0443073600326915	1.0428488850182205	1.7114400160649326	1.7822349862984956	2.8276894354199955	0.865770432487363	1.8929029876464387	1.0282586290698852	2.1845311464365516	1.6850934330877678	2.7270812273326244	1.7348788609812076	1.5730436971169595	3.9287619460154253	1.729556220264875	0.07509772126451579	2.4146133861395556	2.740930319998141	2.0712575215144327	1.044013633759605	0.6657598183282559	2.646740595507098	0.7961725282288127	1.7689301127425652	2.6518746443791814	3.1499964809375633	0.7364203093966422	1.0678346373257825	1.328647624905678	0.628166099503597	1.6047859933954707	2.2201545721639366	2.411595910823381	3.3051550513770493	2.2884634976064437	1.3452858022694996	2.289801897400582	3.10985781668041	0.5593624898508568	3.5730828933813616	1.902517522922424	2.193805744899844	0.804518731969595	0.8824308504810657	1.20441597485782	1.4371061610704332	1.6038996223421385	0.47401017914034227	0.9466281194361639	1.970929065313881	1.8555931796797793	1.705392362465688	1.4834997839263584	1.7700843571574332	2.2829697442546513	2.2838383869714307	2.4981670759792385	2.4371089366360392	1.293936545815311	1.988305913128697	1.114658611731621	1.2434535906820718	2.1011461324476812	1.8022389427311518	1.7672199251004537	2.23695250447332	1.333668882934739	0.8992051733590508	2.2411655749749158	1.1387264983759409	2.02774169823779	1.2017905908920574	1.7488363758957175	0.7235614059615357	1.274827572350524	1.6182224127119302	1.398830027960912	1.223298303599235	2.4820131808329746	2.060056868575631	1.3873659206140563	1.435894818323786	1.2147025658989516	1.686557477436267	1.5593654829481751	1.4005131568689868	1.766056782295094	1.566063398718887	1.9714617110460813	1.298236916948451	1.5660633987188872	1.802868433970935
m11	2.764928584766381	1.609109125349209	3.0183734445604973	2.031140823124986	0.21532973285001464	1.2151871899654465	3.4953384576505186	4.68824614141152	2.514104008609316	3.6952726201355315	0.3169365424076854	3.6600433150835467	1.448906031305111	2.3146468613611186	1.0796368035113948	2.0113332156112773	1.2194729015780392	2.8088755794331317	0.0	2.4669134455282835	1.893060921839273	1.4546513397156968	2.345045077160905	1.5832729756352746	3.433532586478701	1.7766263499278487	1.456901625672362	1.4469089502657202	2.6189628202456965	3.6492813432395215	1.3810276277880844	2.0532271395778836	1.848591581267944	1.3243676539975167	2.320146026624283	1.6482855433869268	2.3380420663518597	1.5313168398463535	3.097314176674742	2.82012672728736	2.042368153070813	1.1187002854324113	0.8834355936729608	3.1614720514306502	2.1623335436716062	1.6192502741384949	2.014703864509945	2.2314254879714106	1.3920974163996032	0.41630491649209533	2.7817022996659633	2.3904263047683534	1.8858062782258227	2.570430665590097	1.7307744144457304	0.9033820074875389	0.600403215299393	1.7381915011321536	2.5368908497543203	1.6874532592987699	2.7398097664115735	2.0292714557539684	2.7511835847617516	0.8320128622099976	1.0112042624017952	2.7812326963430083	2.7744550074626364	2.475744252700318	1.6482574333670161	1.7708364445539868	1.854146706374755	2.5682783337931077	2.2243291518401676	0.8456344370075839	1.0791640792106187	1.4086381220786786	2.64911003850353	1.087444021592982	0.755705643243019	0.9348909800866344	1.096521761062177	0.6354297515506689	1.8077472373278203	0.9582232131810089	2.0367544241416544	2.467241539001257	0.9230986646607204	1.351797806832634	2.618724321059439	1.397319475547515	1.986142852282061	2.2165423580336934	1.440506584825352	1.761780755376435	0.8891665029011486	1.9306269033076189	1.5367673323457698	2.607233806780144	1.6176785809960137	1.6251028481937058	2.310450943367906	1.9730225098315028	0.9472416979136763	2.0677737826719746	2.56775855564015	1.543603620272777	2.0797660217145864	1.5092456932473908	1.61411828602742	1.6146606073708805	1.5396782026890474	1.8259671360556151	1.2406327512514943	1.8969048204425694	1.8259671360556151	1.4713396642193592
s16001	1.5060536380985647	2.917380423788435	0.5587986647620836	1.8173186399847627	2.6326879797707883	3.4732259211695022	3.212954667366104	2.9003471980426045	2.3204069705542647	3.138235799288769	2.6058582346635086	1.8879262880623744	1.416036211138873	1.5064257710654525	3.234863321847485	2.3361728266346753	2.2246686271092178	2.4054546086238253	2.4669134455282835	0.0	3.559516724626761	3.8081121684331674	0.2460540588236382	3.3752358319480535	1.3474221398680006	1.9201566902613114	1.2789061417210477	2.469710238400326	4.323541068118405	3.0869741739647574	2.7227114814463738	1.5118820479221942	3.436582559032295	1.4939782196791993	4.0682633835699065	1.0578238202044414	3.316348802806607	2.5050853780684097	3.863641364003186	2.4406908309663304	0.6736492516572739	3.2637568630754155	2.4832702356569007	1.8207564927383633	2.035699920032826	0.9699937354582088	2.0290202810442306	0.9737304802211034	3.382742512626534	2.6328244442592057	1.859631509109668	1.4524841970243987	2.042412759706075	2.7471886978697397	1.1252098451491095	2.3788403978830495	2.5371492409469854	1.4821805624112003	3.9279744043202354	2.441090007075491	0.5459827567750801	4.060557483878184	2.620862057454345	3.1826261862653866	1.7441096731373644	4.024295132105129	1.6981732344855138	1.6098127786533944	1.9665964926759074	1.9589434507647816	1.289920883946897	2.0586895798553604	1.7193192730356992	2.130024898893986	2.410026685209931	1.4823252008025976	3.4503400750405664	1.7815335039602538	2.566997348108902	1.589819915250645	2.9850316198459956	1.9510070612052461	1.5144835844315099	2.0285727227148103	1.5706505541454845	3.0786897357870293	1.6742126497675605	1.4222977418170972	3.6085023382858963	3.0823193895316305	1.619467335287164	2.591284164652708	2.4879246699545954	2.279501243624524	2.01854630999394	1.4255915105712822	1.2820935262340087	2.075795590861881	2.2511425014448854	2.0718315338180306	3.064319565108952	2.3853878396576222	2.6383427672856605	0.8488276765274071	3.289484120352301	2.1210863962161777	1.8679123491600806	1.8456187149764236	2.5465554096090144	1.6384488072000545	2.1772348408750957	2.199557071948491	2.7225481185839393	2.2464758703096503	2.199557071948491	2.43042023167345
s62172	3.047163298813792	3.347450573045632	4.024844138577621	3.824469804827164	1.8031575522141967	2.5788944859920195	2.6067024562089354	4.652867105436177	4.339996647871818	2.935216781081158	1.5776465520947982	3.8350661218984374	3.048015271658583	4.017220552579454	1.0149198952807494	1.5556416626515799	1.335812257338146	2.3196109429696667	1.893060921839273	3.559516724626761	0.0	1.3121409839063611	3.4776707558945543	0.5823005966567809	3.96151961066901	1.783919628288006	2.2833146011137857	1.4348028524772278	0.8098953610888362	2.907324910699816	1.063911699944301	2.310093159126874	0.14208358317930378	2.074014879366566	0.6934847073975074	2.508298386915918	0.9700567358336456	3.4232357091941448	1.535411333922152	2.3082338404753258	3.248595248534631	1.0121333421429088	1.1929229933171357	3.2053111662112377	1.9633905416333801	3.078571786479767	1.8410077744051976	2.976506768868122	0.8609184535169008	2.1795728792372646	2.745824392687643	2.658144365355073	1.9750104754221713	1.7527334572414808	2.47625832161197	1.580678540725006	1.4430249937454795	3.4617660855751056	0.7079782552626049	1.3305482831221502	3.6738195956495283	1.0452236774191204	2.136275151287332	2.2402525444329857	1.9028168217688923	0.9730485588331488	2.8219101525990924	2.6083832895574366	1.6909747998351363	1.9949649444091675	2.5165285379202147	2.3540746711864924	2.3396287831200007	1.5323316346342974	1.213625881902902	2.169202192945045	1.243947135918386	1.8048757493915915	1.3015840461433346	2.269105833345308	1.1779671097331006	2.0679616938033445	2.2193133883350384	1.7307046287446208	2.308101453092435	1.4344853585560882	2.066729596221513	2.2239028695661776	1.1367498192470842	0.8179237871374789	2.3411404176078996	1.5568527419478826	1.8746830714651024	1.4772490660245923	1.7360371652276518	2.3184379343113806	2.3723604053479694	2.445797076225106	1.4356317894889328	1.893641449042472	1.3139416357583147	1.6807829323747094	1.6042235222820402	3.03681094712132	1.3408992731827047	1.6331376997420262	2.227158240188256	2.018461652813809	1.282630407753515	2.048978444499359	1.8379054771728707	1.9347311107795746	0.9894561906676324	1.7870788729785199	1.9347311107795748	1.5339672296307774
s62156	3.696298295145432	2.6351011514287617	4.340383159761536	3.4437645203760945	1.3132997829905395	1.5410525902153978	3.7632368584238893	5.5530986933012665	3.867754638178158	4.074807782435409	1.2307922466391004	4.626235905510309	2.889208583050938	3.7494551761698163	0.649889710780495	2.4849255518231845	1.8620891594205222	3.3379839160785805	1.4546513397156968	3.8081121684331674	1.3121409839063611	0.0	3.6846279589292927	1.0569623514222146	4.550694780323555	2.507131924200104	2.6175041045297682	1.8628315909827036	1.6629406205320911	4.041367240829978	1.5607982474064248	2.9557063287673535	1.3881556312218322	2.42660616389979	1.404051162357884	2.838783536688635	2.1499615069260845	2.7529304132306014	2.795907668219248	3.3306874125990005	3.369100779561391	0.6439402127184417	1.45276491489141	4.025003696929011	2.8054409759918175	3.046095764465311	2.666301224804313	3.3601763548503967	0.7939298127135395	1.5176596115415812	3.5606581063775824	3.309705297922417	2.548409378744475	2.854794578986156	2.8613969892640267	1.5929485472895164	1.2950546891147516	3.1831473367930863	1.9520568832901382	2.076166610754892	4.003744918254211	0.9132299775653003	3.142804621146618	1.2644843028848078	2.1047082258799645	2.2030237134062913	3.62674517854452	3.3319736845290104	2.384725445350861	2.4964252790936277	2.9032643677391667	3.227316890209297	3.0266920611103627	1.73648963497708	1.6061050446043066	2.4773947653726354	2.468490294200876	2.1117457745433166	1.2979838211489203	2.248181564376139	1.0660924542999464	1.913987442292771	2.741315602039346	1.882873933397454	2.915177175622191	2.499608806728216	2.143357558197539	2.48080994143977	2.2987347255971216	1.196790102782348	2.861989327036047	2.5308046790489116	1.9557882509354454	2.259989489208952	1.8593218921812547	2.884269409052855	2.66768604952	3.265412122089909	2.1465742809747557	2.31379209265736	2.3134846329705088	2.4113339098940227	1.4284192918041734	3.28529449890243	2.4762132913022254	2.179927672335141	2.827215695745712	2.3605941584622205	1.9323234206533033	2.525490944798534	2.186830246704339	2.4201775556319745	1.4299746424523585	2.4299639799502435	2.4201775556319745	1.9266494004314298
m7	1.4617849390898383	2.8509898226676436	0.6966997056086693	1.742479358454751	2.5220432136422706	3.3584202049291756	3.2023344445635393	2.991383566476474	2.2778232790870883	3.1531621680076625	2.4913269496975343	1.9934852915909809	1.3675179917301712	1.4175124628540599	3.1102193857330187	2.2979976598518053	2.143389605825596	2.4079861941848515	2.345045077160905	0.2460540588236382	3.4776707558945543	3.6846279589292927	0.0	3.257769103280292	1.4193041310019574	1.8767420387290152	1.2099207346846286	2.3284945424859482	4.234322557354048	3.1028486578101204	2.597764067679724	1.469130470663546	3.358381265635744	1.4288917982741518	3.9600146245203613	0.9752691218889519	3.2395459862378257	2.3846932514634687	3.8099289767623095	2.436900954781484	0.4377744109143294	3.1366397418169623	2.3941132450664373	1.864541029763318	1.9962907730012538	0.8612817741222971	1.9943937156473928	0.8375337784132915	3.2519983237032823	2.4875936114896198	1.8463784350683206	1.4075700813853798	1.9132361137597744	2.714423535153916	1.033919960877518	2.2246573523341087	2.4038954928497223	1.3853217148187629	3.8758369726230453	2.3415302406336056	0.5156296051538121	3.926015164216867	2.5721443056496534	3.0401637699718416	1.6270982383167858	3.9557472743880804	1.7295465017634013	1.5801578744947438	1.9326761612031484	1.820934954729155	1.1490056656756107	2.0294935819707174	1.6480953269509282	2.0218069266074097	2.3022999999676386	1.3512610479180658	3.3864177553797474	1.6915873008567333	2.4388795901201297	1.4466029998292944	2.83941181671622	1.8016703704949715	1.4177945702093417	1.8876016346855697	1.4893127056072106	2.996555742223557	1.5446000441139573	1.289231968134742	3.52483881527155	2.956236604767675	1.4963933272978307	2.5220594155925267	2.3025669807302407	2.19914083337748	1.8812523776141674	1.3576785441282266	1.1464579270798343	2.017529238412642	2.162968862499989	1.9207673005094903	2.9684832903461404	2.2733083278580546	2.471604568506278	0.6513448259973937	3.2121662350996942	2.002565436792039	1.7497298983387453	1.6907160445401808	2.4282797127279507	1.5279803554350824	2.017175314054707	2.048750172460923	2.6042540370778826	2.124013032179357	2.0487501724609225	2.28215484226105
s402124	2.902874074335379	3.125871074845772	3.851475689278093	3.5388030037635843	1.5305199113262038	2.306062401746033	2.7377228306292927	4.666682510177312	4.069551073497691	3.0705852130280484	1.288324621687186	3.8282327069819115	2.8378290649458697	3.714043271390009	0.6231538046687548	1.6133468161172113	1.2141683391211429	2.4046288714307202	1.5832729756352746	3.3752358319480535	0.5823005966567809	1.0569623514222146	3.257769103280292	0.0	3.8430738410464405	1.7471608609485008	2.1208020522852262	1.073916959472746	1.1191219089969258	3.041301425937982	0.71344706962216	2.210946076332228	0.6017287643206999	1.928738626231036	0.7648527609240874	2.3249771909187613	1.1189441725116025	3.088068706709842	1.8080057404852063	2.3856443965971015	2.971476933461021	0.5977040256803426	1.0323838959869454	3.1841289873908294	1.9418089278291495	2.829551947216996	1.838149824178039	2.743891314776142	0.34349919511345295	1.8005312171996386	2.691994638292877	2.534456059006628	1.7265013846169592	1.871714776915796	2.288757906817016	1.1552510502694742	1.0668883075985973	3.177238169426146	1.250043900485577	1.1743967820837753	3.4649933149069403	0.7566980902761543	2.1447020368571836	1.868047433716108	1.653267429417552	1.3372284899979563	2.8084425831790307	2.5191402470804105	1.6851299695890962	1.722596177265115	2.2706562326643676	2.3257466633443737	2.2066357119386937	1.2883889658822527	0.9700740175117858	1.9184865221135405	1.445343039951074	1.6205922025122137	0.9352002040747359	1.9696253083592958	0.6511580831791508	1.7207516288617295	2.0359841141557116	1.3992113439681837	2.1518791286702954	1.4498688383257885	1.7890832770557412	1.9698716855800968	1.2735763753853337	0.32627049622373316	2.1145015417035484	1.5473601153625192	1.3911144002765379	1.3868634742550217	1.4133934617700026	2.1757138565975875	2.12663690513035	2.3542405946252853	1.309713171177509	1.5716013757017355	1.2634181848695296	1.4868056604835256	1.1030342939380509	2.7682137940592644	1.4252260278499789	1.3944510171812803	2.0100910583390474	1.702024312128421	1.031821331591992	1.8393296160531472	1.4736499258411555	1.6172845898347392	0.6571166384160302	1.5541471295091003	1.6172845898347397	1.1587754601639497
s62152	1.0242808230514888	4.200284824860875	1.0469938521421793	3.151578648267502	3.5908930427447863	4.578071493781034	2.6216238511453263	1.6035790071722644	3.6518963260100357	2.4194318470843195	3.479804333790798	0.8049500450725755	2.69638297927577	2.7882878003217297	3.9134228968646743	2.4602791315877917	2.750236555026896	2.0443073600326915	3.433532586478701	1.3474221398680006	3.96151961066901	4.550694780323555	1.4193041310019574	3.8430738410464405	0.0	2.1951550174391934	2.0155119315203955	2.8596232644692465	4.616160998934027	2.3795527543484054	3.150570227636269	1.6573318316183714	3.8258429069154762	2.200765981016943	4.4017356214515235	1.791714009301104	3.395208217516322	3.7831032500654698	3.7212695678718184	2.068550415657836	1.693516377666984	3.931850042650761	3.1540921892997846	1.041945203752227	2.036925953329901	2.2254063360555434	2.1437412433284884	1.289656975390558	3.950013895409962	3.6503087052278835	1.378487017265524	1.3201908563075209	2.203705365202994	2.5851354438216307	1.7179098584387504	3.0363738944970757	3.2922271634297333	2.801907846540258	4.157126267111995	2.6976818946792727	0.954300271161268	4.556164893978351	2.2881864562461445	4.198837483545764	2.4834306266277197	4.114606173928979	1.271826445444577	1.3826682873020975	2.344220811198888	2.2045903697135647	1.6972189366388086	1.7667297614660287	1.6698279495984694	2.828061264012823	2.967778306624494	2.097677624390851	3.4072497887185222	2.474591231687529	3.2589727070165324	2.529508468326996	3.5950995974195115	2.861623076866003	1.8240572982324785	2.698844858470434	1.6925041406967232	3.0141902463858528	2.5202466282484757	2.1172719339018706	3.6173842115548176	3.5618950155374085	1.7832183315346002	2.5780106979278488	2.9702134074105153	2.5008265939504066	2.7234632299321557	1.6829056503531057	1.9312702619726883	1.7394167007535948	2.5496645014441954	2.4008510070320406	3.07887231481752	2.482375056132834	3.307440215382756	1.5072015457385342	3.22954554540897	2.461624465390733	1.9186221547918005	2.283247563734362	2.8452641760532007	2.037826950267272	2.5552816073566134	2.4119255998465956	3.2156129830870253	2.3877441126482863	2.411925599846595	2.815691432678617
s15965	1.3784133430557157	3.0844284168803178	2.312139283743708	2.851371111623737	1.8522378512602575	2.9601788018173343	1.8192951857751416	3.073046521745928	3.4353587096653784	1.9518505924708238	1.6525940047686034	2.1299952753292484	2.0102903986961027	2.8475592680753135	1.88127966755376	0.4381382198750382	0.6559574968783963	1.0428488850182205	1.7766263499278487	1.9201566902613114	1.783919628288006	2.507131924200104	1.8767420387290152	1.7471608609485008	2.1951550174391934	0.0	0.8122092425791092	1.0576321174586831	2.4936836508477525	1.9022346506360477	1.1561950326070207	0.5537624081579426	1.6467249584072754	0.7060655010385766	2.303120024252685	0.9515345746338402	1.4286105318737405	2.9240386047224463	1.9907386815024426	1.062996020866288	1.7711119464254885	1.902567612410118	1.1101115604844576	1.5408482200929006	0.4251236466451859	1.8095355032612328	0.25140281800711844	1.3495124622466788	1.9043830923150156	2.1263058359280937	1.138574908064251	0.9469199712026842	0.8260784610659153	0.9904412652416579	0.872196022022444	1.3041555111794438	1.4414817289356565	2.417256620857525	2.043774217225073	0.708580147712687	1.9797152128576738	2.4999833907760873	1.1325990584532948	2.564578725028108	0.8918049372202645	2.113797116490886	1.1285400316640153	0.914670461773724	0.2314583841175376	0.8373503217130884	0.9908688761370928	0.8600443239967809	0.7325183603848044	0.9553116976809718	0.9353299948053018	0.8255536405199632	1.56587109178722	0.7344439956691464	1.3385532748331532	1.3019597967701166	1.6698106556268058	1.4296691599682894	0.6187879882846081	1.0230498595683826	0.6627027813978423	1.2864528628591527	1.0999398470472852	0.904899266085172	1.7431695759959651	1.5202508266854076	0.8580722080903933	0.8000814576274501	1.514088968342154	0.4720200169721983	1.043275121715738	0.6101349088554198	0.9360274925587481	1.0168059624331454	0.49766809544054325	0.9463699848967853	1.2850083818815468	0.8368819160805773	1.60055939627429	1.4974864870677043	1.4542941530913565	0.6611052432267482	0.8588303632672655	0.9218923334719977	0.9177547443144598	0.5914551479860852	1.0655836769156362	1.0391246025818814	1.1720415248605236	0.8296103102734437	1.0391246025818817	1.090473387900735
m46	1.428978506085439	2.4953803353373942	1.7736174145357786	2.0545548364383297	1.592003688241536	2.6276389855400364	2.5387986889356133	3.2599149171379116	2.64470059981886	2.6105071262764246	1.4847968432629006	2.210752893391925	1.2446988351651278	2.037686872891769	2.0183507356026564	1.2464857975874584	0.9492876902133508	1.7114400160649326	1.456901625672362	1.2789061417210477	2.2833146011137857	2.6175041045297682	1.2099207346846286	2.1208020522852262	2.0155119315203955	0.8122092425791092	0.0	1.330654820832336	3.056922407503747	2.558294710245353	1.5043109409907098	0.7483890742525346	2.162573449608524	0.22184167568479582	2.809897302346301	0.26289940484422514	2.1442746879731414	2.242767875409767	2.7767299977293716	1.7389938078769105	1.0709888012097266	2.048171410561177	1.2239081131212122	1.7648055603433102	1.1180724340991426	0.997693258646175	1.0209991747840426	0.9724764521726366	2.153122353085398	1.7466673821837337	1.483368125219596	1.0513540098211596	1.1203352265409625	1.7898417849403796	0.357174757497832	1.253102548504376	1.3709012991826799	1.6174639851327381	2.687583371998686	1.269837236335597	1.4778644045237903	2.829121363278194	1.8273566657684095	2.269278577925802	0.5518297168510476	2.816548719626657	1.401806978718306	1.1562583789512724	0.796972391131848	1.02556824792029	0.6934506944800914	1.4029108538683694	1.0360688955382347	0.8922369595610838	1.1513199810293486	0.4406923068172763	2.331920717508386	0.5171256886558324	1.3627849896710806	0.6943091540684858	1.8012831045122941	0.9846909189537042	0.6261304656153988	0.8785576037582897	0.8235988777465549	2.016181696835644	0.6017331769192589	0.3933782774314419	2.45952068508038	1.8461207748275241	0.9095529816481256	1.5490575594749056	1.5242832973718339	1.1314387448531338	0.8621920118732509	0.6282816074356451	0.4154631741832013	1.4767731235632593	1.065771932870031	1.0874657192580304	1.9664623300771602	1.3634592251557882	1.5542287423009284	0.9420448563127175	2.199020947395829	0.9906832509168372	1.1035321126748283	0.8770123828084393	1.3759266127034375	0.6026736694323587	1.1753858204032095	1.270781443703211	1.4786785462909449	1.2520847653390594	1.2707814437032108	1.3247676637743218
s7857	1.9114762809615844	3.0165575006739873	2.9015747227999413	2.9551580375905133	1.537203865312987	2.549772838145966	2.269873073680418	3.8084012606084605	3.553595390166037	2.5349485543604895	1.2851877537906067	2.9554649828003177	2.269263611193201	2.9898904687781265	1.227463283247132	1.1066732609593382	0.7473656081280035	1.7822349862984956	1.4469089502657202	2.469710238400326	1.4348028524772278	1.8628315909827036	2.3284945424859482	1.073916959472746	2.8596232644692465	1.0576321174586831	1.330654820832336	0.0	2.05035386058699	2.4989730990065473	0.3804611213399792	1.3292124986345073	1.347030627278428	1.2099188570638564	1.7103367892912003	1.4567712779875535	1.2420944259116893	2.744872507694281	1.972922862517593	1.7598719438383996	2.0318861757543387	1.2227659522869214	0.9351514311372625	2.318780904334444	1.2007415334053415	2.0736352234974493	1.15698994893402	1.7212442452178218	1.1469789761675582	1.6684064693990746	1.816905008622221	1.5821929032340376	0.7018173976282891	1.44846762218889	1.3753098570478188	0.5838581092075655	0.8909260473539302	2.5381507463604653	1.9371199105255703	0.4951939563971668	2.4708103569538697	1.715895156653455	1.5043186945265057	2.015576162678266	0.9236212971279566	1.8950930612451362	1.9752326029650507	1.6063991563110307	1.1104359185896695	0.6714401878896283	1.2551571288967383	1.5246261754801862	1.2639919946076505	0.788542581547337	0.5681490638639151	0.9954027249492934	1.5119263653133956	0.9588552560228294	0.769290393528195	1.262555317663764	0.8258736631738498	1.1493940632458455	1.0759488284989465	0.6474394193155278	1.1921324906511865	1.166557557925479	1.0809890963122906	1.0766902040360216	1.4694680171275345	0.7621275244038223	1.0831588011910804	0.9985334158359213	0.5840880266471574	0.7008251014167765	0.7150982906190441	1.2519366391537006	1.1896705740615332	1.4764819905970328	0.6033271804597307	0.49992297762476434	0.994678764607211	0.6277324846251903	0.7463477393929219	1.7685405874309832	1.3222211981088987	0.43796297344513047	0.9936460982665549	0.6620313847332948	0.3028311608577272	0.8835898024154049	0.4080646880354289	0.5666821210817918	0.5209709590498239	0.5907405105560917	0.566682121081792	0.10314136219427908
s401652	3.6592796693428498	4.049086474142534	4.769094401065672	4.597733339274166	2.5203418951053282	3.1389623770391806	2.886975064229657	5.151797048286122	5.109405647307193	3.259713579365437	2.3064621657403617	4.437176861040578	3.8459533756469417	4.789635851490267	1.6031877398706806	2.1955151733431912	2.1094885765293503	2.8276894354199955	2.6189628202456965	4.323541068118405	0.8098953610888362	1.6629406205320911	4.234322557354048	1.1191219089969258	4.616160998934027	2.4936836508477525	3.056922407503747	2.05035386058699	0.0	3.2440973657651897	1.7088230021262139	2.997438682357429	0.9201037011465074	2.8549134557602804	0.43992810840077806	3.2681650548090584	1.2900182160800049	4.134517146012984	1.5167353513488162	2.80374999657934	3.993236023614629	1.581127204960341	1.9879073445462851	3.7904027041402104	2.589523924191417	3.8636653782532417	2.502576937895667	3.6695132512158244	1.3510009424652143	2.8498556058297053	3.321925302351163	3.306010631151527	2.577666219202947	2.2080848063926313	3.2177023627792276	2.25996948578764	2.1584491486436868	4.2394508484512965	0.7586172668020859	1.967779515942691	4.394529644435419	1.0465376991734507	2.568453084443313	2.8143691714561445	2.6695622084678408	0.789947170545741	3.4401423973549417	3.2365809520737208	2.432905735102848	2.621097339048909	3.211343982340413	2.9176387383928364	2.966945687880915	2.3065919128486136	1.9673910490286814	2.903385567515284	1.4442900543394925	2.585500954935371	2.0238738125563374	3.0325537422758164	1.761509020545008	2.811054816348105	2.9146495279507176	2.4599693786450607	2.972662474670273	1.7692113047405535	2.8337063368409625	2.9690457145123976	1.229498086547536	1.4170852649077017	2.9877674341931533	2.0747508279603464	2.429488924150254	2.133651886881708	2.4758721215886412	3.0181094167333575	3.1078620638507575	2.984707736175242	2.1188486677632223	2.517528945948562	1.6711269611132353	2.2334186986458846	2.2175126573549115	3.7531372521302817	1.5943046860244616	2.3000426785480257	2.8313059145502444	2.6861355736558363	1.8959298483138032	2.7537470575927685	2.4522237706873007	2.5074519701304547	1.6873036584206718	2.364621134383379	2.5074519701304547	2.137911559215406
m39	1.7754799996717843	4.973382235834259	3.165328965206704	4.561551836841374	3.7131980593353076	4.815827149207729	0.41973973239697504	2.069710289556862	5.143472930049985	0.05601801998579703	3.485363410731288	1.8133614439260228	3.769420225344439	4.420486335633342	3.4584068328597892	1.6702850501194635	2.449023064152758	0.865770432487363	3.6492813432395215	3.0869741739647574	2.907324910699816	4.041367240829978	3.1028486578101204	3.041301425937982	2.3795527543484054	1.9022346506360477	2.558294710245353	2.4989730990065473	3.2440973657651897	0.0	2.603192350736934	1.8393227627905457	2.7861122809953227	2.5456368853253917	3.203054752175179	2.552655797016163	2.0290661751673413	4.780381576271895	1.8505860841032036	0.8402239285782371	3.14506434376952	3.462226879684293	2.882450184175405	1.369326199796417	1.508237351816811	3.4572602348711747	1.6521570628207285	2.443399385787952	3.3235374419784307	3.982224656685941	1.2783818737104955	1.7513885890413008	2.0356155239768934	1.188425616690052	2.4114120776060646	3.000265891898704	3.213223774819475	4.124994849407313	2.714286776118254	2.079088193853344	2.8795466345255294	3.6767556489023656	1.0051661575251656	4.388555283155127	2.7487635357523454	2.502574037735055	1.3915436045434881	1.564840299960062	2.0619000123973614	2.1650401226011313	2.3562588988877864	1.1992223743779047	1.6815162212622163	2.8055302277914773	2.6492071506057795	2.5257749314990536	1.8113993913531066	2.6266099798740976	3.073513229238415	3.1254755386233666	3.2190748974830807	3.273698695117816	2.0942782790158825	2.8033212415138724	1.8857527035554607	1.6661572185467926	2.9467560526835173	2.6277173039887427	2.0962785880329684	2.913615416271145	2.058490781312201	1.5486895264457885	2.93250136820711	1.9190582431419523	2.850478053683767	2.005840386099451	2.556890750014024	1.302011417491235	2.063565644686953	2.3443593530622504	1.8712633664412428	1.89100165115318	3.234810703293188	2.769032267681723	1.7473884474043984	2.2100946471256755	1.9047786855948245	2.450402649737555	2.2635523548263836	2.212919833990982	2.485319390117785	2.2374796827476207	2.7057144221837257	1.9874901597257515	2.2374796827476207	2.514270739867463
s7863	2.210705154388253	2.982023774519454	3.1770790853463295	3.0995898691497077	1.4190289101564952	2.4088440416491648	2.3482020280132043	4.04834728404102	3.6760301473800774	2.6381467173189503	1.1504110364912599	3.1885292840827586	2.380308090989385	3.1936163970607896	0.9313340512958134	1.1201479367701657	0.6934982170613471	1.8929029876464387	1.3810276277880844	2.7227114814463738	1.063911699944301	1.5607982474064248	2.597764067679724	0.71344706962216	3.150570227636269	1.1561950326070207	1.5043109409907098	0.3804611213399792	1.7088230021262139	2.603192350736934	0.0	1.5483543974993288	0.9828240295261813	1.3397182279585513	1.378640897354553	1.6773402034618297	1.055908709726778	2.8097074512352838	1.8225951903100064	1.8742929848437393	2.3152388504493837	0.9266470113728323	0.7500724744074508	2.548265570251912	1.3443644574931175	2.2668538711278674	1.260740741200134	2.03819638741249	0.82796481164777	1.6348072954777093	2.051645477902535	1.8507418588986975	1.0269929066761614	1.4665240705329645	1.6189084570521193	0.6556408607209925	0.7896942531043766	2.6982606448456083	1.611918754104121	0.553286049092463	2.7718883461600337	1.4076393019323854	1.6382552805225679	1.9064874260626905	1.0632595822238466	1.6254146958007445	2.180986251298988	1.8536617151191679	1.1477131682008406	1.0122479850514832	1.5660028059138458	1.718069800221185	1.5275336315507546	0.7872004758481242	0.4464639445230174	1.2467081496923818	1.3677761966162347	1.050115512852701	0.6290895497604762	1.4234001682504889	0.6159167832056219	1.2534940436121844	1.3417973821330818	0.7999764199443066	1.460751267936943	1.142715571320234	1.2271648110166475	1.3142910723897943	1.2985564036355313	0.41496584460965497	1.4041518103123412	1.05480490470242	0.8514825582950005	0.7824414518196726	0.8397726865317336	1.4955113517053311	1.452875758331658	1.7195161287303933	0.6821237861441619	0.8650214082980819	0.956689234491269	0.8507287768613587	0.7632574776785455	2.0788984833861712	1.2376456790326567	0.6898676708078015	1.3114759037076755	0.997891460844011	0.3732769674171075	1.144686605125118	0.7835884951331207	0.9303608231821394	0.1907377513004036	0.8782960566992185	0.9303608231821395	0.47769303178468014
m36	0.8543304372137229	3.237392633015623	1.8367573630964114	2.7360166901318856	2.172114064239524	3.2614795042646487	1.8432110391073324	2.654209535103059	3.3313683952239157	1.8905836522294026	1.9997495145935975	1.68388792145413	1.9665444670084764	2.6283958242722907	2.3155294076416375	0.8847064200926021	1.116305890163253	1.0282586290698852	2.0532271395778836	1.5118820479221942	2.310093159126874	2.9557063287673535	1.469130470663546	2.210946076332228	1.6573318316183714	0.5537624081579426	0.7483890742525346	1.3292124986345073	2.997438682357429	1.8393227627905457	1.5483543974993288	0.0	2.175410364481458	0.8008533969405421	2.782252468500528	0.718812573650901	1.8583357294990508	2.9658112014069546	2.356461366975662	1.0495241092355045	1.4151236941130156	2.334352880058456	1.5550377317504653	1.1151970587639117	0.5279021530971982	1.6342380394939158	0.5615533420062693	0.8668593063199659	2.3403367763637037	2.353629383006705	0.7510814622224762	0.41528958700292523	0.8091166952853474	1.2454218175254779	0.5774576080191375	1.5601126634249578	1.7770052670198926	2.29437248359675	2.5674603335358994	1.0878196606669612	1.4783123174211117	2.9465551864123367	1.1649938299277125	2.8488473933735	1.0528319267967725	2.580596330331935	0.7364357179405665	0.44226145755229096	0.7323058415333703	0.811698405838845	0.6421496519212956	0.6680827451276782	0.3670681172190021	1.286994282820101	1.3514843554538951	0.7577836065834986	1.9547172613440866	0.9758637807083729	1.7041721982348574	1.3402466441563703	2.038103555162146	1.5701520766348278	0.3573614545501172	1.2314008265934853	0.266099604447952	1.5903780444384386	1.2012828084570333	0.835334386487561	2.136508523811317	1.948487626077171	0.5524229967693212	1.0931359372391578	1.639273725275404	0.8738459956393279	1.2602263050816938	0.18910826638591474	0.7466603319846395	0.7617699213118855	0.9100471609888441	0.9991171678461258	1.6084086275856804	1.0091057173926299	1.8577474643637044	1.089003436533051	1.7961851633131238	0.8928398889406701	0.6526420850533496	0.9151898648898387	1.2623677195238387	0.5361124764924771	1.15839700779856	1.0661930569820388	1.5956995803589054	0.9358410259923804	1.0661930569820388	1.3197299151668662
s62174	2.916302706961832	3.314408721979064	3.8972636136098893	3.747647648635512	1.7679507799470477	2.5929022005984135	2.4939240897583828	4.516533891629667	4.269778552556467	2.815270681591527	1.535856246816182	3.6946635044883314	2.9578980662825356	3.929366758536779	1.0319205917521774	1.4154083914329647	1.2162200755350383	2.1845311464365516	1.848591581267944	3.436582559032295	0.14208358317930378	1.3881556312218322	3.358381265635744	0.6017287643206999	3.8258429069154762	1.6467249584072754	2.162573449608524	1.347030627278428	0.9201037011465074	2.7861122809953227	0.9828240295261813	2.175410364481458	0.0	1.9539784841159846	0.8011377137507207	2.386597850860651	0.882768910462519	3.378520953005842	1.4800022681276068	2.1745267558766574	3.1378057039166602	1.032988291938908	1.1050677286625836	3.0668778390594627	1.8260001968122992	2.9772907302657807	1.7016912600244947	2.8543433191572434	0.8940420679874923	2.1514337189863832	2.610686160898063	2.525074037257757	1.861961463385803	1.6252392255387518	2.352572897480052	1.5136613760425592	1.3899535578515927	3.378003284141606	0.7154180132677259	1.2109299133105267	3.548571859607992	1.1510795969476835	2.013664284871309	2.2466633197360233	1.7986047175140618	0.9739792333293935	2.6822577205745426	2.4733288992460576	1.5544240257347988	1.883885072541448	2.3977332105916624	2.2194805540821467	2.209239831601559	1.4365258898107036	1.1146236050339684	2.0556246188079035	1.162456799166771	1.6926144318198695	1.241835682680721	2.17719704598108	1.160230432713074	1.9926298420269974	2.093375469777104	1.639290501515414	2.1788711594750985	1.3360327208497778	1.969845863565878	2.112337991376949	1.0848218222148174	0.7862992892775847	2.2205274738707272	1.4313196052123365	1.8135999047087905	1.3470394921493385	1.6455305207096187	2.187769138827611	2.2570656114416012	2.3173955851142107	1.3086053069598231	1.7917957386863488	1.2217905496354249	1.5681733482903588	1.56265831184392	2.921210274739444	1.2536728396765753	1.5189708099428691	2.1079519588278606	1.9138102956399232	1.1791659068424183	1.9274782294422388	1.745064058725404	1.8348826898265451	0.9094439939572605	1.675746590430888	1.8348826898265453	1.4479408871554291
m45	1.5619277264567406	2.4516267911918463	1.9900071750261923	2.149627182420916	1.4414401055079757	2.5046952023839695	2.4993797067638357	3.3832519934721113	2.7317359210569716	2.5973301698502573	1.3176658380405777	2.343173788740733	1.3100504602753884	2.180512641510756	1.8288278423002753	1.1204728071440697	0.7464883992590055	1.6850934330877678	1.3243676539975167	1.4939782196791993	2.074014879366566	2.42660616389979	1.4288917982741518	1.928738626231036	2.200765981016943	0.7060655010385766	0.22184167568479582	1.2099188570638564	2.8549134557602804	2.5456368853253917	1.3397182279585513	0.8008533969405421	1.9539784841159846	0.0	2.6156082098364095	0.48091467402886295	1.9826105520153448	2.2528863475219554	2.6315804317783305	1.7117369362311474	1.2766356110149841	1.8602056089509573	1.0135128317559625	1.8659627501646037	1.0697753352319261	1.1418967745249575	0.9415350161828535	1.1625916243048702	1.9672688318131104	1.6465850634566945	1.5513782445128628	1.1572351895864759	1.0969287695869385	1.694300136446157	0.5407530541031802	1.1267852188374397	1.2080675398516358	1.7200345476581644	2.4850106174993734	1.1315895429931702	1.6972761942323826	2.6425346616324075	1.7859799695072547	2.1480301006058653	0.4322600382481913	2.6341937061936496	1.4793460339300408	1.236169764302065	0.6448598199818061	1.0077148323592022	0.827016427975369	1.413321358246566	1.0817491014377236	0.708937449717675	0.9627433712714967	0.478416366226252	2.1836724258031	0.3268148509984479	1.1888611068444126	0.6885998738694517	1.6374815916186425	0.9132194323506345	0.6780245641577832	0.7617197185379003	0.881534617963049	1.8971210214145147	0.538142409501644	0.451069000539281	2.305404171156106	1.66564047022833	0.9746251391343672	1.444633018001035	1.4590754170606843	1.0032668756662564	0.7382940701690514	0.7037615880269914	0.5439105597418051	1.505513050051307	0.9246031865651693	1.0457215130258923	1.8398019368859835	1.2858967443866833	1.432864735179339	1.144448384114328	2.0661769563305237	0.890055163378861	1.1297832730048023	0.8613389545606818	1.2384826015889674	0.598555339963829	1.119837242833422	1.2363277941355448	1.298121102491635	1.1925699187601466	1.2363277941355446	1.219013752701106
s62166	3.4281265334426063	3.803722900051034	4.520409256126409	4.2994581436499155	2.2415656139698563	2.8806741917016394	2.8456684823633847	5.032993222743738	4.822114866682769	3.2215243934942848	2.0178056204816937	4.291654427694084	3.5845191128498435	4.477544196912437	1.2798421358548344	2.050322977179395	1.8734059983885032	2.7270812273326244	2.320146026624283	4.0682633835699065	0.6934847073975074	1.404051162357884	3.9600146245203613	0.7648527609240874	4.4017356214515235	2.303120024252685	2.809897302346301	1.7103367892912003	0.43992810840077806	3.203054752175179	1.378640897354553	2.782252468500528	0.8011377137507207	2.6156082098364095	0.0	3.0111030830366685	1.1806798132815084	3.821055459213647	1.5868473830743064	2.699444237242731	3.68971217084774	1.248739448091477	1.7410949556896156	3.6327015150330104	2.412824792802757	3.5778275348346056	2.331974279334958	3.3880132288811677	0.9789703615980447	2.520934209797166	3.1413350167002014	3.0819755846998165	2.286067736582213	2.117235711622373	2.9580045197484655	1.9025279856879609	1.8297223056764504	3.939654390472425	0.9756571567019275	1.71182086784969	4.1261911134666684	0.6854195558836536	2.424669834017875	2.498449167641314	2.382445991774677	0.9396751167188965	3.280895518016022	3.0317823526294587	2.255937247354121	2.3183794959156065	2.9225235941804515	2.747295929518185	2.7360012317733458	2.0241889541046443	1.6826159235499876	2.612921068959756	1.407064435434243	2.327294810567364	1.6991946882287958	2.7241814431477995	1.379256525532253	2.484859014476569	2.6557030857123203	2.1377090045665805	2.7283213134139346	1.6124106704614298	2.535061008462841	2.677598162467359	1.1490852582121605	1.057039434285938	2.7082666935673476	1.899182092639972	2.035135490772849	1.9110491964974625	2.1582654345904593	2.7801690822607963	2.8197273760903268	2.781560978611871	1.8790571682122073	2.192163585431786	1.4687418457285994	1.965329779773768	1.830405318142113	3.4533449495613215	1.480309290503468	2.0119621256618383	2.5566704770289177	2.3642121069638082	1.5984992832852678	2.4813371473321117	2.1085602561048913	2.1832132898239425	1.3702532162436534	2.079077558155314	2.183213289823943	1.791029798650101
s39314	1.2555769508015904	2.61545852079587	1.5379137711525417	2.0172867169956623	1.8000227238806459	2.808830081303206	2.5595533178087777	3.101745875694447	2.614996169210893	2.604608893449259	1.700739208704249	2.0549688999546003	1.2723922234705574	1.931182166693797	2.2337799766663213	1.3873945038005941	1.1734984317838963	1.7348788609812076	1.6482855433869268	1.0578238202044414	2.508298386915918	2.838783536688635	0.9752691218889519	2.3249771909187613	1.791714009301104	0.9515345746338402	0.26289940484422514	1.4567712779875535	3.2681650548090584	2.552655797016163	1.6773402034618297	0.718812573650901	2.386597850860651	0.48091467402886295	3.0111030830366685	0.0	2.3046611767312233	2.2955001754525073	2.915582236853761	1.760993705767181	0.8493037862263589	2.260750570131137	1.4660874307613672	1.6410772635800088	1.1776454868138542	0.918018753464651	1.1219696232194458	0.7305296408386034	2.3554233613583424	1.9010105126694896	1.395013539588373	0.9261660964586236	1.138682794571514	1.883867878099415	0.1799882646355654	1.4048211128044141	1.5684869820599083	1.5757762530955388	2.903679241455026	1.412935807288643	1.2196076742889586	3.027069753406687	1.8535116477191549	2.4392513772499202	0.7390626238898768	3.001194214016461	1.3167832295884507	1.0625735445403104	0.9862001275671526	1.0434372128526828	0.5439521483363797	1.383796899740378	0.982203494146013	1.1116391841210211	1.360166048125722	0.48204432210083664	2.4759720768862343	0.7510450818939426	1.5656672946322372	0.7923145154817248	1.98267433957218	1.1201801087062169	0.5995020233771621	1.033199497483246	0.7682690365736808	2.1254868414801473	0.753781819742567	0.4365558163928145	2.607517825878891	2.037742407096383	0.8335558584073988	1.6506449857833942	1.5925771088176588	1.268906916522897	1.0281088961474307	0.5773916083003202	0.34059472966890214	1.4268990109754434	1.2185231198909907	1.1322310562802504	2.0841548746762775	1.4346625941231157	1.6966648799400448	0.6960243948503718	2.3235036176279262	1.1028879729875436	1.0637985496323674	0.908496833327572	1.5162262935785933	0.6458198763014982	1.234630509730385	1.2972705775867004	1.6727641327744747	1.3062871334151935	1.2972705775867002	1.4347828445745896
s401632	2.431022296938939	3.8867368830024773	3.6900691378647434	4.018466498759215	2.3288886549977668	3.29204183192408	1.6882930227991664	3.873855112813935	4.595656723266681	2.0502826501406806	2.065559275537432	3.187682156774447	3.211553068981065	4.083626565148051	1.673582882771577	1.0602638245424527	1.3281995058808025	1.5730436971169595	2.3380420663518597	3.316348802806607	0.9700567358336456	2.1499615069260845	3.2395459862378257	1.1189441725116025	3.395208217516322	1.4286105318737405	2.1442746879731414	1.2420944259116893	1.2900182160800049	2.0290661751673413	1.055908709726778	1.8583357294990508	0.882768910462519	1.9826105520153448	1.1806798132815084	2.3046611767312233	0.0	3.808399211938709	0.7708230061732807	1.5405063302797366	3.0507515773110407	1.6637423481128932	1.511616386239695	2.5299205934183226	1.3891674934463174	3.0816703170530513	1.3556701131827702	2.579377496909848	1.4496858757133682	2.6412078783754707	2.058985801312712	2.110024170547657	1.4879018515926394	0.9505460895627744	2.2096555823753206	1.7022599870195854	1.7864413205196787	3.600726014178978	0.9728376335686246	0.9366268616659897	3.3014146839141914	1.6742579157409947	1.2788533845014913	2.8570933401575282	1.8973226375403207	0.7536093603118048	2.208029125363989	2.0155781538391713	1.4563048199279414	1.5751389682253043	2.16512338975643	1.6547916725483227	1.7709832688657277	1.6615511633164128	1.3112710805567385	1.9755324277059574	0.3345476179860519	1.792161929209596	1.6149993671700211	2.331102215258656	1.5446414633080439	2.239886312873555	1.8357263196192057	1.7466184166291123	1.827622706677915	0.5119265501328709	2.1089686010711195	2.0710351815013577	0.3452894710331502	1.1273505005187945	1.8754304019197414	0.8190082881890526	1.7677156786994488	1.0409873357855461	1.7870128994093477	1.9128027738132356	2.155114749234369	1.7196485952251774	1.0950477562185505	1.5540195407259727	0.48018727874300804	1.1002402652022016	1.8092428026546419	2.739283245425765	0.374435286063635	1.3142152428226692	1.6850547665610547	1.7459408773776814	0.9676102199396743	1.7303406404707948	1.5610966683910459	1.4987057786036289	1.1315527574430528	1.2679825464309789	1.498705778603629	1.320166352274174
s15987	3.455134706136181	0.8558753276959639	2.9940541086254817	0.9781826012472479	1.6330559821332076	1.542425758598932	4.709595939116203	5.296484629113735	1.2147334184036396	4.830740574105322	1.8456353271981576	4.2421137195916145	1.2637508450428685	1.4314110350566893	2.5503434817820563	3.2816550042224093	2.566844562337978	3.9287619460154253	1.5313168398463535	2.5050853780684097	3.4232357091941448	2.7529304132306014	2.3846932514634687	3.088068706709842	3.7831032500654698	2.9240386047224463	2.242767875409767	2.744872507694281	4.134517146012984	4.780381576271895	2.8097074512352838	2.9658112014069546	3.378520953005842	2.2528863475219554	3.821055459213647	2.2955001754525073	3.808399211938709	0.0	4.566295599554634	3.949447939084676	2.1257460160769317	2.5821794934085194	2.3537535858743066	3.9224260216281697	3.2878287767882495	1.5743518547641209	3.168462354679228	2.7203092809419886	2.857388972479431	1.3089549830610838	3.6717096046226616	3.189438791375391	2.962642112758726	3.8635088459040405	2.433758697758423	2.194119398717456	2.064416728171522	1.0608832256421548	4.058191655456385	3.0216610720258257	2.8735943560921875	3.4340998660822044	3.9418726169354588	1.5390389722601439	2.0723682920939357	4.304962390208116	3.6107823074513825	3.3368750284241027	2.82488178855483	2.818488121214122	2.5702141652457926	3.6037152238795067	3.1704166506775002	2.173749930908296	2.500034766613159	2.2852473483191664	4.104072615737461	2.2057633577153433	2.228086917434797	1.6698296905607495	2.521232575639234	1.6163452563705114	2.7218789714348257	2.1482491919275915	2.9501470561974052	3.8472807175433243	1.8589240660494617	2.176118251858929	4.093045214494147	2.8813088473504522	2.8682244221353765	3.518775316620401	2.5202407670986235	3.0444325048110596	2.087775209018035	2.8070845679405276	2.275161228213696	3.609570240565385	2.910846518185404	2.7109045397122027	3.7016399479023643	3.1990740300294185	2.211134027038908	2.4105155809554235	3.9883089805070155	2.7542607570741677	3.056692876183832	2.5078947756423537	2.964940171378793	2.6033606659694697	2.648837634859312	2.9155856558917685	2.706372307152058	3.067563637692958	2.915585655891768	2.727264651483398
s15981	2.798312337507827	4.619799066514672	4.175525692740558	4.7320677581874335	3.0790332952335935	4.02313771748294	1.4683688564777846	3.881950117732959	5.310725876249003	1.8533380623549947	2.820194041561174	3.3721853530875556	3.901047608667801	4.772369907755313	2.394594043200309	1.563741296782409	2.039913275341813	1.729556220264875	3.097314176674742	3.863641364003186	1.535411333922152	2.795907668219248	3.8099289767623095	1.8080057404852063	3.7212695678718184	1.9907386815024426	2.7767299977293716	1.972922862517593	1.5167353513488162	1.8505860841032036	1.8225951903100064	2.356461366975662	1.4800022681276068	2.6315804317783305	1.5868473830743064	2.915582236853761	0.7708230061732807	4.566295599554634	0.0	1.6899721184196679	3.6683412311191725	2.38248161085438	2.2496563519133197	2.7496564667288235	1.8347869839247994	3.7522277643836373	1.8454404257064279	3.114048317563655	2.1478590419113144	3.408844332689617	2.3441828942701934	2.540770539534667	2.077239477079139	1.1640666123077792	2.8057335425605334	2.4658824531636547	2.555319473783148	4.307435679817883	1.154388742336549	1.6305680476570479	3.801799665046609	2.2108050887318913	1.4592321969897974	3.6090849411933728	2.6105158384138507	0.7356450993921965	2.5003881089133992	2.4044481975496192	2.0400321337319443	2.192353152573187	2.7537772290924565	1.9644556674790667	2.2328880963364046	2.403904319892021	2.0672106782631627	2.6377725749620993	0.4706233945714097	2.4884582794720123	2.3838135229124426	3.053814225128371	2.297060337966191	2.9921150900078204	2.413405138509054	2.4890563763110674	2.346294646014895	0.9046614718006469	2.8297168742257663	2.740575921615034	0.5933098902581241	1.8729143281421134	2.4267849718773755	1.2983020222285653	2.4771764972062127	1.6738563850093409	2.531598173823409	2.452846794566317	2.7964258612459463	2.043524333971048	1.7657473880310313	2.21397828892282	1.0245360287082963	1.687470291326491	2.570850273674723	3.326089846183846	0.6836470719640108	1.9937685918742327	2.2107813614196012	2.41499700766816	1.6934477001236197	2.355663080028619	2.245095278159045	2.1191028705254142	1.9022428600251289	1.8677483145712215	2.1191028705254147	2.0393649927778683
m37	1.2781018324214988	4.13710473161347	2.63370842711929	3.772403589782263	2.889561700249157	3.9964205252363283	0.8260141655168631	2.3577678972970846	4.358502649234913	0.8903798261674467	2.669605061413298	1.6912657519028684	2.9627504252084766	3.672438869767751	2.7223588715550133	0.8784262555848025	1.6333497224241702	0.07509772126451579	2.82012672728736	2.4406908309663304	2.3082338404753258	3.3306874125990005	2.436900954781484	2.3856443965971015	2.068550415657836	1.062996020866288	1.7389938078769105	1.7598719438383996	2.80374999657934	0.8402239285782371	1.8742929848437393	1.0495241092355045	2.1745267558766574	1.7117369362311474	2.699444237242731	1.760993705767181	1.5405063302797366	3.949447939084676	1.6899721184196679	0.0	2.433813736826951	2.731635265724936	2.080124541241495	1.0688446200966168	0.6730975268980159	2.6757185062168722	0.8137391422574753	1.7793223730092533	2.634985591748527	3.1568705838677364	0.7406976909788675	1.079431815789139	1.3042676940579685	0.5977890280861805	1.6263585809217178	2.2113950944119085	2.410969237648538	3.3335215879136775	2.277252526883553	1.32700722004475	2.3137411320758807	3.0843041508758344	0.4892566813315071	3.577118043547141	1.9145744426447022	2.1651570546354275	0.8417061794227253	0.8946625600045152	1.2310496460164293	1.41779103873684	1.6085234252154048	0.46472252823229465	0.9426173388561931	1.979006635244385	1.8540541909528432	1.7142815863834384	1.4459570421910566	1.787237630083563	2.2803859636119497	2.29811022527904	2.4826195036504966	2.4452583620301223	1.3009858487864394	1.9880051362063413	1.1185639961972214	1.1944523744080124	2.114460437649247	1.8140419086114707	1.7251802765200026	2.21803967196477	1.3251245068464665	0.8656488837243269	2.2155660744875973	1.1292963824671982	2.029938368621184	1.2179410851381849	1.7611708044667536	0.6919127426583892	1.2678892712637215	1.597631421541177	1.352767182926868	1.1889294136355746	2.4681527629732605	2.072516212334092	1.3411839942322945	1.423136908244364	1.1935991193561646	1.6758416681113988	1.5359723148196642	1.4040603671651102	1.744090674462496	1.5360836122710086	1.9591491233956673	1.2681447299313555	1.536083612271009	1.7791443233024888
s401654	1.4934001364192115	2.659808843582605	1.1054253828922451	1.6214087520120501	2.2347407299090736	3.0608899430911096	3.188614901359701	3.2392501641481135	2.2092539473988113	3.194042274176289	2.199255704959164	2.254628058269061	1.2545235208216488	1.3331521846219503	2.8011079557167475	2.1940840829222483	1.9368147956022341	2.4146133861395556	2.042368153070813	0.6736492516572739	3.248595248534631	3.369100779561391	0.4377744109143294	2.971476933461021	1.693516377666984	1.7711119464254885	1.0709888012097266	2.0318861757543387	3.993236023614629	3.14506434376952	2.3152388504493837	1.4151236941130156	3.1378057039166602	1.2766356110149841	3.68971217084774	0.8493037862263589	3.0507515773110407	2.1257460160769317	3.6683412311191725	2.433813736826951	0.0	2.823965966991504	2.15544696304735	2.0092759381209073	1.919643230053643	0.6933526895334585	1.9128650308950597	0.7421489700452176	2.9385200527196584	2.147416646454987	1.877509528342536	1.3955927595253124	1.681960912937383	2.632892283531445	0.9007337866918008	1.8853205986795547	2.0877088796973355	1.2232941284670822	3.701553094937911	2.1238414975974313	0.7895776530462408	3.605184002305222	2.49137765793993	2.699399748869769	1.364672616075113	3.766667223418089	1.8292456331896332	1.581450821525596	1.8291395912721473	1.569949510599389	0.9376876571090855	2.0008255328179865	1.5561593121750352	1.7605157863193601	2.0436830983003302	1.0969357651463554	3.226701011701451	1.477298223867597	2.1338969012778746	1.1332804524641682	2.505901281177441	1.4659217161115574	1.2593279526507273	1.5781071164056475	1.3746219004598037	2.8205564969185994	1.255948056670945	1.0268849639957387	3.3273120323291834	2.6603957560286124	1.3089577024345904	2.374771213048435	1.9323619806122172	2.0216717476540875	1.5752338612102479	1.2618617535240093	0.9022557266977798	1.9527382324323928	1.9662068131132124	1.6324159792130961	2.7638805507273907	2.0577122456289882	2.1079307469837523	0.4198269572741052	3.0376550416956416	1.7596799400184615	1.5630997618336928	1.3940854456933731	2.1737663465161825	1.3223908855877857	1.7043580965742466	1.7707535771425738	2.3262132527114017	1.8939953881769955	1.7707535771425733	1.9767715499290546
s62158	3.0582940169120865	2.5937571924705476	3.7791949728515672	3.1353594091192605	1.0395745615519085	1.7141421995873682	3.197062388720335	4.925570485993352	3.628605799497862	3.4971914794432513	0.8434160766827206	4.009366488405595	2.507222414460951	3.370078954820188	0.054590096835908784	1.896280820729571	1.2657950325925824	2.740930319998141	1.1187002854324113	3.2637568630754155	1.0121333421429088	0.6439402127184417	3.1366397418169623	0.5977040256803426	3.931850042650761	1.902567612410118	2.048171410561177	1.2227659522869214	1.581127204960341	3.462226879684293	0.9266470113728323	2.334352880058456	1.032988291938908	1.8602056089509573	1.248739448091477	2.260750570131137	1.6637423481128932	2.5821794934085194	2.38248161085438	2.731635265724936	2.823965966991504	0.0	0.9072793123205577	3.3996884367209304	2.187612302096516	2.5762893709969834	2.059001703675417	2.7490318713865065	0.32001926729545616	1.2797666080984997	2.928130746128428	2.677452581763947	1.9047260588813137	2.2835941088963314	2.2647637057121903	0.9928017991420538	0.7440008198509871	2.8155787137093253	1.7195428874804954	1.4475325598257134	3.419854491836473	0.9196128773076012	2.536097518166232	1.278427203255912	1.5277812153936658	1.9064774808835192	3.0084591322970837	2.6999191512064344	1.8032737717473841	1.8544073462751658	2.284680947348036	2.601001285756688	2.388569742491013	1.1559652565774032	0.9844789754015644	1.8731648398971017	1.996409297652497	1.5363192075338148	0.7006391802370096	1.730829293095001	0.4606561305922192	1.418573304183728	2.113396741413766	1.2812335163177868	2.2811027134412196	1.944932635922962	1.5964973549753818	1.889786825306077	1.8557618215259157	0.603581383601562	2.2238293797428734	1.9287711944538524	1.3729898125455702	1.6367574248578236	1.268460574490875	2.2618593842878787	2.0707677731074194	2.6282311511029115	1.519423041418568	1.6751827506829031	1.754626926592517	1.776372052325873	0.8726515295271915	2.699316227913622	1.9599799280117145	1.5376993310118052	2.1836146715036127	1.730864879968371	1.2986283286973574	1.8975714587090522	1.5537889955767095	1.7825022162495787	0.7946868780772915	1.7885336162113332	1.782502216249579	1.2895285861390073
m2	2.3591512552096083	2.3771971792491984	2.994992799108153	2.645623713660875	0.873945050013104	1.944158275323397	2.70185233856003	4.17699316523132	3.1787215759730922	2.9261321848155295	0.6372681188939294	3.203978588762504	1.8613455206155294	2.830781646062147	0.8695723098677224	1.2159919008159552	0.4649827460352808	2.0712575215144327	0.8834355936729608	2.4832702356569007	1.1929229933171357	1.45276491489141	2.3941132450664373	1.0323838959869454	3.1540921892997846	1.1101115604844576	1.2239081131212122	0.9351514311372625	1.9879073445462851	2.882450184175405	0.7500724744074508	1.5550377317504653	1.1050677286625836	1.0135128317559625	1.7410949556896156	1.4660874307613672	1.511616386239695	2.3537535858743066	2.2496563519133197	2.080124541241495	2.15544696304735	0.9072793123205577	0.0	2.637412568825176	1.478069601383936	1.8998417010805073	1.3124711689854696	2.052718285123275	1.042555486073094	1.2607440234575524	2.218865961291084	1.9414200819246472	1.3896624376489397	1.7501986602224857	1.4871033959004913	0.7432095334108965	0.5338000267247656	2.273736135500131	1.7550989644353991	0.9583121066907054	2.677601525460275	1.709059059987622	2.0132416568267133	1.5673962242716213	0.7976339114667962	1.986883417617791	2.227076850817581	1.9647488161111286	0.9646665836351282	1.328557748731144	1.609262097999161	1.9231036266272659	1.703680281570327	0.411670530384092	0.37410312460223927	1.1703631156721035	1.8064784277149077	0.7154620627531983	0.4427766620115964	1.1145125962646638	0.8502684055945606	0.9481147407867632	1.3901221771483494	0.7261004358388509	1.5696794221133499	1.6763930837213092	0.9237999528381757	1.1808290456069184	1.8211567383935165	0.8475638314192863	1.5929006419819038	1.4372125870383698	1.2859690522747234	1.0230170623418007	0.6897581019178431	1.496562147583534	1.3587718338273096	2.009835024312496	0.8941394942990312	1.222992126052884	1.5465016362530244	1.335723941033764	0.9346764114448814	2.0268219441890123	1.7559150650161488	0.9752509045333237	1.6070069996414653	1.197622188218765	0.9452230598201287	1.1948372598739216	1.1797751245669366	1.388092972530427	0.5826264066111059	1.324956517598597	1.388092972530427	1.0095961050149034
s401622	0.696299395609101	4.222130140391929	1.8126053406890432	3.495756204776873	3.2807340069429656	4.363664326203924	1.6080518370637733	1.542664239429212	4.053904739215298	1.4144628327537652	3.112536962568163	0.6781196073098636	2.814945368833457	3.2629111328726075	3.384568409310691	1.6566893860509944	2.183413753764647	1.044013633759605	3.1614720514306502	1.8207564927383633	3.2053111662112377	4.025003696929011	1.864541029763318	3.1841289873908294	1.041945203752227	1.5408482200929006	1.7648055603433102	2.318780904334444	3.7904027041402104	1.369326199796417	2.548265570251912	1.1151970587639117	3.0668778390594627	1.8659627501646037	3.6327015150330104	1.6410772635800088	2.5299205934183226	3.9224260216281697	2.7496564667288235	1.0688446200966168	2.0092759381209073	3.3996884367209304	2.637412568825176	0.0	1.2522555173592567	2.4178624867197613	1.3927494063864225	1.357117512324569	3.363917883483111	3.453359097388356	0.5258012459397758	0.8283581603378082	1.6712556743989289	1.6363487039125648	1.5169250597796127	2.6430725887688995	2.885245601477495	3.0830908287080443	3.281827608653826	2.0183040109852195	1.5709260967695562	3.90771977348015	1.3603506296222643	3.9595045941742666	2.159272220600755	3.2064424156840974	0.42239945443369786	0.7297051833154283	1.7161571859869653	1.730811343613133	1.5005473853600426	0.8907451698813428	1.06598196694773	2.399225267197155	2.426238743632394	1.8181384916597843	2.4842255462123792	2.084002097463348	2.802836442658879	2.387589264597713	3.094324714898376	2.6561023017941108	1.403099718661833	2.3317040656276733	1.194681439088317	2.1467140800064475	2.2849780101629467	1.8840164874482113	2.732093321377344	2.948020575210159	1.3856901700516262	1.7412897998859103	2.6030301657391965	1.7995393754657336	2.366506817748219	1.2439375119722709	1.7391539678060124	0.9571460125738205	1.8935156380541824	1.950942884822273	2.258293022087702	1.8087542834865358	2.9253268426114483	1.683460959430923	2.337047524741177	1.9081830820081203	1.4063144022905947	1.9176119039647928	2.2059990543605315	1.611888808077812	2.121370563553468	1.922355266790026	2.625705814904026	1.7805436595404711	1.922355266790026	2.300390858919734
m28	1.1506780411671593	3.4924362081889746	2.345854181337153	3.167661588621908	2.24514332384808	3.3540987734169954	1.4316080493592176	2.75458211647986	3.7618845013525357	1.5568001013545143	2.032129571007979	1.8933790895020453	2.356587639220339	3.1062268168697016	2.1739763112358905	0.4463768724477723	1.0151103171413465	0.6657598183282559	2.1623335436716062	2.035699920032826	1.9633905416333801	2.8054409759918175	1.9962907730012538	1.9418089278291495	2.036925953329901	0.4251236466451859	1.1180724340991426	1.2007415334053415	2.589523924191417	1.508237351816811	1.3443644574931175	0.5279021530971982	1.8260001968122992	1.0697753352319261	2.412824792802757	1.1776454868138542	1.3891674934463174	3.2878287767882495	1.8347869839247994	0.6730975268980159	1.919643230053643	2.187612302096516	1.478069601383936	1.2522555173592567	0.0	2.0880729439564676	0.2052009545166189	1.3526808494107667	2.137217349015766	2.4921831824330587	0.8011788504989166	0.7739821724184272	0.7784246369096548	0.7205436298239803	1.0498265092152093	1.5780318898435328	1.7766799470050847	2.7259331368875905	2.128470177602758	0.8040040282920986	1.9893985963961862	2.676823713163835	0.7390034872160274	2.929385642238365	1.241884483010696	2.1014361373236863	0.8734520635644225	0.670968239892243	0.6367878480189749	0.8541410935508607	1.0605287244516317	0.4562567850104411	0.5196678224709849	1.3241909776151473	1.2453207780793714	1.0659014809278398	1.4481335636113652	1.1212256491043386	1.6605496435773153	1.632906682544666	1.9195086833346293	1.7725772783561207	0.6993649039960989	1.3260340682120126	0.5928246610421789	1.1156002668691445	1.443815129617088	1.1658267814617773	1.6581361857749717	1.7235531731133966	0.8099945642503804	0.6143233826452644	1.6504291295919513	0.5652547485708656	1.3644069092886844	0.6580594166244638	1.1422778851171083	0.6398345964263834	0.6750677390022002	1.0213846850819193	1.170818281265839	0.7450884491043887	1.854991079424732	1.5822535670227875	1.3062242329266833	0.8075600151301673	0.7260739415399547	1.059140559089662	1.0222446727375365	0.7589482062015008	1.1679185283583355	1.0281156616583964	1.4104768008618054	0.7721789548698959	1.0281156616583964	1.219213867343385
m21	1.9987251479649033	2.0028423360568275	1.508006011024469	1.1075649618444094	1.791583362467919	2.527146568214339	3.4769085124267667	3.732206468802721	1.7074418604379733	3.5096550283997674	1.8243004917956587	2.677825595037863	0.5615927244514426	1.0428022030072783	2.5436083091502306	2.2425973341574568	1.8074502910842067	2.646740595507098	1.6192502741384949	0.9699937354582088	3.078571786479767	3.046095764465311	0.8612817741222971	2.829551947216996	2.2254063360555434	1.8095355032612328	0.997693258646175	2.0736352234974493	3.8636653782532417	3.4572602348711747	2.2668538711278674	1.6342380394939158	2.9772907302657807	1.1418967745249575	3.5778275348346056	0.918018753464651	3.0816703170530513	1.5743518547641209	3.7522277643836373	2.6757185062168722	0.6933526895334585	2.5762893709969834	1.8998417010805073	2.4178624867197613	2.0880729439564676	0.0	2.0123520935399433	1.2813657616062957	2.7566075856762438	1.7295321147343106	2.259764570965487	1.7751159232094758	1.9231908739231525	2.7798340086009405	1.0691478153427882	1.7726811522029684	1.8400157347708697	0.6730391004501364	3.571918626074376	2.1758933889192735	1.3606488640786516	3.44308601969475	2.76339147108343	2.265296718683425	1.2162172532400644	3.735004687186247	2.1535895755561643	1.9353863333429635	1.7788756662207692	1.7951164791935534	1.2766688051238773	2.295430791863985	1.873153796313107	1.5583639285282285	1.9091521190301555	1.1690149233292928	3.296869620879045	1.3133093512932037	1.9206339204156342	0.8743605084147378	2.3505071237031308	1.1867144300816357	1.4766340781119005	1.4790995232230455	1.6583157488859885	2.961785175044203	1.046851052273822	1.0550196959387914	3.3894495108006493	2.546877672484433	1.6415496344476446	2.5159084950732886	2.013653911771271	2.086438275860632	1.4412006649647442	1.487607482617971	1.040759524385764	2.314901326810752	1.9997238132611115	1.807139497279274	2.8854415404044613	2.241286259834752	1.987241512402018	0.9956158207205895	3.150682559970483	1.8448816116928364	1.885540175544297	1.5525511112862076	2.2194350644675302	1.4664997288833064	1.845575972988656	1.99830472843073	2.2209116311670294	2.0943709359837377	1.9983047284307296	2.0429027903955883
m8	1.2972623362887965	3.335359111607839	2.3749836173388967	3.0735616928296916	2.086929484254626	3.195342925442376	1.5702020291310839	2.904588530990876	3.6598792763458934	1.7014288076218707	1.8779752647420875	2.008672596814309	2.2389406409686368	3.044779442264196	2.0416318409998597	0.3277039310061587	0.8549142950066283	0.7961725282288127	2.014703864509945	2.0290202810442306	1.8410077744051976	2.666301224804313	1.9943937156473928	1.838149824178039	2.1437412433284884	0.25140281800711844	1.0209991747840426	1.15698994893402	2.502576937895667	1.6521570628207285	1.260740741200134	0.5615533420062693	1.7016912600244947	0.9415350161828535	2.331974279334958	1.1219696232194458	1.3556701131827702	3.168462354679228	1.8454404257064279	0.8137391422574753	1.9128650308950597	2.059001703675417	1.3124711689854696	1.3927494063864225	0.2052009545166189	2.0123520935399433	0.0	1.409787507381441	2.027900219216402	2.3607553854442225	0.9742005345024773	0.8904991819748362	0.840506831595448	0.7754508784845737	1.0183378116290762	1.4874978744887786	1.6472289681352388	2.6366076084353844	2.0264098915909314	0.7474678926952165	2.0372836407094304	2.5852303251730344	0.9026518125253582	2.790607381318759	1.1265476430597852	2.049957437801606	0.9913105167649473	0.8106443557409386	0.4399591422367176	0.8923895110131443	1.0883947694339544	0.6513942737748623	0.6572846256061798	1.1821937328042706	1.112904077880487	1.011707351204424	1.4439905085076588	0.9809189653514494	1.5319581940102098	1.5331566656941977	1.8192466143783148	1.6621920838678956	0.7103005561163204	1.2292568126057477	0.6675795224297854	1.1560571493535905	1.334659509635771	1.1022551328175327	1.651373784906896	1.626533951138839	0.8868321787141006	0.6544813704340224	1.632216480565401	0.4929661364676639	1.2585717481866152	0.6748173270518668	1.1054972391001923	0.8417759850344104	0.5827969032304848	1.0316896806678817	1.1935005995801824	0.7964602135323041	1.7721310220727997	1.605811522853176	1.3284907986677188	0.7660719205782857	0.8353980526835086	1.0495734923116449	0.975292941558984	0.7316695951365321	1.1646063743643233	1.0746972644024677	1.3020060045119177	0.8230579057216643	1.0746972644024677	1.1878365782223117
s401964	0.7696873188923248	3.18706637811089	1.2450086566762613	2.3297377499408767	2.4073080821366664	3.386982344921576	2.490141825878906	2.6739054918683545	2.9278443788852	2.4899154502619427	2.290526152006351	1.7271981737128634	1.791362659721871	2.074408820980808	2.7328945827490516	1.715519688521431	1.7038739414876571	1.7689301127425652	2.2314254879714106	0.9737304802211034	2.976506768868122	3.3601763548503967	0.8375337784132915	2.743891314776142	1.289656975390558	1.3495124622466788	0.9724764521726366	1.7212442452178218	3.6695132512158244	2.443399385787952	2.03819638741249	0.8668593063199659	2.8543433191572434	1.1625916243048702	3.3880132288811677	0.7305296408386034	2.579377496909848	2.7203092809419886	3.114048317563655	1.7793223730092533	0.7421489700452176	2.7490318713865065	2.052718285123275	1.357117512324569	1.3526808494107667	1.2813657616062957	1.409787507381441	0.0	2.7891498557967154	2.4135650744186803	1.1704265190872314	0.7073084731658945	1.1708025172780319	2.0415256910529767	0.6246636965973524	1.798701423946674	2.0773801951355435	1.9062063250519312	3.337415214054128	1.707862671941457	0.768906073452343	3.4196492911334797	1.821368781387852	2.9568162987688478	1.3049947419020291	3.3243370909445287	1.1942521613544106	0.8983173930566896	1.4884903480980103	1.1064695111401734	0.4737281332390797	1.3276692938954848	0.9016434322263246	1.6734787793659156	1.8469608128607342	0.8940236421194209	2.7019813638171817	1.3659734124175156	2.0642342206219135	1.317968041184107	2.389784858833566	1.6222063776630848	0.7730594776472622	1.4776680309793828	0.7772186579056702	2.267315856890977	1.3170799984232153	0.908088308029826	2.8299117476091156	2.4356495918523278	0.7269379507856328	1.8224501094464733	1.741850842571493	1.5744347866335253	1.505191259742153	0.7440149502051251	0.7165899175012201	1.2450544792247393	1.5654444249612378	1.2508283460512337	2.247228624269253	1.5412058411832685	2.0531175043603653	0.344342075780775	2.49628049555826	1.3763910439788032	0.9614515498015545	1.0766074939642596	1.7945997730840886	0.9276633333948948	1.3781131230963188	1.3231862726225831	2.095202599748746	1.3918160733665226	1.3231862726225827	1.6649976830691233
s401614	3.031108267484633	2.9051361693129674	3.8781718875866544	3.3797523672171406	1.3347410611577384	2.020681962376408	3.031461779023455	4.8675436370388185	3.8930698269432154	3.3547057336151007	1.1159316631623406	3.996962970512107	2.736836389699052	3.580496065367952	0.364704863173414	1.8389782419198994	1.3125498440232746	2.6518746443791814	1.3920974163996032	3.382742512626534	0.8609184535169008	0.7939298127135395	3.2519983237032823	0.34349919511345295	3.950013895409962	1.9043830923150156	2.153122353085398	1.1469789761675582	1.3510009424652143	3.3235374419784307	0.82796481164777	2.3403367763637037	0.8940420679874923	1.9672688318131104	0.9789703615980447	2.3554233613583424	1.4496858757133682	2.857388972479431	2.1478590419113144	2.634985591748527	2.9385200527196584	0.32001926729545616	1.042555486073094	3.363917883483111	2.137217349015766	2.7566075856762438	2.027900219216402	2.7891498557967154	0.0	1.551716144496495	2.8735033911217567	2.6645500909296196	1.8405121292655713	2.1529794319210245	2.33553743720715	1.0666198090717467	0.9261632272310221	3.0409368630194606	1.5543829850937707	1.358441460596648	3.49450469366872	0.6918123079773909	2.396673891631716	1.5654994503917379	1.6416634825298362	1.6674494717565882	2.9848643949189424	2.672223633788523	1.8324159866676468	1.8113384281066949	2.317325646881017	2.528851689779683	2.3509031064579093	1.2765192103407585	1.025230581682582	1.940423245187791	1.7791332473051356	1.6440650822163319	0.8388023511485322	1.8912656137745358	0.4661515893876719	1.5982484346130863	2.1269691227881284	1.3668956460226105	2.2700563259635684	1.7412223059509078	1.7389331435372777	1.9757268480816104	1.6025159598488856	0.4284022567354276	2.2056976507900177	1.7979313989349646	1.3334346066999097	1.5737667335069365	1.3720786400488199	2.2798922279121854	2.144688253728085	2.5419245899332954	1.4736369838831864	1.6339213367908505	1.5433235787848667	1.6612961381225975	0.9404111936660351	2.7720898701093803	1.7390723644214017	1.5016463248419352	2.129372264483928	1.73537578293297	1.1909691926368027	1.9164998029989875	1.5118185948787377	1.7041295998386687	0.7453933056641441	1.6960058454243012	1.7041295998386687	1.217027492710736
s402122	3.000397231135376	1.4939947811174965	3.1775138318560354	1.9596776664535889	0.517348195724783	1.0191646326468269	3.8203027980870865	4.964862826995879	2.410997414396445	4.027176717481974	0.6609854590031955	3.9435460185886058	1.5604344150512381	2.261395880802928	1.2516545690941623	2.369963514646088	1.5816475875468878	3.1499964809375633	0.41630491649209533	2.6328244442592057	2.1795728792372646	1.5176596115415812	2.4875936114896198	1.8005312171996386	3.6503087052278835	2.1263058359280937	1.7466673821837337	1.6684064693990746	2.8498556058297053	3.982224656685941	1.6348072954777093	2.353629383006705	2.1514337189863832	1.6465850634566945	2.520934209797166	1.9010105126694896	2.6412078783754707	1.3089549830610838	3.408844332689617	3.1568705838677364	2.147416646454987	1.2797666080984997	1.2607440234575524	3.453359097388356	2.4921831824330587	1.7295321147343106	2.3607553854442225	2.4135650744186803	1.551716144496495	0.0	3.0703640637720144	2.656805233907183	2.1184226698899398	2.9121800521113292	1.9826715129635224	1.0874888685178383	0.8579343957409362	1.7193716232408633	2.8544708976581576	1.9869191570950004	2.894477797169767	2.130401242285087	3.0555397454515227	0.555342571041109	1.3017071371233169	3.072422599092609	3.083479590754326	2.7588607199850896	2.0196256886094077	1.9942572433916401	2.06139236826844	2.876130293002492	2.497857179630213	1.1880102587473114	1.403166688088056	1.6505143008409513	2.96064695573559	1.4230718919624963	1.028596450071277	1.1225951692477318	1.2431583279562883	0.8080254748358577	2.0750726569067366	1.2062125467999714	2.306696567896806	2.7566800570329386	1.1735005901371656	1.5872965151565759	2.8982873314750575	1.6183027836891881	2.2141412538786542	2.5310407310864718	1.5186088455353948	2.084130015340655	1.149233965154283	2.2125796065385064	1.7598383992507818	2.8827922399508656	1.9382516086023842	1.8288689500682909	2.5840303078953837	2.232806337976776	1.0326242222100903	2.2112631973701196	2.861602812261148	1.8157639950525357	2.313924512631797	1.7122332673511331	1.8809790295247082	1.883170396005672	1.7220140224119889	2.0205217093966006	1.5158647010030568	2.1419510911079844	2.0205217093966006	1.6753313810264328
m9	0.5481736046631307	3.9787401287723143	1.9828079116620516	3.3646646551697637	2.8989782705964937	3.994811178757153	1.380957664877611	2.0012246016281017	3.9541926044174067	1.3255111741519836	2.708721486076073	1.1993341977691436	2.6497911877725207	3.1750597249830594	2.916986005245407	1.231003884171644	1.756655931109499	0.7364203093966422	2.7817022996659633	1.859631509109668	2.745824392687643	3.5606581063775824	1.8463784350683206	2.691994638292877	1.378487017265524	1.138574908064251	1.483368125219596	1.816905008622221	3.321925302351163	1.2783818737104955	2.051645477902535	0.7510814622224762	2.610686160898063	1.5513782445128628	3.1413350167002014	1.395013539588373	2.058985801312712	3.6717096046226616	2.3441828942701934	0.7406976909788675	1.877509528342536	2.928130746128428	2.218865961291084	0.5258012459397758	0.8011788504989166	2.259764570965487	0.9742005345024773	1.1704265190872314	2.8735033911217567	3.0703640637720144	0.0	0.497915746283132	1.170158342629873	1.2243856760483787	1.241364476075062	2.184573397322616	2.446267008272082	2.929701471607536	2.862697107055716	1.5211420315964272	1.6362368435901689	3.403564352737236	0.9163945623457229	3.557205506814265	1.7798975592189012	2.763980308447373	0.3668069168110304	0.3349474989871138	1.3456830868816276	1.2462147336507141	1.163451691284043	0.40740401714929114	0.5930486319471269	1.9854757666727312	1.9716249157902315	1.4470643168541673	2.039608617448895	1.7112237092393623	2.352804415783768	2.057354667861144	2.60837886393228	2.282688390133228	1.0022512356417699	1.9015991323775288	0.7710290963845806	1.6622318367810278	1.9289764700757612	1.534211355822713	2.2613389459596815	2.452610099844804	0.952788614488809	1.2522131382882342	2.119384017281959	1.318787382979723	1.9453612919913934	0.8822913217920241	1.4113135326711304	0.43998925131171124	1.417462848518927	1.4658578079666584	1.7567015255546332	1.2868595284020672	2.4557079920016855	1.5013653965957763	1.8672649898629088	1.4222947612739438	0.9196162682838869	1.4681352569625195	1.699502876642192	1.1908280376554683	1.6351914287226008	1.4207385187946326	2.1430282731157915	1.263875823060852	1.4207385187946326	1.798697591059337
s401954	0.4391274938332294	3.5319885071732435	1.6668147556250008	2.87854290763291	2.5265125148307854	3.600197967320414	1.805821021909513	2.3268462369736067	3.4747563327150273	1.7997970783862183	2.3577757522382154	1.397370825220293	2.186288125446962	2.6924167422816603	2.662908465866894	1.204068491265988	1.5027520923187425	1.0678346373257825	2.3904263047683534	1.4524841970243987	2.658144365355073	3.309705297922417	1.4075700813853798	2.534456059006628	1.3201908563075209	0.9469199712026842	1.0513540098211596	1.5821929032340376	3.306010631151527	1.7513885890413008	1.8507418588986975	0.41528958700292523	2.525074037257757	1.1572351895864759	3.0819755846998165	0.9261660964586236	2.110024170547657	3.189438791375391	2.540770539534667	1.079431815789139	1.3955927595253124	2.677452581763947	1.9414200819246472	0.8283581603378082	0.7739821724184272	1.7751159232094758	0.8904991819748362	0.7073084731658945	2.6645500909296196	2.656805233907183	0.497915746283132	0.0	0.9392146022595208	1.4151551528327515	0.7660960125481504	1.8474171427452264	2.112258900027166	2.4414036387824813	2.891007070803168	1.3784257094594208	1.275831861569614	3.2511218374633213	1.1851382726091706	3.1665403229429794	1.3793377053201308	2.846012585726728	0.5658283519741747	0.1912237672729279	1.1415190137164692	0.9601160553276104	0.6877619605053508	0.6394125918691019	0.3597266319961763	1.647754050873713	1.7074465326807589	1.0083362967263094	2.168698604525898	1.3432626173432953	2.0445360612287113	1.60135196164625	2.3444842927014355	1.854244711123561	0.5963391720078101	1.5327377017921802	0.39952565524569905	1.7622880529063143	1.498218791853222	1.08264806289424	2.3514852021990977	2.2625118914613327	0.5800045906180382	1.3000161007832387	1.8141078370476384	1.1857848718929047	1.5708191071975204	0.46725832009586615	0.9390738800098053	0.6256661263197176	1.2389035914755246	1.1729668020822477	1.799330278917662	1.1840805380947916	2.127505977940304	1.020719750293336	1.9828686962049444	1.169225472103059	0.6760029955683404	1.1034117221912036	1.5334875208420018	0.8120401680597957	1.3407976360050302	1.1866122552780465	1.9248619373545355	1.099559601973811	1.1866122552780465	1.5526308443168704
s19501	1.2233950313223383	3.3126437759085268	2.3900797207995863	2.9444687957342306	2.0130102388107893	3.073282843165808	1.8843892940900417	3.133868172732224	3.56525735750599	2.074541463510151	1.7918394259093158	2.3062101276470433	2.25707643289936	2.8613802628318803	1.9030987842085278	0.9650318010225774	1.0035583541613706	1.328647624905678	1.8858062782258227	2.042412759706075	1.9750104754221713	2.548409378744475	1.9132361137597744	1.7265013846169592	2.203705365202994	0.8260784610659153	1.1203352265409625	0.7018173976282891	2.577666219202947	2.0356155239768934	1.0269929066761614	0.8091166952853474	1.861961463385803	1.0969287695869385	2.286067736582213	1.138682794571514	1.4879018515926394	2.962642112758726	2.077239477079139	1.3042676940579685	1.681960912937383	1.9047260588813137	1.3896624376489397	1.6712556743989289	0.7784246369096548	1.9231908739231525	0.840506831595448	1.1708025172780319	1.8405121292655713	2.1184226698899398	1.170158342629873	0.9392146022595208	0.0	1.2263112878720543	0.9902172454676371	1.1058958449105123	1.4434091142724619	2.5006140815010003	2.3305517858857	0.6607013738543498	1.9358021172730895	2.3891958682365573	1.0823100880161294	2.558354888274572	1.008828122979169	2.234040977448291	1.3737984485385588	0.9680621483396015	1.0057493867640244	0.147567618713335	0.7651778466720929	0.9527062800759225	0.6195383409762435	1.1225483313684896	1.0471095243821271	0.7770995852703974	1.6431355314679348	1.0292723383343796	1.3494408017384771	1.3281191697617964	1.5179039297995707	1.4036993553468151	0.5831758098347871	0.9294430277161361	0.5948991723478134	1.182730414081286	1.1703221549088076	0.8953428398460337	1.7080965219502549	1.4363577078498861	0.4531090292674143	0.8380454413996339	0.9586968816714669	0.6405940027303964	1.000114129538486	0.7427724962594144	0.8897950414149992	0.838827902318003	0.6449047523988988	0.31998693686755314	1.1152409617355241	0.3975728556582621	1.3335821092998348	1.3246545639800709	1.4098169319265013	0.41708307142951107	0.2950061001848064	0.45931372143976873	0.7063783068287612	0.5178910366324291	0.47819229039510563	0.26996483271229116	1.1510233836039554	0.22737720720316162	0.26996483271229116	0.6566833883308067
m27	1.6978821983919545	3.998828259092936	3.0285362445447137	3.8357159710605124	2.6099146466627716	3.691953690832477	0.9599739337157641	2.9467180708200726	4.424517319709913	1.223651928501282	2.367599728492235	2.274475524741529	3.000518183407998	3.8069859676207685	2.278786995124947	0.606728397961806	1.356298317576155	0.628166099503597	2.570430665590097	2.7471886978697397	1.7527334572414808	2.854794578986156	2.714423535153916	1.871714776915796	2.5851354438216307	0.9904412652416579	1.7898417849403796	1.44846762218889	2.2080848063926313	1.188425616690052	1.4665240705329645	1.2454218175254779	1.6252392255387518	1.694300136446157	2.117235711622373	1.883867878099415	0.9505460895627744	3.8635088459040405	1.1640666123077792	0.5977890280861805	2.632892283531445	2.2835941088963314	1.7501986602224857	1.6363487039125648	0.7205436298239803	2.7798340086009405	0.7754508784845737	2.0415256910529767	2.1529794319210245	2.9121800521113292	1.2243856760483787	1.4151551528327515	1.2263112878720543	0.0	1.762245116602855	1.937039541906949	2.0979062122013787	3.397645810627312	1.7015629147776343	0.9771140675150309	2.6775427941988617	2.5439919750424456	0.5131996508003777	3.2676670498967746	1.798408668534447	1.5733624026293718	1.346461075329255	1.2668779143231177	1.1103759169162541	1.344602614208214	1.741726443872013	0.8332307996465609	1.1490812781077886	1.7430828713013393	1.5243595662403437	1.7101540265776103	0.8631823419841749	1.6618880219847234	1.9454189971617275	2.232067654402769	2.076149026997791	2.292465260978747	1.3872032783359096	1.7940607660795405	1.277636647751743	0.678297486815931	2.0196135049709105	1.8150655422383113	1.1485651187910242	1.7509919742314697	1.4323371510953002	0.45787483019824726	1.9769033304604702	0.8479060620401607	1.8368214957258437	1.3745529787685247	1.8224666611658191	0.9904155263648824	0.9889575055741733	1.4588656709913563	0.8470491564316514	0.9493130249518282	2.158653929141941	2.284162287298562	0.7855944026194293	1.2195895358617674	1.2554317188509918	1.5926938944403317	1.1702149542614988	1.3980164095086691	1.5648330151850594	1.3955682835939833	1.5502615785407496	1.0930843198478786	1.3955682835939838	1.4936425830355209
s62150	1.1025838653277336	2.770734706893154	1.5651169772209306	2.170067523028725	1.8830828870024003	2.9123142031184046	2.4132138411326296	2.992371104952552	2.773372472313292	2.4624210260532062	1.762200219658347	1.9665617126212236	1.4453455354448408	2.0621211713368806	2.241203891586943	1.2972246885135486	1.1541859224333069	1.6047859933954707	1.7307744144457304	1.1252098451491095	2.47625832161197	2.8613969892640267	1.033919960877518	2.288757906817016	1.7179098584387504	0.872196022022444	0.357174757497832	1.3753098570478188	3.2177023627792276	2.4114120776060646	1.6189084570521193	0.5774576080191375	2.352572897480052	0.5407530541031802	2.9580045197484655	0.1799882646355654	2.2096555823753206	2.433758697758423	2.8057335425605334	1.6263585809217178	0.9007337866918008	2.2647637057121903	1.4871033959004913	1.5169250597796127	1.0498265092152093	1.0691478153427882	1.0183378116290762	0.6246636965973524	2.33553743720715	1.9826715129635224	1.241364476075062	0.7660960125481504	0.9902172454676371	1.762245116602855	0.0	1.3893252836428032	1.5906178594378908	1.7260292479145778	2.856009281417211	1.3171545586833244	1.206070726685805	2.9947587403483973	1.6999781712475308	2.516384499191763	0.76800763290841	2.922215312160771	1.1952481260315067	0.9068062887860476	0.9473226425356086	0.9035205841997699	0.39027412061465666	1.2310628641554995	0.8111990395742211	1.1299666866939377	1.3384858094979042	0.4296114678137607	2.369705380177909	0.7797463577022908	1.5730060189726065	0.8792319660241024	1.9638270210327295	1.184185573380663	0.43907922980024305	1.0232482839959554	0.5967995466394941	1.999517916468954	0.8166762770180924	0.4280750274995733	2.502612776801438	1.9971379552030522	0.6601806305284743	1.5250648998882332	1.5228343148844552	1.168710939338393	1.0319829252762032	0.41907043232643143	0.28595919682182974	1.2565305914727665	1.1308196270346977	1.0155021359438352	1.9638647943405962	1.2984293423454993	1.681949829198735	0.661059852158935	2.205099371811865	1.0022840961185526	0.8930977194420106	0.805969776259904	1.4250175231234572	0.5223695210313841	1.1335208559477978	1.1631084765091664	1.6336445018477568	1.167418717236871	1.1631084765091662	1.3484313292486965
s401996	2.1925279490139613	2.4674515945049182	2.8708737811743994	2.5100539296253492	1.0216111348626842	2.0049215823744615	2.803288890110164	4.1614118960143625	3.0852847500253997	3.0406297137860903	0.8002170611712512	3.227505490522761	1.880594159099065	2.615221642691009	0.9847089126479084	1.4757819595144082	0.8049475717866639	2.2201545721639366	0.9033820074875389	2.3788403978830495	1.580678540725006	1.5929485472895164	2.2246573523341087	1.1552510502694742	3.0363738944970757	1.3041555111794438	1.253102548504376	0.5838581092075655	2.25996948578764	3.000265891898704	0.6556408607209925	1.5601126634249578	1.5136613760425592	1.1267852188374397	1.9025279856879609	1.4048211128044141	1.7022599870195854	2.194119398717456	2.4658824531636547	2.2113950944119085	1.8853205986795547	0.9928017991420538	0.7432095334108965	2.6430725887688995	1.5780318898435328	1.7726811522029684	1.4874978744887786	1.798701423946674	1.0666198090717467	1.0874888685178383	2.184573397322616	1.8474171427452264	1.1058958449105123	1.937039541906949	1.3893252836428032	0.0	0.4103112053453798	2.1237546467829578	2.1980304600362426	0.9659083886907536	2.4772946921903847	1.7234226111925608	2.028200363763347	1.4652342520095862	0.7135649090309317	2.2696573764964216	2.281398529035023	1.91520708531879	1.2791230622099627	1.0067442627757497	1.3461987727314144	1.9393865610718166	1.597750896620365	0.5375266104982387	0.5507305716036383	0.9644578601815634	2.0032937371504747	0.8276023504762121	0.394529228220173	0.90235923283103	0.6214494795568601	0.6608788991979264	1.2622122386915269	0.3755530208734454	1.4547224870919626	1.7196119694206735	0.7697956716789229	0.9832766153250565	1.9491735740878027	0.8472412117137994	1.3378386835900344	1.5129501131147194	0.5932979801312396	1.1099093662440993	0.39669420917097975	1.438434279416839	1.1504449239790253	1.9122392162188306	0.9709904076916442	0.8148755212634535	1.5454464548451772	1.1669317392860432	0.31210869277162007	1.7343715873449173	1.8532524700032296	0.8009716751872642	1.3543736216390816	0.7976671418664116	0.8268192436265129	1.0441246166527531	0.6912206502164959	0.981401455680052	0.6260653125388667	1.0864934458823141	0.9814014556800519	0.5883538779350296
s19507	2.4896540236020708	2.209389605601361	3.059260068193033	2.4753485945204385	0.6590684846396085	1.670501857416651	3.0164606900795734	4.422413988300614	3.0119417719277743	3.2550877348373097	0.41048794787706633	3.4535738953428443	1.8229628615969202	2.6640236477674186	0.7176924109083376	1.5959509546916235	0.828897305374642	2.411595910823381	0.600403215299393	2.5371492409469854	1.4430249937454795	1.2950546891147516	2.4038954928497223	1.0668883075985973	3.2922271634297333	1.4414817289356565	1.3709012991826799	0.8909260473539302	2.1584491486436868	3.213223774819475	0.7896942531043766	1.7770052670198926	1.3899535578515927	1.2080675398516358	1.8297223056764504	1.5684869820599083	1.7864413205196787	2.064416728171522	2.555319473783148	2.410969237648538	2.0877088796973355	0.7440008198509871	0.5338000267247656	2.885245601477495	1.7766799470050847	1.8400157347708697	1.6472289681352388	2.0773801951355435	0.9261632272310221	0.8579343957409362	2.446267008272082	2.112258900027166	1.4434091142724619	2.0979062122013787	1.5906178594378908	0.4103112053453798	0.0	2.1212347583067923	2.0966783207149264	1.165881891509183	2.7101070937869167	1.6091384173575676	2.2725217360183154	1.1794362518447337	0.830510581437796	2.262994312049331	2.498579281735387	2.1713421648772773	1.3507408639869156	1.3511322390423466	1.6336095236083104	2.1829490869904724	1.8755096513405147	0.5224000979168819	0.5761324039960196	1.1983307685612634	2.1039451033507066	0.8914079703705385	0.17151532327577573	0.9871911724916678	0.5630856191804824	0.6833279294069249	1.519515609168623	0.6079507883295813	1.7232391863867333	1.9074297890791185	0.8630990293182426	1.192770081073723	2.0502639124563657	0.828616991531296	1.6558673521054492	1.711896728744174	0.9830704336216544	1.2943467630750407	0.573363855395248	1.6701349730374633	1.3804092255168496	2.2018014605334217	1.1501882417054694	1.181424967515276	1.7365460980112235	1.4589230350280842	0.4825958198600879	1.9914664387517356	2.0052756261371516	1.0789846627291169	1.6848176910910049	1.1449365982880095	1.0548796260792486	1.302720872515748	1.07715913364743	1.3539724714678345	0.6608270290393017	1.4059827453768963	1.3539724714678345	0.92995021556652
s19505	2.6489827582507224	1.584247179909369	1.9474661300943512	0.44804302537208585	1.8973593717132533	2.3359385599534823	4.132155264633237	4.350139227053818	1.0682126580911322	4.177331195169587	2.0148780367857673	3.3060210317269325	0.5806545175109314	0.6026340011138748	2.7815193440258397	2.8379854583238684	2.296417732591227	3.3051550513770493	1.7381915011321536	1.4821805624112003	3.4617660855751056	3.1831473367930863	1.3853217148187629	3.177238169426146	2.801907846540258	2.417256620857525	1.6174639851327381	2.5381507463604653	4.2394508484512965	4.124994849407313	2.6982606448456083	2.29437248359675	3.378003284141606	1.7200345476581644	3.939654390472425	1.5757762530955388	3.600726014178978	1.0608832256421548	4.307435679817883	3.3335215879136775	1.2232941284670822	2.8155787137093253	2.273736135500131	3.0830908287080443	2.7259331368875905	0.6730391004501364	2.6366076084353844	1.9062063250519312	3.0409368630194606	1.7193716232408633	2.929701471607536	2.4414036387824813	2.5006140815010003	3.397645810627312	1.7260292479145778	2.1237546467829578	2.1212347583067923	0.0	4.0115834946246745	2.711797725274705	1.8869558167981055	3.7061164391035186	3.4025266019196176	2.180997069459819	1.7052873167228493	4.2123701133910645	2.825842127990034	2.6042161115354543	2.3595203006427967	2.3622575243493222	1.9008933884517598	2.9564756652122903	2.524189802405718	1.9771104876680932	2.3425112455989647	1.7512063252861458	3.8445203595518525	1.823163711502768	2.2425034534556656	1.2857146611493546	2.6417308496639955	1.47449450177465	2.111202496383291	1.9108998240424078	2.306266272788999	3.527124165757035	1.4970827363351484	1.632744694948586	3.9063839493367833	2.9124642371795693	2.2611963765123586	3.1088200011323015	2.3884177051138242	2.656767028787614	1.8615901058732567	2.142522793282941	1.6536811809855285	2.967599473987616	2.552343295202314	2.3331189734024513	3.427549574159843	2.8091323409820705	2.2690654857293264	1.5875224629804026	3.7053105192144447	2.3880371462147814	2.4969217314874395	2.0852726261962427	2.720735388641577	2.0701459365782844	2.335607531615246	2.5314895854907644	2.630019059763292	2.660121935412644	2.531489585490764	2.507564226489734
s62164	3.2609331436727236	3.9366422858309833	4.349823892445636	4.386305849143476	2.444639786741671	3.2242078263364315	2.4030550435694495	4.615701012115242	4.902741688336818	2.7342898124865003	2.2249949683077124	3.894400448840019	3.5560221697806758	4.558549245073848	1.721253242251467	1.7016573486388886	1.7828678383572705	2.2884634976064437	2.5368908497543203	3.9279744043202354	0.7079782552626049	1.9520568832901382	3.8758369726230453	1.250043900485577	4.157126267111995	2.043774217225073	2.687583371998686	1.9371199105255703	0.7586172668020859	2.714286776118254	1.611918754104121	2.5674603335358994	0.7154180132677259	2.4850106174993734	0.9756571567019275	2.903679241455026	0.9728376335686246	4.058191655456385	1.154388742336549	2.277252526883553	3.701553094937911	1.7195428874804954	1.7550989644353991	3.281827608653826	2.128470177602758	3.571918626074376	2.0264098915909314	3.337415214054128	1.5543829850937707	2.8544708976581576	2.862697107055716	2.891007070803168	2.3305517858857	1.7015629147776343	2.856009281417211	2.1980304600362426	2.0966783207149264	4.0115834946246745	0.0	1.6859169826146936	4.017695722731426	1.5744915965364388	2.1483345574776136	2.928357409796104	2.4087487885429564	0.5634441073032606	2.9271606570461777	2.7978086208386204	1.9669139676270895	2.3862662278415963	2.9079619823942413	2.4584181907208245	2.581864076834953	2.0778136937151124	1.7574721027858737	2.6180772688079164	1.0660308072046467	2.2717548920046973	1.9451761330477588	2.81698178900568	1.8598155013098951	2.669529431703208	2.564731351665477	2.2858665333507093	2.5996625941115745	1.4733397747218606	2.5991374322877445	2.6860592168937236	1.0384097155782623	1.461058596478193	2.6846096056833213	1.6842356582289728	2.4426984806413365	1.7713342010412314	2.296630934381901	2.624839719369163	2.808098253758753	2.5899913734041293	1.7845746693047566	2.3363629455646637	1.447187664476993	1.9808591228311896	2.2606047086417553	3.4544286435962728	1.2956514905557717	2.046477269059789	2.5395768624300517	2.480363894608735	1.7070974914778383	2.436528060344338	2.3181425579718424	2.3405171549983717	1.5761856273526307	2.1267562902411727	2.340517154998372	2.0350370614895406
s402112	1.7433355940606852	3.2161109944422117	2.8459797259183808	3.1417636111846914	1.7496273014642052	2.819799479903995	1.8577524508107541	3.509637318646852	3.738442629004087	2.1170428164765673	1.494703315039135	2.668668100478507	2.3659772855216366	3.167605911203741	1.443771112816115	0.6291759769827953	0.6038539342510436	1.3452858022694996	1.6874532592987699	2.441090007075491	1.3305482831221502	2.076166610754892	2.3415302406336056	1.1743967820837753	2.6976818946792727	0.708580147712687	1.269837236335597	0.4951939563971668	1.967779515942691	2.079088193853344	0.553286049092463	1.0878196606669612	1.2109299133105267	1.1315895429931702	1.71182086784969	1.412935807288643	0.9366268616659897	3.0216610720258257	1.6305680476570479	1.32700722004475	2.1238414975974313	1.4475325598257134	0.9583121066907054	2.0183040109852195	0.8040040282920986	2.1758933889192735	0.7474678926952165	1.707862671941457	1.358441460596648	1.9869191570950004	1.5211420315964272	1.3784257094594208	0.6607013738543498	0.9771140675150309	1.3171545586833244	0.9659083886907536	1.165881891509183	2.711797725274705	1.6859169826146936	0.0	2.442935952604224	1.8941929201176848	1.1203610558708696	2.3428592983644454	1.0149457352267164	1.6533697027639518	1.6551157624802821	1.3502237635208092	0.7801234334936256	0.7015934654578433	1.2625782712567752	1.1710656629328684	1.0407092355900818	0.888316245979609	0.6285100150512958	1.0445899719714764	1.162623790404189	0.9448129468931831	1.0177788874301519	1.4429498923233661	1.1574122719069915	1.4106896643520048	0.9594482248945829	0.8863545119000443	1.01660011596339	0.8325404871541046	1.2271998832753317	1.1428700986724405	1.2199557117671962	0.934886524566388	1.025437350865471	0.5521943436505401	1.0634739764543268	0.2548530150084542	0.9377859949965262	1.079519574121503	1.2280187107713467	1.1977761194089405	0.22535812005106934	0.6777960424492252	0.7255125678354848	0.4152365880806019	1.1826713722027835	1.827308010858683	0.9970035667093856	0.3814051380415796	0.8971016638679433	0.8263732758598615	0.2364766145451559	0.8164212787738668	0.714546512177791	0.7042928375584666	0.6546656509191261	0.4889616524489064	0.7042928375584669	0.5593911826585928
s401646	1.177695798267279	3.3601927918410364	0.5109561311535086	2.2330013286919423	2.9181801607150444	3.8086717472766973	3.0170081998996823	2.550535113209235	2.7525406387424534	2.9263165968296705	2.853165107425745	1.6271916850447994	1.8757063892963657	1.8566344092764382	3.39822464691841	2.3601518297026653	2.3599329484087006	2.289801897400582	2.7398097664115735	0.5459827567750801	3.6738195956495283	4.003744918254211	0.5156296051538121	3.4649933149069403	0.954300271161268	1.9797152128576738	1.4778644045237903	2.4708103569538697	4.394529644435419	2.8795466345255294	2.7718883461600337	1.4783123174211117	3.548571859607992	1.6972761942323826	4.1261911134666684	1.2196076742889586	3.3014146839141914	2.8735943560921875	3.801799665046609	2.3137411320758807	0.7895776530462408	3.419854491836473	2.677601525460275	1.5709260967695562	1.9893985963961862	1.3606488640786516	2.0372836407094304	0.768906073452343	3.49450469366872	2.894477797169767	1.6362368435901689	1.275831861569614	1.9358021172730895	2.6775427941988617	1.206070726685805	2.4772946921903847	2.7101070937869167	1.8869558167981055	4.017695722731426	2.442935952604224	0.0	4.145924124263109	2.453511586112215	3.44963583811077	1.9116643340217074	4.038537027468265	1.546327429293886	1.4382882996785122	2.0853389893339696	1.8730495680405375	1.2173512909925737	1.9050654489828802	1.5767099906814561	2.3028981602871244	2.5305507124518556	1.5574441087856952	3.40638222195037	1.9631859886590277	2.7209902689872667	1.8119272042494368	3.087197763236003	2.158565099695329	1.4849001658472964	2.1422361835748163	1.4769420209264719	2.9904276462048944	1.8727737935414859	1.5315572318842516	3.5613970712371166	3.1597431572937325	1.4863603295527597	2.526286492846091	2.4610210802017205	2.2858840676885652	2.152716814345791	1.4003922363312091	1.353081705841516	1.8596612696907802	2.2792883868421225	2.0122470385263203	2.9887744166717614	2.2956842424455823	2.72819410271767	0.7634429747504926	3.2158554657817815	2.119127670283155	1.7121717868802027	1.8199461765677636	2.5438475021828504	1.6455159398376693	2.131922412572258	2.091495202874259	2.8090326539550055	2.153566883078015	2.0914952028742584	2.417299213744744
s401618	3.5979270426417513	3.4446740674373046	4.545140937220322	4.028970507554883	1.9485771411572945	2.406434490790498	3.3362784490581583	5.367700097335528	4.523232572706368	3.6999162505965186	1.7628572781206966	4.561427971816471	3.4163939517517137	4.241424819532714	0.9651178415791019	2.3545559995797563	1.9547948474483197	3.10985781668041	2.0292714557539684	4.060557483878184	1.0452236774191204	0.9132299775653003	3.926015164216867	0.7566980902761543	4.556164893978351	2.4999833907760873	2.829121363278194	1.715895156653455	1.0465376991734507	3.6767556489023656	1.4076393019323854	2.9465551864123367	1.1510795969476835	2.6425346616324075	0.6854195558836536	3.027069753406687	1.6742579157409947	3.4340998660822044	2.2108050887318913	3.0843041508758344	3.605184002305222	0.9196128773076012	1.709059059987622	3.90771977348015	2.676823713163835	3.44308601969475	2.5852303251730344	3.4196492911334797	0.6918123079773909	2.130401242285087	3.403564352737236	3.2511218374633213	2.3891958682365573	2.5439919750424456	2.9947587403483973	1.7234226111925608	1.6091384173575676	3.7061164391035186	1.5744915965364388	1.8941929201176848	4.145924124263109	0.0	2.7975595534761135	2.008284172438685	2.3251430168944958	1.611500196939575	3.5441784224188813	3.2403938228812463	2.4406430194085216	2.383324720308737	2.9479484818248984	3.0373638784470036	2.9162268776281883	1.9630145871883533	1.6852644249245232	2.600331041543869	1.9567802911247933	2.3230647236672963	1.5295376940194638	2.5754347700479934	1.1090822089395638	2.2739907417271517	2.748034390150183	2.0391844776708097	2.8657557406048455	2.029442124255125	2.4261945485474534	2.644479297074527	1.6973785689836811	1.0050183190861837	2.794853520090173	2.2332475082476684	1.863827533547536	2.122197887296271	2.051254940803931	2.9008982415625706	2.8055860977651883	3.038874498702189	2.048244237677158	2.209331741463142	1.8398323753965298	2.15159367298684	1.5522600969438072	3.4206672400332008	1.9604147013620707	2.095173832708842	2.681329928100239	2.349508506764382	1.722966610199632	2.545859754089767	2.0845677787351873	2.2334178216587532	1.3720201043149252	2.2162986839867145	2.2334178216587532	1.7798229149436482
m6	1.3618686007390561	4.178610747971846	2.8394607695887726	3.8491818717663335	2.8263061988302782	3.919547193171784	0.8034724220830001	2.6215999511766093	4.4554138125916385	1.0377520808157072	2.5851316684103467	2.0210640035647036	3.0714106487595743	3.7501591379929873	2.5360311498559325	0.9003797172326995	1.5815924294649917	0.5593624898508568	2.7511835847617516	2.620862057454345	2.136275151287332	3.142804621146618	2.5721443056496534	2.1447020368571836	2.2881864562461445	1.1325990584532948	1.8273566657684095	1.5043186945265057	2.568453084443313	1.0051661575251656	1.6382552805225679	1.1649938299277125	2.013664284871309	1.7859799695072547	2.424669834017875	1.8535116477191549	1.2788533845014913	3.9418726169354588	1.4592321969897974	0.4892566813315071	2.49137765793993	2.536097518166232	2.0132416568267133	1.3603506296222643	0.7390034872160274	2.76339147108343	0.9026518125253582	1.821368781387852	2.396673891631716	3.0555397454515227	0.9163945623457229	1.1851382726091706	1.0823100880161294	0.5131996508003777	1.6999781712475308	2.028200363763347	2.2725217360183154	3.4025266019196176	2.1483345574776136	1.1203610558708696	2.453511586112215	2.7975595534761135	0.0	3.4504983486749654	1.8813781374272869	1.9414163261306192	1.1568988348872447	1.032959973290617	1.323872275060533	1.2213802112054253	1.5868337783535233	0.5858484889495662	0.9364491732195583	1.9102226421536135	1.7267687917802625	1.6841497095727487	1.1905872737843712	1.7893044496156987	2.1325113471080996	2.2743840722031288	2.249436347422567	2.3706817861297016	1.2966012609371027	1.8689332637756257	1.1259666167357598	0.8322797978883101	2.0855283655017796	1.798516616241367	1.4120580566361554	1.9741354963030855	1.2359438078603506	0.6166923316971183	1.9343459418353899	0.9991613149878233	1.9250971327148567	1.2849899933483435	1.7615779817918333	0.6135605726465639	1.1402858512612823	1.3751573806679416	0.9862508680951676	0.8900582079533418	2.2464194141267946	2.1027354516993713	1.0115302549552516	1.2501674590230933	1.028607217741756	1.518056194642394	1.2828742256782004	1.3561425538170093	1.5026764558655308	1.259127192899064	1.7605662018252426	0.9980760911653093	1.259127192899064	1.5158347702118475
m14	3.5189314755992767	1.5581356661301267	3.7290597568958455	2.352845125149305	0.7845864046997744	0.6171823053121909	4.194483186421128	5.48372303872031	2.718854458272354	4.431282909859548	0.9426630751537685	4.468763766408133	2.0392775494377977	2.709430469812538	1.2565856465240766	2.7514330011250707	1.9621606573286248	3.5730828933813616	0.8320128622099976	3.1826261862653866	2.2402525444329857	1.2644843028848078	3.0401637699718416	1.868047433716108	4.198837483545764	2.564578725028108	2.269278577925802	2.015576162678266	2.8143691714561445	4.388555283155127	1.9064874260626905	2.8488473933735	2.2466633197360233	2.1480301006058653	2.498449167641314	2.4392513772499202	2.8570933401575282	1.5390389722601439	3.6090849411933728	3.577118043547141	2.699399748869769	1.278427203255912	1.5673962242716213	3.9595045941742666	2.929385642238365	2.265296718683425	2.790607381318759	2.9568162987688478	1.5654994503917379	0.555342571041109	3.557205506814265	3.1665403229429794	2.558354888274572	3.2676670498967746	2.516384499191763	1.4652342520095862	1.1794362518447337	2.180997069459819	2.928357409796104	2.3428592983644454	3.44963583811077	2.008284172438685	3.4504983486749654	0.0	1.8012607086679113	3.1735940883291742	3.579605470410123	3.2564743380968193	2.443766147752499	2.445679165180212	2.58765560487783	3.3312782337484297	2.980710826813218	1.6107690938469041	1.7459485856176906	2.168543863605219	3.1881446570673577	1.8991627205756665	1.328611007831696	1.6709223644665387	1.3894118338135208	1.3423453604951123	2.5755459257904736	1.6653324549052548	2.801448429315	3.0451986419280748	1.7004910385824055	2.115225476576861	3.0846116009001476	1.769290764555111	2.7083637812425367	2.888815934114176	1.8671541385253925	2.471362770842152	1.6143333273254075	2.717924454459753	2.293478554619649	3.341645714017879	2.326542381342108	2.263058097253135	2.858730735367279	2.6175213845203222	1.323592905674161	2.761541380741098	3.1162632556296055	2.2339455128117764	2.7811624849285113	2.1844005318744357	2.213283954557101	2.372923937556525	2.138147145377325	2.4363380703449797	1.7753415002802138	2.5487231552676564	2.4363380703449797	2.0341039712395235
s138530	1.7609697776586892	2.3251349852596332	2.253024370345595	2.1301161610158834	1.1531874910111821	2.2233635930810283	2.6451241736826363	3.6855870345373845	2.723636064897612	2.796842709366605	1.0039699453126878	2.677928337309653	1.3667391119362802	2.1938472712860873	1.5008461729385274	1.2379218948098125	0.636628666367704	1.902517522922424	1.0112042624017952	1.7441096731373644	1.9028168217688923	2.1047082258799645	1.6270982383167858	1.653267429417552	2.4834306266277197	0.8918049372202645	0.5518297168510476	0.9236212971279566	2.6695622084678408	2.7487635357523454	1.0632595822238466	1.0528319267967725	1.7986047175140618	0.4322600382481913	2.382445991774677	0.7390626238898768	1.8973226375403207	2.0723682920939357	2.6105158384138507	1.9145744426447022	1.364672616075113	1.5277812153936658	0.7976339114667962	2.159272220600755	1.241884483010696	1.2162172532400644	1.1265476430597852	1.3049947419020291	1.6416634825298362	1.3017071371233169	1.7798975592189012	1.3793377053201308	1.008828122979169	1.798408668534447	0.76800763290841	0.7135649090309317	0.830510581437796	1.7052873167228493	2.4087487885429564	1.0149457352267164	1.9116643340217074	2.3251430168944958	1.8813781374272869	1.8012607086679113	0.0	2.537090581490825	1.7832639285274672	1.4677242250501106	0.8450373097713823	0.8913501105290161	0.891036672995118	1.6032439635960185	1.2280441522493424	0.3988451820547812	0.7033145720102355	0.4271782673759237	2.1441078744328648	0.22100222676817757	0.8301478482463387	0.4508087671592301	1.2655355573454194	0.5446660060409553	0.7997190113298297	0.35111522617477414	1.0309876097453765	1.8419620604480345	0.22507856208073354	0.39997346985339965	2.202520256305321	1.3666425557770558	1.0101640112081027	1.4586664561780136	1.0868493002321693	0.9858946759426219	0.31714944177293825	0.9209036808718065	0.5893400705704895	1.6369023995366327	0.8642265983017896	0.8366263654950746	1.7370432535641256	1.192947429569289	1.0121418019148294	1.2373646468288897	2.00734581650619	0.7379273651445003	1.1337090697711196	0.6550566393873095	1.039342170952254	0.6203880673771851	0.8493889581387782	1.0537074667398496	1.0187296530580638	1.0840913660347018	1.0537074667398494	0.9253085099101194
s401616	3.167964975330136	4.281138514012809	4.411091828082154	4.609800868806747	2.7221480949185572	3.545850926599843	2.139616763897119	4.476209007223311	5.1598484922626495	2.5138929536903025	2.476480865053401	3.8451994795535502	3.7966552716790316	4.7288086999000285	1.9212954444423436	1.7315186343113256	1.9317068365282613	2.193805744899844	2.7812326963430083	4.024295132105129	0.9730485588331488	2.2030237134062913	3.9557472743880804	1.3372284899979563	4.114606173928979	2.113797116490886	2.816548719626657	1.8950930612451362	0.789947170545741	2.502574037735055	1.6254146958007445	2.580596330331935	0.9739792333293935	2.6341937061936496	0.9396751167188965	3.001194214016461	0.7536093603118048	4.304962390208116	0.7356450993921965	2.1651570546354275	3.766667223418089	1.9064774808835192	1.986883417617791	3.2064424156840974	2.1014361373236863	3.735004687186247	2.049957437801606	3.3243370909445287	1.6674494717565882	3.072422599092609	2.763980308447373	2.846012585726728	2.234040977448291	1.5733624026293718	2.922215312160771	2.2696573764964216	2.262994312049331	4.2123701133910645	0.5634441073032606	1.6533697027639518	4.038537027468265	1.611500196939575	1.9414163261306192	3.1735940883291742	2.537090581490825	0.0	2.892179818106527	2.7419648032433264	2.097708636618882	2.314213872124088	2.9034258102367896	2.3591533642351763	2.515058385889754	2.239558837150654	1.8831065427187985	2.6772571628592714	0.7534065179582509	2.422951655045992	2.0992700325794535	2.9588790921543864	1.9408128116440537	2.8198996015778928	2.57000039535868	2.374211448203799	2.5702858678994107	1.1970499761499471	2.738334667605284	2.76318197148459	0.6287089713266609	1.5150060985780145	2.6256238325535475	1.5557613069089966	2.3770420241497696	1.7636688269800815	2.4034424744089367	2.6415549551603603	2.865032128184515	2.443397509527468	1.8019766485047508	2.2716830598254782	1.1860123946418275	1.8480809710117643	2.316121486812188	3.4734544461017216	0.9763039248405649	2.0302156024229046	2.4383595871038284	2.4601664657943765	1.6541651358482725	2.454986563550746	2.255617837332213	2.223180934218998	1.6547975030192243	2.0122549019322924	2.2231809342189983	1.9798174520551222
m18	0.686350988433425	3.8704165909790174	1.8183718860107323	3.2491321210523267	2.8842076077576504	3.9734420484656354	1.5526081852608327	1.952122229776558	3.8168988502217767	1.4437413300663822	2.7139750787575205	1.0211787687074192	2.511070499654733	3.0715194262173755	2.9909860184655845	1.269111015304169	1.7759064429919151	0.804518731969595	2.7744550074626364	1.6981732344855138	2.8219101525990924	3.62674517854452	1.7295465017634013	2.8084425831790307	1.271826445444577	1.1285400316640153	1.401806978718306	1.9752326029650507	3.4401423973549417	1.3915436045434881	2.180986251298988	0.7364357179405665	2.6822577205745426	1.4793460339300408	3.280895518016022	1.3167832295884507	2.208029125363989	3.6107823074513825	2.5003881089133992	0.8417061794227253	1.8292456331896332	3.0084591322970837	2.227076850817581	0.42239945443369786	0.8734520635644225	2.1535895755561643	0.9913105167649473	1.1942521613544106	2.9848643949189424	3.083479590754326	0.3668069168110304	0.5658283519741747	1.3737984485385588	1.346461075329255	1.1952481260315067	2.281398529035023	2.498579281735387	2.825842127990034	2.9271606570461777	1.6551157624802821	1.546327429293886	3.5441784224188813	1.1568988348872447	3.579605470410123	1.7832639285274672	2.892179818106527	0.0	0.43392310428700165	1.296242007865517	1.4265868332288214	1.2295382328521796	0.6068574846513808	0.7605682637563891	2.003690222130717	2.03173140438094	1.4762021008790347	2.1953768119248407	1.6898115504144513	2.413966374533735	2.0436453874876257	2.7229240815969478	2.298416911219942	1.061237800129444	1.9647499310497063	0.8675373259431675	1.8682208435533119	1.9227286183194279	1.54418647296041	2.441635179898676	2.5754326160984045	1.1097576042139774	1.4193718951729548	2.3009337769319202	1.4232640692627576	1.995219986295667	0.8903824961127984	1.420701054621321	0.7619824848279926	1.5116229494218987	1.640762624606943	1.964704361498154	1.4990443837523204	2.5723962834399545	1.5028119400022022	2.058224452921852	1.5514667356212288	1.1384343597337765	1.6002206342224474	1.8539920656009792	1.2588656194930212	1.8099406112314893	1.6388568600436415	2.2442258752469098	1.473309429919377	1.6388568600436415	1.96662278991784
s9450	0.4983571275135996	3.6503491693192514	1.807403108094547	3.0418868712647646	2.6004533719598006	3.6881191118946655	1.6245487453755374	2.252460877093243	3.6355746918415086	1.6139186347471621	2.4210935743865156	1.3495328652365242	2.3237772524283034	2.868675063711629	2.6860111978021233	1.1127639944970373	1.5120656879245227	0.8824308504810657	2.475744252700318	1.6098127786533944	2.6083832895574366	3.3319736845290104	1.5801578744947438	2.5191402470804105	1.3826682873020975	0.914670461773724	1.1562583789512724	1.6063991563110307	3.2365809520737208	1.564840299960062	1.8536617151191679	0.44226145755229096	2.4733288992460576	1.236169764302065	3.0317823526294587	1.0625735445403104	2.0155781538391713	3.3368750284241027	2.4044481975496192	0.8946625600045152	1.581450821525596	2.6999191512064344	1.9647488161111286	0.7297051833154283	0.670968239892243	1.9353863333429635	0.8106443557409386	0.8983173930566896	2.672223633788523	2.7588607199850896	0.3349474989871138	0.1912237672729279	0.9680621483396015	1.2668779143231177	0.9068062887860476	1.91520708531879	2.1713421648772773	2.6042161115354543	2.7978086208386204	1.3502237635208092	1.4382882996785122	3.2403938228812463	1.032959973290617	3.2564743380968193	1.4677242250501106	2.7419648032433264	0.43392310428700165	0.0	1.1179161430436775	1.0139342973549625	0.8487905701170135	0.4669211840796971	0.3494672523208702	1.7019778261260115	1.7285538292024054	1.12466552597691	2.050099755912494	1.4090845750877907	2.090702841257648	1.7278345161528408	2.3783155874115542	1.9647992866024004	0.6881001097623344	1.6109841004690226	0.4681251749467151	1.6586558539896628	1.6064224300762502	1.20660355434873	2.250689168743228	2.261691060183651	0.6818569532744436	1.2001065514919844	1.8872923542385565	1.1447419247327641	1.6504463356639498	0.555395814713431	1.0804357047741915	0.5017986191522821	1.2180034052499285	1.2315467608016033	1.7164241438240357	1.1532704687747728	2.1958681448789417	1.210756040228401	1.8731908882517703	1.1912419277373085	0.7154851105963691	1.193401622864872	1.5222559931036748	0.8903034707310968	1.401794432631329	1.2270062501373336	1.9313831779711115	1.096463445479231	1.2270062501373336	1.585259609105884
m4	1.578692483899228	2.9298718689011487	2.388175741615008	2.7827748640641445	1.7060269906164716	2.80726771562062	1.9774601848433158	3.2416722514037515	3.351746316349615	2.1118835600813792	1.5159890254006585	2.2760301586267633	1.9161813402344838	2.8207324168373837	1.7767384770600134	0.5133474890401988	0.5476738739626449	1.20441597485782	1.6482574333670161	1.9665964926759074	1.6909747998351363	2.384725445350861	1.9326761612031484	1.6851299695890962	2.344220811198888	0.2314583841175376	0.796972391131848	1.1104359185896695	2.432905735102848	2.0619000123973614	1.1477131682008406	0.7323058415333703	1.5544240257347988	0.6448598199818061	2.255937247354121	0.9862001275671526	1.4563048199279414	2.82488178855483	2.0400321337319443	1.2310496460164293	1.8291395912721473	1.8032737717473841	0.9646665836351282	1.7161571859869653	0.6367878480189749	1.7788756662207692	0.4399591422367176	1.4884903480980103	1.8324159866676468	2.0196256886094077	1.3456830868816276	1.1415190137164692	1.0057493867640244	1.1103759169162541	0.9473226425356086	1.2791230622099627	1.3507408639869156	2.3595203006427967	1.9669139676270895	0.7801234334936256	2.0853389893339696	2.4406430194085216	1.323872275060533	2.443766147752499	0.8450373097713823	2.097708636618882	1.296242007865517	1.1179161430436775	0.0	0.9986150621088786	1.1264647765863804	1.0737906524757184	0.9546887013965538	0.8586860662066786	0.8625236332924492	0.8819724567584587	1.6150270732256493	0.6503779376750706	1.2526059328613925	1.257695043342014	1.6176982726870122	1.3669013492278288	0.7787517878436011	1.0022298104371485	0.862563139961094	1.3937724130834406	1.0501974441761341	0.9390850483196916	1.787983180608638	1.4755603719915007	1.046803884965928	0.9382040315840489	1.5761419178631608	0.576725852286626	1.0060200505546537	0.7714273451883025	1.002956454285254	1.2457581319819255	0.5644565172159238	1.0718212217998657	1.3806625805917556	0.9983981315946409	1.5760860737704914	1.598995747308999	1.5364050017203725	0.7610828023276484	1.0674864676500084	1.028675782106832	0.9760993169014035	0.7185725827858596	1.167465280840847	1.1907927110955312	1.125867023701521	0.9963481605143873	1.1907927110955312	1.156637238033069
s12614	1.2531710001676835	3.1810691050025666	2.326896220904386	2.804902294443429	1.9067849756761666	2.9602921038398384	2.0235841920252717	3.2038354823269315	3.4260105808974406	2.205223150239856	1.6941417788033086	2.34833670811815	2.128927293496648	2.7267444278921666	1.8509966004764624	1.0297055302181097	0.9619036820270734	1.4371061610704332	1.7708364445539868	1.9589434507647816	1.9949649444091675	2.4964252790936277	1.820934954729155	1.722596177265115	2.2045903697135647	0.8373503217130884	1.02556824792029	0.6714401878896283	2.621097339048909	2.1650401226011313	1.0122479850514832	0.811698405838845	1.883885072541448	1.0077148323592022	2.3183794959156065	1.0434372128526828	1.5751389682253043	2.818488121214122	2.192353152573187	1.41779103873684	1.569949510599389	1.8544073462751658	1.328557748731144	1.730811343613133	0.8541410935508607	1.7951164791935534	0.8923895110131443	1.1064695111401734	1.8113384281066949	1.9942572433916401	1.2462147336507141	0.9601160553276104	0.147567618713335	1.344602614208214	0.9035205841997699	1.0067442627757497	1.3511322390423466	2.3622575243493222	2.3862662278415963	0.7015934654578433	1.8730495680405375	2.383324720308737	1.2213802112054253	2.445679165180212	0.8913501105290161	2.314213872124088	1.4265868332288214	1.0139342973549625	0.9986150621088786	0.0	0.6757439486084295	1.0520106689882318	0.670969323237547	1.0313843604672852	0.9946505730631507	0.6536251813739149	1.74953279271312	0.9343994818314202	1.2702115860125545	1.1901126569736808	1.4625185189448404	1.269265798035346	0.531832921914947	0.8126703760455751	0.5970555456139994	1.3015935458332744	1.0402940993064194	0.7690168286314295	1.8054812119717927	1.4205011377768135	0.4229637889910153	0.952533120673022	0.8777139419602777	0.6895592098592762	0.8832884885835032	0.7141169851616036	0.772021258085344	0.9477345468183652	0.6644666131465506	0.22086878101948645	1.2206494182341283	0.5101173655491574	1.2421419900280388	1.2281074973404522	1.523112658035503	0.3868196072660217	0.35235930046073977	0.3132945705652318	0.7282335518501206	0.4339833608026107	0.3908607814675318	0.2690064151438193	1.1232000716632553	0.3332937462879898	0.2690064151438192	0.617639371086186
s402120	0.9477521647553727	2.988828584313053	1.6622175897332352	2.3457278819781577	2.0213415735133196	3.0429758216661487	2.33130857389984	2.947952403990648	2.9637775356721487	2.4029891042656795	1.8767613615761658	1.9955560664150633	1.7109668551827277	2.190118797420498	2.2697859363800075	1.3582798559987825	1.2600215718130223	1.6038996223421385	1.854146706374755	1.289920883946897	2.5165285379202147	2.9032643677391667	1.1490056656756107	2.2706562326643676	1.6972189366388086	0.9908688761370928	0.6934506944800914	1.2551571288967383	3.211343982340413	2.3562588988877864	1.5660028059138458	0.6421496519212956	2.3977332105916624	0.827016427975369	2.9225235941804515	0.5439521483363797	2.16512338975643	2.5702141652457926	2.7537772290924565	1.6085234252154048	0.9376876571090855	2.284680947348036	1.609262097999161	1.5005473853600426	1.0605287244516317	1.2766688051238773	1.0883947694339544	0.4737281332390797	2.317325646881017	2.06139236826844	1.163451691284043	0.6877619605053508	0.7651778466720929	1.741726443872013	0.39027412061465666	1.3461987727314144	1.6336095236083104	1.9008933884517598	2.9079619823942413	1.2625782712567752	1.2173512909925737	2.9479484818248984	1.5868337783535233	2.58765560487783	0.891036672995118	2.9034258102367896	1.2295382328521796	0.8487905701170135	1.1264647765863804	0.6757439486084295	0.0	1.1668104997978832	0.6806590203718657	1.2323120174927102	1.3814366969053449	0.463933598054748	2.319645603955228	0.9577212781576168	1.6076227394107179	1.0020943961385496	1.9248049765084898	1.2572903508508164	0.38058473891645034	1.0271326619311023	0.49167788910877586	1.8936074698703376	0.9448336128949837	0.5169041545160254	2.424577752757358	1.9620867569567344	0.37935662954553334	1.4576785924278826	1.3229166900450233	1.1534005131047997	1.0623084105057001	0.4633424878139855	0.3507660243949112	1.0972853866501118	1.125018686102726	0.8038994263959309	1.8480590074058372	1.1370727696841962	1.611006513507093	0.5767919111943055	2.116683454009339	0.9142559026566164	0.6349412117051493	0.6159145626783386	1.3359827317299444	0.4757918592883097	0.9311387408698805	0.9111964761171734	1.6221824420633215	0.9799420373346179	0.9111964761171731	1.2036662500451272
m17	0.871339972938085	3.863242754215097	2.267061253879086	3.3994146816248234	2.6666533633511618	3.7731544075228225	1.193568535452573	2.3422219696723414	3.9969572041421553	1.2473199647653515	2.456792393951455	1.5636508643647822	2.6328807014255875	3.26945541798013	2.5913407036092733	0.8573398500130438	1.4586183036355647	0.47401017914034227	2.5682783337931077	2.0586895798553604	2.3540746711864924	3.227316890209297	2.0294935819707174	2.3257466633443737	1.7667297614660287	0.8600443239967809	1.4029108538683694	1.5246261754801862	2.9176387383928364	1.1992223743779047	1.718069800221185	0.6680827451276782	2.2194805540821467	1.413321358246566	2.747295929518185	1.383796899740378	1.6547916725483227	3.6037152238795067	1.9644556674790667	0.46472252823229465	2.0008255328179865	2.601001285756688	1.9231036266272659	0.8907451698813428	0.4562567850104411	2.295430791863985	0.6513942737748623	1.3276692938954848	2.528851689779683	2.876130293002492	0.40740401714929114	0.6394125918691019	0.9527062800759225	0.8332307996465609	1.2310628641554995	1.9393865610718166	2.1829490869904724	2.9564756652122903	2.4584181907208245	1.1710656629328684	1.9050654489828802	3.0373638784470036	0.5858484889495662	3.3312782337484297	1.6032439635960185	2.3591533642351763	0.6068574846513808	0.4669211840796971	1.0737906524757184	1.0520106689882318	1.1668104997978832	0.0	0.492281604395019	1.7382951868361318	1.6679755607464093	1.3356638231647402	1.6414174202386296	1.5119172302242603	2.071245864401949	1.9472875307532196	2.3010673833461963	2.12223256215946	0.8968035960565187	1.686891964226155	0.6873348599891234	1.2756315966320717	1.7841815397061322	1.4368774598095555	1.8660781983635115	2.1052139946100796	0.8848894970529587	0.8528768367263797	1.9055078281152995	0.9675515957538324	1.733021817931578	0.8168590752638143	1.3591718183445276	0.30422169908285407	1.0844779918174285	1.2562737488058953	1.3740554227571	0.9670818054673427	2.2051265624686875	1.624894765937606	1.476039339983031	1.1460763519200026	0.7797785831786822	1.3031059347769955	1.3636547156177374	1.0318163902638724	1.417907349770152	1.2055323106281053	1.8107400759525938	0.9850727926624262	1.2055323106281055	1.5224733660287735
m23	0.7083631208794908	3.494179984457812	1.9892125994136745	2.970307134514767	2.350099636525584	3.439313958490239	1.6533343360958548	2.5690573663415144	3.57917443590119	1.7278313061839463	2.155480419572183	1.6961253816897488	2.247434447315813	2.8307010371040917	2.3778325999719514	0.9359713516897779	1.2538959031852488	0.9466281194361639	2.2243291518401676	1.7193192730356992	2.3396287831200007	3.0266920611103627	1.6480953269509282	2.2066357119386937	1.6698279495984694	0.7325183603848044	1.0360688955382347	1.2639919946076505	2.966945687880915	1.6815162212622163	1.5275336315507546	0.3670681172190021	2.209239831601559	1.0817491014377236	2.7360012317733458	0.982203494146013	1.7709832688657277	3.1704166506775002	2.2328880963364046	0.9426173388561931	1.5561593121750352	2.388569742491013	1.703680281570327	1.06598196694773	0.5196678224709849	1.873153796313107	0.6572846256061798	0.9016434322263246	2.3509031064579093	2.497857179630213	0.5930486319471269	0.3597266319961763	0.6195383409762435	1.1490812781077886	0.8111990395742211	1.597750896620365	1.8755096513405147	2.524189802405718	2.581864076834953	1.0407092355900818	1.5767099906814561	2.9162268776281883	0.9364491732195583	2.980710826813218	1.2280441522493424	2.515058385889754	0.7605682637563891	0.3494672523208702	0.9546887013965538	0.670969323237547	0.6806590203718657	0.492281604395019	0.0	1.4350375968625595	1.4339179869132848	0.8964079682679782	1.8441156997307184	1.1866983628570271	1.789395084089471	1.5217937321653117	2.0496389851718613	1.7162770981360207	0.4522036615414872	1.3183132572706127	0.22284339803527742	1.421925463519633	1.3822004911568422	0.9981979110342389	2.0084137683557075	1.939450886251309	0.4023212442560131	0.9665201396360648	1.5481135505329735	0.8628792841684639	1.3664971581649523	0.4162698403484611	0.9018961213987255	0.4491968563039184	0.9256703976028984	0.8892131589348081	1.4463667501009243	0.8260967931132688	1.8688793737281	1.1719203473806619	1.646689904683296	0.8602801756172623	0.38543390211190215	0.8779144676533739	1.1936184423650902	0.6159533010017438	1.0595698933074067	0.8815692908693634	1.6164431550694927	0.752795308580208	0.8815692908693634	1.2395779080310732
m35	2.048763494461732	2.3279673665648764	2.6403616067586335	2.376042020722596	0.9335749155183738	2.0373509128038836	2.654570366937189	3.94052089218515	2.9436966081000024	2.8511740507893704	0.7238035778191989	2.953579775458114	1.6080064607917817	2.5048344417673554	1.1264280482087965	1.1849139535279911	0.41435590515685106	1.970929065313881	0.8456344370075839	2.130024898893986	1.5323316346342974	1.73648963497708	2.0218069266074097	1.2883889658822527	2.828061264012823	0.9553116976809718	0.8922369595610838	0.788542581547337	2.3065919128486136	2.8055302277914773	0.7872004758481242	1.286994282820101	1.4365258898107036	0.708937449717675	2.0241889541046443	1.1116391841210211	1.6615511633164128	2.173749930908296	2.403904319892021	1.979006635244385	1.7605157863193601	1.1559652565774032	0.411670530384092	2.399225267197155	1.3241909776151473	1.5583639285282285	1.1821937328042706	1.6734787793659156	1.2765192103407585	1.1880102587473114	1.9854757666727312	1.647754050873713	1.1225483313684896	1.7430828713013393	1.1299666866939377	0.5375266104982387	0.5224000979168819	1.9771104876680932	2.0778136937151124	0.888316245979609	2.3028981602871244	1.9630145871883533	1.9102226421536135	1.6107690938469041	0.3988451820547812	2.239558837150654	2.003690222130717	1.7019778261260115	0.8586860662066786	1.0313843604672852	1.2323120174927102	1.7382951868361318	1.4350375968625595	0.0	0.37098875354864413	0.7809690302920047	1.9398808593602725	0.38352410293542455	0.48164626449775166	0.7422694233255299	0.9461705549292392	0.6310619873588866	1.0661054454225458	0.35034595824947307	1.2721979459921644	1.7042972761277837	0.535478564528824	0.7843481159427473	1.9683207257841469	1.0247546749522465	1.2622263068231199	1.3920701832397062	1.053596920517408	0.9243629837854858	0.30368809288103515	1.1915102880194801	0.9684636933410327	1.7907449074017143	0.7826044622036897	0.9289722084305825	1.5772801943880363	1.1799734287865749	0.8187217290929082	1.6283997656524296	1.833973073863	0.7438097433642368	1.317454204787924	0.8442197340004377	0.8782023529139517	0.862293339880149	0.897436206321959	1.1264395311804576	0.6904804354263552	1.1172802498778251	1.1264395311804574	0.8288843387773787
s401620	2.106418693459675	2.6320525900895575	2.8944369828084033	2.742373889224614	1.1244505547419459	2.1974043108786026	2.452259671481075	3.961323269284842	3.310266651802478	2.6909083741349042	0.8682093343516084	3.0263237900741524	1.977917818533705	2.8614686831550564	0.9646428379322222	1.0269821365414031	0.3243068787431461	1.8555931796797793	1.0791640792106187	2.410026685209931	1.213625881902902	1.6061050446043066	2.3022999999676386	0.9700740175117858	2.967778306624494	0.9353299948053018	1.1513199810293486	0.5681490638639151	1.9673910490286814	2.6492071506057795	0.4464639445230174	1.3514843554538951	1.1146236050339684	0.9627433712714967	1.6826159235499876	1.360166048125722	1.3112710805567385	2.500034766613159	2.0672106782631627	1.8540541909528432	2.0436830983003302	0.9844789754015644	0.37410312460223927	2.426238743632394	1.2453207780793714	1.9091521190301555	1.112904077880487	1.8469608128607342	1.025230581682582	1.403166688088056	1.9716249157902315	1.7074465326807589	1.0471095243821271	1.5243595662403437	1.3384858094979042	0.5507305716036383	0.5761324039960196	2.3425112455989647	1.7574721027858737	0.6285100150512958	2.5305507124518556	1.6852644249245232	1.7267687917802625	1.7459485856176906	0.7033145720102355	1.8831065427187985	2.03173140438094	1.7285538292024054	0.8625236332924492	0.9946505730631507	1.3814366969053449	1.6679755607464093	1.4339179869132848	0.37098875354864413	0.0	0.9834814699117654	1.6044528066987722	0.6541627922085165	0.4320800007666071	1.0856029924346537	0.7578615901429521	0.9463892989681036	1.1538022733323428	0.532927762932349	1.3175905668024637	1.3938740762925674	0.8743979384910072	1.0262052966884165	1.6096964352269167	0.7053147266377382	1.3070608749337143	1.1545221652965114	0.9883463878933104	0.7379526946293838	0.539191255957871	1.2876246619245604	1.1889798275220624	1.7166932294625508	0.5988533656238054	0.8780640430007148	1.2519402883364668	0.9823880743732546	0.7849881660541252	1.8549090191205282	1.503843471725679	0.6338930696988301	1.2886634928312608	0.8985065626992937	0.5870431532759387	0.9476772410622116	0.8330206486494118	1.0267898601539098	0.3443277870805818	0.9677564719748027	1.0267898601539098	0.6455553259972122
s401974	1.3581654007557316	2.6301774530544515	1.9455143952363632	2.1966246731302075	1.5666207461990846	2.611553981914596	2.455494755209641	3.3222082001779443	2.811532803223629	2.573790851191329	1.419136810841309	2.3337300385180186	1.4810201861433392	2.1518058007498677	1.8531779940429647	1.2142896398423093	0.8765960816635874	1.705392362465688	1.4086381220786786	1.4823252008025976	2.169202192945045	2.4773947653726354	1.3512610479180658	1.9184865221135405	2.097677624390851	0.8255536405199632	0.4406923068172763	0.9954027249492934	2.903385567515284	2.5257749314990536	1.2467081496923818	0.7577836065834986	2.0556246188079035	0.478416366226252	2.612921068959756	0.48204432210083664	1.9755324277059574	2.2852473483191664	2.6377725749620993	1.7142815863834384	1.0969357651463554	1.8731648398971017	1.1703631156721035	1.8181384916597843	1.0659014809278398	1.1690149233292928	1.011707351204424	0.8940236421194209	1.940423245187791	1.6505143008409513	1.4470643168541673	1.0083362967263094	0.7770995852703974	1.7101540265776103	0.4296114678137607	0.9644578601815634	1.1983307685612634	1.7512063252861458	2.6180772688079164	1.0445899719714764	1.5574441087856952	2.600331041543869	1.6841497095727487	2.168543863605219	0.4271782673759237	2.6772571628592714	1.4762021008790347	1.12466552597691	0.8819724567584587	0.6536251813739149	0.463933598054748	1.3356638231647402	0.8964079682679782	0.7809690302920047	0.9834814699117654	0.0	2.179921828339225	0.5162732401491126	1.1805829868215774	0.6270900157841208	1.5495954482449699	0.846297071675719	0.4492291268898556	0.6072593025155011	0.6837168118974583	1.8075722789528164	0.5081816509284315	0.12025959555543872	2.2629804808968217	1.6143363716741237	0.6307885771880148	1.3834711334194394	1.1167023965480838	0.9674648039558703	0.6267749409651959	0.5871429177827265	0.2082310097712867	1.3283196820699708	0.888041186839715	0.6844874190166074	1.7293282642982115	1.0725326361300973	1.253985372247777	0.8742368609120943	2.006410006200327	0.6915556781080888	0.8106152488619845	0.4500203728411205	1.0990488045370157	0.32815337583682413	0.7649501001698038	0.8765280187141978	1.2621733630662835	0.9292044104771354	0.8765280187141975	0.965415502644562
m20	2.4587265182515243	4.182668213596208	3.7884932830500073	4.269150051584371	2.6427642647035157	3.6175736445576603	1.4496828774960049	3.74411285350095	4.8506033000287525	1.8265498349642437	2.3811673771767845	3.1314408451306233	3.448101933167879	4.311627248417514	2.0059400222097503	1.1557280019825777	1.5815895832588867	1.4834997839263584	2.64911003850353	3.4503400750405664	1.243947135918386	2.468490294200876	3.3864177553797474	1.445343039951074	3.4072497887185222	1.56587109178722	2.331920717508386	1.5119263653133956	1.4442900543394925	1.8113993913531066	1.3677761966162347	1.9547172613440866	1.162456799166771	2.1836724258031	1.407064435434243	2.4759720768862343	0.3345476179860519	4.104072615737461	0.4706233945714097	1.4459570421910566	3.226701011701451	1.996409297652497	1.8064784277149077	2.4842255462123792	1.4481335636113652	3.296869620879045	1.4439905085076588	2.7019813638171817	1.7791332473051356	2.96064695573559	2.039608617448895	2.168698604525898	1.6431355314679348	0.8631823419841749	2.369705380177909	2.0032937371504747	2.1039451033507066	3.8445203595518525	1.0660308072046467	1.162623790404189	3.40638222195037	1.9567802911247933	1.1905872737843712	3.1881446570673577	2.1441078744328648	0.7534065179582509	2.1953768119248407	2.050099755912494	1.6150270732256493	1.74953279271312	2.319645603955228	1.6414174202386296	1.8441156997307184	1.9398808593602725	1.6044528066987722	2.179921828339225	0.0	2.028357754763742	1.9326467931090194	2.585564795303307	1.8755326121246196	2.5232951802348387	1.980851398528477	2.0185428153725624	1.935268940480357	0.5091093336046698	2.3621577292431777	2.281300944634947	0.34029737365082885	1.4607264789337426	2.005423038608109	0.8818148371131912	2.034106010099689	1.2187940350268833	2.06147599669061	2.034814913663017	2.344939235950097	1.7164108335974646	1.3030176872480195	1.7616640458202932	0.6029073666616918	1.2513535735450847	2.12290219483238	2.8947198439432453	0.29076486219070485	1.5303296325327775	1.7991161871954817	1.9574098136167641	1.227321171025322	1.9070961684545746	1.79040349845438	1.682476522099927	1.4511845370235317	1.4298218387251527	1.6824765220999272	1.5812261046553906
s402116	1.7516625412662852	2.3901752340855196	2.2841531006550375	2.2445555020017367	1.1971527674671811	2.290211185076034	2.5282628040361064	3.6194198119946854	2.8262193136364395	2.675638080475796	1.0379437950795942	2.606683497152195	1.4287878407118888	2.32026791091378	1.5061551732075082	1.0783539571284368	0.49463836570005215	1.7700843571574332	1.087444021592982	1.7815335039602538	1.8048757493915915	2.1117457745433166	1.6915873008567333	1.6205922025122137	2.474591231687529	0.7344439956691464	0.5171256886558324	0.9588552560228294	2.585500954935371	2.6266099798740976	1.050115512852701	0.9758637807083729	1.6926144318198695	0.3268148509984479	2.327294810567364	0.7510450818939426	1.792161929209596	2.2057633577153433	2.4884582794720123	1.787237630083563	1.477298223867597	1.5363192075338148	0.7154620627531983	2.084002097463348	1.1212256491043386	1.3133093512932037	0.9809189653514494	1.3659734124175156	1.6440650822163319	1.4230718919624963	1.7112237092393623	1.3432626173432953	1.0292723383343796	1.6618880219847234	0.7797463577022908	0.8276023504762121	0.8914079703705385	1.823163711502768	2.2717548920046973	0.9448129468931831	1.9631859886590277	2.3230647236672963	1.7893044496156987	1.8991627205756665	0.22100222676817757	2.422951655045992	1.6898115504144513	1.4090845750877907	0.6503779376750706	0.9343994818314202	0.9577212781576168	1.5119172302242603	1.1866983628570271	0.38352410293542455	0.6541627922085165	0.5162732401491126	2.028357754763742	0.0	0.8632032631571216	0.629718519705759	1.3131552873760628	0.7226085384923967	0.7861361834789725	0.48753488378132426	1.001153556317979	1.7568254850466394	0.41206400050978764	0.5100731085854979	2.1116164309206207	1.3544949236883441	1.039892136286585	1.356004430716815	1.2268428904924584	0.8809536541003116	0.45628081291153233	0.8763141093060428	0.6742274032258259	1.5840988369411737	0.7667002912812798	0.9090023801391928	1.6684067677415233	1.1650116320000936	1.1329757267671972	1.3367697171489936	1.9125413828031164	0.7252394139411628	1.1464785644532545	0.7589695350344572	1.0104908502636367	0.6212487095035466	0.942551787624832	1.112705376976681	0.992812232130161	1.081398968535631	1.1127053769766808	0.9798123425053777
s62120	2.4272406371456716	2.3614338278391953	3.0792472748248945	2.608595698151787	0.7955730348195738	1.8120094709646517	2.8669222453410663	4.339867197165139	3.1529834396253573	3.114448776911285	0.5314070259128568	3.3867546725443436	1.9255799547893389	2.780947172949195	0.677352833532251	1.4588506205053142	0.7138398993514572	2.2829697442546513	0.755705643243019	2.566997348108902	1.3015840461433346	1.2979838211489203	2.4388795901201297	0.9352002040747359	3.2589727070165324	1.3385532748331532	1.3627849896710806	0.769290393528195	2.0238738125563374	3.073513229238415	0.6290895497604762	1.7041721982348574	1.241835682680721	1.1888611068444126	1.6991946882287958	1.5656672946322372	1.6149993671700211	2.228086917434797	2.3838135229124426	2.2803859636119497	2.1338969012778746	0.7006391802370096	0.4427766620115964	2.802836442658879	1.6605496435773153	1.9206339204156342	1.5319581940102098	2.0642342206219135	0.8388023511485322	1.028596450071277	2.352804415783768	2.0445360612287113	1.3494408017384771	1.9454189971617275	1.5730060189726065	0.394529228220173	0.17151532327577573	2.2425034534556656	1.9451761330477588	1.0177788874301519	2.7209902689872667	1.5295376940194638	2.1325113471080996	1.328611007831696	0.8301478482463387	2.0992700325794535	2.413966374533735	2.090702841257648	1.2526059328613925	1.2702115860125545	1.6076227394107179	2.071245864401949	1.789395084089471	0.48164626449775166	0.4320800007666071	1.1805829868215774	1.9326467931090194	0.8632032631571216	0.0	1.059739361049121	0.49239203694458533	0.7910260431458751	1.4599018652576965	0.591500544163132	1.6509783024288558	1.743229778781465	0.9058634808643348	1.1909764454130505	1.8806465300162143	0.6843954318869726	1.5935793583623945	1.560633807247959	0.9506380251307999	1.1573841315257423	0.5710620397266648	1.60991278527267	1.374408288921454	2.094873513789684	1.0159854259913967	1.104334851525814	1.5728744266241912	1.3286678928736004	0.5022632822740312	2.006706130506389	1.836576059821629	0.9703312764492344	1.6009092407313161	1.0965228819704644	0.9058336012889252	1.2420854653999744	1.004836451368967	1.2649430566599456	0.4913728153352303	1.2909824114365511	1.2649430566599456	0.8220931797372457
s39352	1.9297843431680448	2.0228179705994793	2.12437305918917	1.7070471815429764	1.123338040765467	2.070811111481357	3.0453420462016676	3.8694803637671193	2.307973699998477	3.1743904141401016	1.0664739654682067	2.840889639015479	1.0286517927354981	1.7787492332074748	1.7026131462466005	1.6769034749698064	1.0705555651101042	2.2838383869714307	0.9348909800866344	1.589819915250645	2.269105833345308	2.248181564376139	1.4466029998292944	1.9696253083592958	2.529508468326996	1.3019597967701166	0.6943091540684858	1.262555317663764	3.0325537422758164	3.1254755386233666	1.4234001682504889	1.3402466441563703	2.17719704598108	0.6885998738694517	2.7241814431477995	0.7923145154817248	2.331102215258656	1.6698296905607495	3.053814225128371	2.29811022527904	1.1332804524641682	1.730829293095001	1.1145125962646638	2.387589264597713	1.632906682544666	0.8743605084147378	1.5331566656941977	1.317968041184107	1.8912656137745358	1.1225951692477318	2.057354667861144	1.60135196164625	1.3281191697617964	2.232067654402769	0.8792319660241024	0.90235923283103	0.9871911724916678	1.2857146611493546	2.81698178900568	1.4429498923233661	1.8119272042494368	2.5754347700479934	2.2743840722031288	1.6709223644665387	0.4508087671592301	2.9588790921543864	2.0436453874876257	1.7278345161528408	1.257695043342014	1.1901126569736808	1.0020943961385496	1.9472875307532196	1.5217937321653117	0.7422694233255299	1.0856029924346537	0.6270900157841208	2.585564795303307	0.629718519705759	1.059739361049121	0.0	1.478664237333104	0.3631839290248608	1.0709859036557952	0.6299546538380061	1.3060841995225283	2.268607391751581	0.22853475189431371	0.5268760253080994	2.627635918356242	1.6817790592112716	1.2415901591028757	1.8894506014848917	1.23251325272535	1.4247574523765392	0.5839608172651004	1.1795047651404529	0.6725702803040979	1.9544445509272672	1.305335489720683	1.1237599291840277	2.1543817758602257	1.576782220388156	1.1306198902824374	1.1352600252344736	2.4396953886754873	1.1328190846403903	1.4161422394990844	0.8989437789675117	1.4373350894750185	0.9354978705680749	1.1143088253269438	1.3404598959904586	1.372038966003421	1.4428671105734774	1.3404598959904581	1.2423690346527474
s401956	2.698374557908467	2.674894670588984	3.4797626746028563	2.9936876795094753	1.1063749191080463	1.9204564986881099	2.9591456815793036	4.608632806921932	3.5301222476394365	3.253880815969158	0.869611814766211	3.7130421889101477	2.3767998216456356	3.1606700744725114	0.47955747982959684	1.6973907197961273	1.0802331177749969	2.4981670759792385	1.096521761062177	2.9850316198459956	1.1779671097331006	1.0660924542999464	2.83941181671622	0.6511580831791508	3.5950995974195115	1.6698106556268058	1.8012831045122941	0.8258736631738498	1.761509020545008	3.2190748974830807	0.6159167832056219	2.038103555162146	1.160230432713074	1.6374815916186425	1.379256525532253	1.98267433957218	1.5446414633080439	2.521232575639234	2.297060337966191	2.4826195036504966	2.505901281177441	0.4606561305922192	0.8502684055945606	3.094324714898376	1.9195086833346293	2.3505071237031308	1.8192466143783148	2.389784858833566	0.4661515893876719	1.2431583279562883	2.60837886393228	2.3444842927014355	1.5179039297995707	2.076149026997791	1.9638270210327295	0.6214494795568601	0.5630856191804824	2.6417308496639955	1.8598155013098951	1.1574122719069915	3.087197763236003	1.1090822089395638	2.249436347422567	1.3894118338135208	1.2655355573454194	1.9408128116440537	2.7229240815969478	2.3783155874115542	1.6176982726870122	1.4625185189448404	1.9248049765084898	2.3010673833461963	2.0496389851718613	0.9461705549292392	0.7578615901429521	1.5495954482449699	1.8755326121246196	1.3131552873760628	0.49239203694458533	1.478664237333104	0.0	1.182399666019376	1.7821113156057633	0.9587860872497393	1.9450959391199882	1.7134649046026513	1.3415005972518792	1.5786224172415082	1.7386521713238148	0.43239566701409665	1.8489029218433277	1.6706509573013326	0.9155569440584801	1.3681097809632663	0.9684566123617363	1.9500801212417644	1.7471856137430763	2.288297933148553	1.246705782445951	1.2669538220409837	1.5102134675057348	1.4242431255034003	0.4760079384816059	2.349033185417858	1.7748019011996201	1.1902596258344407	1.8025371176975613	1.3391795777906241	0.9704275910640763	1.5648217022873936	1.1301791142062223	1.3651028351229697	0.5458075714979111	1.4138427959114082	1.36510283512297	0.8753623340825247
s62168	2.194135555413741	1.936198978733629	2.4836544110900824	1.8568903091784361	0.8357191007235386	1.789569462952959	3.1503243192213444	4.160207001547947	2.4317453111069165	3.320369468561613	0.7666463848686286	3.1481159470441096	1.2391100463121256	1.994456752010418	1.3918292476517524	1.7434008816676463	1.032489006942426	2.4371089366360392	0.6354297515506689	1.9510070612052461	2.0679616938033445	1.913987442292771	1.8016703704949715	1.7207516288617295	2.861623076866003	1.4296691599682894	0.9846909189537042	1.1493940632458455	2.811054816348105	3.273698695117816	1.2534940436121844	1.5701520766348278	1.9926298420269974	0.9132194323506345	2.484859014476569	1.1201801087062169	2.239886312873555	1.6163452563705114	2.9921150900078204	2.4452583620301223	1.4659217161115574	1.418573304183728	0.9481147407867632	2.6561023017941108	1.7725772783561207	1.1867144300816357	1.6621920838678956	1.6222063776630848	1.5982484346130863	0.8080254748358577	2.282688390133228	1.854244711123561	1.4036993553468151	2.292465260978747	1.184185573380663	0.6608788991979264	0.6833279294069249	1.47449450177465	2.669529431703208	1.4106896643520048	2.158565099695329	2.2739907417271517	2.3706817861297016	1.3423453604951123	0.5446660060409553	2.8198996015778928	2.298416911219942	1.9647992866024004	1.3669013492278288	1.269265798035346	1.2572903508508164	2.12223256215946	1.7162770981360207	0.6310619873588866	0.9463892989681036	0.846297071675719	2.5232951802348387	0.7226085384923967	0.7910260431458751	0.3631839290248608	1.182399666019376	0.0	1.2815859356873187	0.5319628263035708	1.5159373370782432	2.2349100602044905	0.38715292227749526	0.7804180266748809	2.523605734397615	1.4438389880881501	1.4282785341372264	1.9174553932825917	1.0769983939493808	1.4518294109076904	0.4731102410210795	1.4180718020030179	0.9528948627144115	2.1220274530497796	1.3148683727535535	1.1449498279152746	2.0930612619298223	1.5926195541282877	0.8349401229869977	1.4533711882537694	2.3859479103808865	1.1468484009616753	1.5564618958591367	0.9726841331866513	1.3555815998026797	1.1029776318630058	1.0845673463170955	1.3584202803517442	1.1822010084180234	1.4741949165151256	1.358420280351744	1.1383134010882723
s9586	0.9826876283369	3.0468550324266324	1.8913476020531177	2.558827058191	1.9454726274414686	3.0212683556139606	2.047491560562487	2.9213192893169317	3.1703339145647242	2.142383599371457	1.7710929535887625	1.9666421809780517	1.8270510936085165	2.4609743826980703	2.0972889957398975	0.9791785928907343	0.9820594812101696	1.293936545815311	1.8077472373278203	1.5144835844315099	2.2193133883350384	2.741315602039346	1.4177945702093417	2.0359841141557116	1.8240572982324785	0.6187879882846081	0.6261304656153988	1.0759488284989465	2.9146495279507176	2.0942782790158825	1.3417973821330818	0.3573614545501172	2.093375469777104	0.6780245641577832	2.6557030857123203	0.5995020233771621	1.8357263196192057	2.7218789714348257	2.413405138509054	1.3009858487864394	1.2593279526507273	2.113396741413766	1.3901221771483494	1.403099718661833	0.6993649039960989	1.4766340781119005	0.7103005561163204	0.7730594776472622	2.1269691227881284	2.0750726569067366	1.0022512356417699	0.5963391720078101	0.5831758098347871	1.3872032783359096	0.43907922980024305	1.2622122386915269	1.519515609168623	2.111202496383291	2.564731351665477	0.9594482248945829	1.4849001658472964	2.748034390150183	1.2966012609371027	2.5755459257904736	0.7997190113298297	2.57000039535868	1.061237800129444	0.6881001097623344	0.7787517878436011	0.531832921914947	0.38058473891645034	0.8968035960565187	0.4522036615414872	1.0661054454225458	1.1538022733323428	0.4492291268898556	1.980851398528477	0.7861361834789725	1.4599018652576965	1.0709859036557952	1.7821113156057633	1.2815859356873187	0.0	0.9371935998349572	0.23701786192416036	1.5824133306067971	0.9368384986938129	0.5479036701610851	2.1099784549983274	1.7470164610478003	0.3189240108204045	1.1181818227267823	1.3110935683914853	0.8085732929934847	0.9745414586626656	0.2000870620680197	0.4702214967984987	0.8939550757855672	0.7984217580021987	0.6960868777991761	1.5525559799077047	0.8765259792202996	1.5515727677646358	0.9272498011072001	1.7970446923452812	0.6642713440544789	0.487936736082574	0.5712273861400948	1.0808741048966632	0.22023577936618918	0.8476739839589459	0.8005917140951474	1.395700561011001	0.7529680327834366	0.8005917140951472	1.0499035863971489
s401634	1.8946182905782576	2.4287582364045894	2.5222260498073967	2.3238132562890357	1.0989937275392874	2.153872293796228	2.6512857038488216	3.8571148064851886	2.9167071142994674	2.847488992699075	0.9035061318359986	2.89266629076878	1.6294866792890865	2.39490187775641	1.263199351821212	1.2818538451125832	0.6314621238698356	1.988305913128697	0.9582232131810089	2.0285727227148103	1.7307046287446208	1.882873933397454	1.8876016346855697	1.3992113439681837	2.698844858470434	1.0230498595683826	0.8785576037582897	0.6474394193155278	2.4599693786450607	2.8033212415138724	0.7999764199443066	1.2314008265934853	1.639290501515414	0.7617197185379003	2.1377090045665805	1.033199497483246	1.7466184166291123	2.1482491919275915	2.4890563763110674	1.9880051362063413	1.5781071164056475	1.2812335163177868	0.7261004358388509	2.3317040656276733	1.3260340682120126	1.4790995232230455	1.2292568126057477	1.4776680309793828	1.3668956460226105	1.2062125467999714	1.9015991323775288	1.5327377017921802	0.9294430277161361	1.7940607660795405	1.0232482839959554	0.3755530208734454	0.6079507883295813	1.9108998240424078	2.2858665333507093	0.8863545119000443	2.1422361835748163	2.0391844776708097	1.8689332637756257	1.6653324549052548	0.35111522617477414	2.374211448203799	1.9647499310497063	1.6109841004690226	1.0022298104371485	0.8126703760455751	1.0271326619311023	1.686891964226155	1.3183132572706127	0.35034595824947307	0.532927762932349	0.6072593025155011	2.0185428153725624	0.48753488378132426	0.591500544163132	0.6299546538380061	0.9587860872497393	0.5319628263035708	0.9371935998349572	0.0	1.1497067681194926	1.7071021943844842	0.45073045566848086	0.6218460091280056	2.026541360565418	1.092696845370664	1.064428058384034	1.3985258454608809	0.7667323436841836	0.9465211851171613	0.08069718110251438	1.101304551472954	0.7975251904069758	1.6811725327807887	0.8090660137664509	0.677332831587691	1.5685378852263843	1.0685314634429763	0.6806016085500045	1.4200852955493268	1.865938226724955	0.6262228190105145	1.129143019778836	0.5673233617933591	0.8333924954505092	0.7227534130889846	0.6246977476883099	0.8879424409246652	0.7741261926381319	0.9634506017202007	0.887942440924665	0.644512918586717
m31	0.791712582232776	3.2774406708044057	1.888736509397222	2.7529049928802887	2.1694413290938206	3.2514515379099835	1.8564201480717886	2.7102206237821234	3.362408899214403	1.9334113431710702	1.9869076467960856	1.786236203407956	2.028523649796923	2.626303340722924	2.2674034904611444	0.959102712975474	1.1357804656142367	1.114658611731621	2.0367544241416544	1.5706505541454845	2.308101453092435	2.915177175622191	1.4893127056072106	2.1518791286702954	1.6925041406967232	0.6627027813978423	0.8235988777465549	1.1921324906511865	2.972662474670273	1.8857527035554607	1.460751267936943	0.266099604447952	2.1788711594750985	0.881534617963049	2.7283213134139346	0.7682690365736808	1.827622706677915	2.9501470561974052	2.346294646014895	1.1185639961972214	1.3746219004598037	2.2811027134412196	1.5696794221133499	1.194681439088317	0.5928246610421789	1.6583157488859885	0.6675795224297854	0.7772186579056702	2.2700563259635684	2.306696567896806	0.7710290963845806	0.39952565524569905	0.5948991723478134	1.277636647751743	0.5967995466394941	1.4547224870919626	1.7232391863867333	2.306266272788999	2.5996625941115745	1.01660011596339	1.4769420209264719	2.8657557406048455	1.1259666167357598	2.801448429315	1.0309876097453765	2.5702858678994107	0.8675373259431675	0.4681251749467151	0.862563139961094	0.5970555456139994	0.49167788910877586	0.6873348599891234	0.22284339803527742	1.2721979459921644	1.3175905668024637	0.6837168118974583	1.935268940480357	1.001153556317979	1.6509783024288558	1.3060841995225283	1.9450959391199882	1.5159373370782432	0.23701786192416036	1.1497067681194926	0.0	1.5230401332677757	1.1736650022494617	0.7808188487893089	2.0853731787882643	1.8725750310906515	0.29355955365893655	1.0548012019132216	1.4493745551320372	0.8440607040942416	1.1923147976831048	0.21891991048879006	0.6818811127869752	0.671568070062265	0.8737911372666004	0.8012143853674496	1.5219595423245937	0.8616152794916057	1.7361373280176293	1.0078788834371863	1.744453466651837	0.7751729300108676	0.402264835937041	0.7336035222040457	1.1581807576032865	0.42906340487092887	0.967559729936353	0.8466217589737068	1.5326607421720884	0.7585319610484823	0.8466217589737067	1.1657257690016738
s402006	2.0286826394969704	4.020100335788267	3.4015734993427107	3.962468308928223	2.5012369020093357	3.5234124428835196	1.3231050426003506	3.4528107163822415	4.562877041610366	1.6866951747673824	2.2356196628851435	2.816633281552582	3.1775384415976604	3.958119800211489	1.955389310635517	0.9391232506454882	1.373982748531662	1.2434535906820718	2.467241539001257	3.0786897357870293	1.4344853585560882	2.499608806728216	2.996555742223557	1.4498688383257885	3.0141902463858528	1.2864528628591527	2.016181696835644	1.166557557925479	1.7692113047405535	1.6661572185467926	1.142715571320234	1.5903780444384386	1.3360327208497778	1.8971210214145147	1.6124106704614298	2.1254868414801473	0.5119265501328709	3.8472807175433243	0.9046614718006469	1.1944523744080124	2.8205564969185994	1.944932635922962	1.6763930837213092	2.1467140800064475	1.1156002668691445	2.961785175044203	1.1560571493535905	2.267315856890977	1.7412223059509078	2.7566800570329386	1.6622318367810278	1.7622880529063143	1.182730414081286	0.678297486815931	1.999517916468954	1.7196119694206735	1.9074297890791185	3.527124165757035	1.4733397747218606	0.8325404871541046	2.9904276462048944	2.029442124255125	0.8322797978883101	3.0451986419280748	1.8419620604480345	1.1970499761499471	1.8682208435533119	1.6586558539896628	1.3937724130834406	1.3015935458332744	1.8936074698703376	1.2756315966320717	1.421925463519633	1.7042972761277837	1.3938740762925674	1.8075722789528164	0.5091093336046698	1.7568254850466394	1.743229778781465	2.268607391751581	1.7134649046026513	2.2349100602044905	1.5824133306067971	1.7071021943844842	1.5230401332677757	0.0	2.0556854276236813	1.9181989481349497	0.6137935708371199	1.3552948824074027	1.5566611468944782	0.5065813977420975	1.6578861066494013	0.8941708757065459	1.7628092000413749	1.6534499510412137	1.961653674508668	1.2893784698766693	0.9913042525340225	1.329343491803903	0.2217675610018107	0.792071595020038	1.8589639541212557	2.4678314975171673	0.2391416355362392	1.1512436504331074	1.3322184189059816	1.5409640638459072	0.896624386921577	1.5189120681855297	1.3729353855218362	1.2200139516404371	1.2730853392097858	0.9717122306234188	1.2200139516404374	1.2139986760125367
s19594	1.856175795721342	2.1518823246430756	2.2000613642175755	1.9186838299005118	1.0908638116818155	2.1136314197395825	2.8534462447288425	3.7932777584072452	2.5140240813291355	2.9952825322874963	0.9860358387672759	2.7723067944866595	1.188741718800549	1.99287500805648	1.5682888396940358	1.4598608020745236	0.8434884229075182	2.1011461324476812	0.9230986646607204	1.6742126497675605	2.066729596221513	2.143357558197539	1.5446000441139573	1.7890832770557412	2.5202466282484757	1.0999398470472852	0.6017331769192589	1.0809890963122906	2.8337063368409625	2.9467560526835173	1.2271648110166475	1.2012828084570333	1.969845863565878	0.538142409501644	2.535061008462841	0.753781819742567	2.1089686010711195	1.8589240660494617	2.8297168742257663	2.114460437649247	1.255948056670945	1.5964973549753818	0.9237999528381757	2.2849780101629467	1.443815129617088	1.046851052273822	1.334659509635771	1.3170799984232153	1.7389331435372777	1.1735005901371656	1.9289764700757612	1.498218791853222	1.1703221549088076	2.0196135049709105	0.8166762770180924	0.7697956716789229	0.8630990293182426	1.4970827363351484	2.5991374322877445	1.2271998832753317	1.8727737935414859	2.4261945485474534	2.0855283655017796	1.7004910385824055	0.22507856208073354	2.738334667605284	1.9227286183194279	1.6064224300762502	1.0501974441761341	1.0402940993064194	0.9448336128949837	1.7841815397061322	1.3822004911568422	0.535478564528824	0.8743979384910072	0.5081816509284315	2.3621577292431777	0.41206400050978764	0.9058634808643348	0.22853475189431371	1.3415005972518792	0.38715292227749526	0.9368384986938129	0.45073045566848086	1.1736650022494617	2.0556854276236813	0.0	0.4332809722522881	2.4099895604648722	1.5019780890673189	1.1290663065489122	1.67742036852791	1.1398526752032416	1.2074074898325624	0.4019790243333629	1.0529643038659577	0.6151395405229468	1.8050798499404306	1.0853744055258814	0.9745237797572638	1.9441239157152674	1.386827187702186	1.0361025313256553	1.1907114792264966	2.2223403221534626	0.934317443199964	1.2797522754996062	0.7670783123356872	1.232155443426096	0.7774531500893124	0.9715072936223608	1.1945989523197376	1.1751192968984643	1.2650002491416827	1.1945989523197373	1.0716683601943762
m24	1.4251798246535532	2.5250543054502885	1.9040998733023156	2.077865139190065	1.5154369833336847	2.545041076549822	2.5650914795810857	3.380068431946765	2.6920241867999204	2.676407847188733	1.3856881175617672	2.376699242204909	1.3626821135819824	2.0410828721200795	1.8676095655969234	1.3044120816991713	0.9225684564319195	1.8022389427311518	1.351797806832634	1.4222977418170972	2.2239028695661776	2.48080994143977	1.289231968134742	1.9698716855800968	2.1172719339018706	0.904899266085172	0.3933782774314419	1.0766902040360216	2.9690457145123976	2.6277173039887427	1.3142910723897943	0.835334386487561	2.112337991376949	0.451069000539281	2.677598162467359	0.4365558163928145	2.0710351815013577	2.176118251858929	2.740575921615034	1.8140419086114707	1.0268849639957387	1.889786825306077	1.1808290456069184	1.8840164874482113	1.1658267814617773	1.0550196959387914	1.1022551328175327	0.908088308029826	1.9757268480816104	1.5872965151565759	1.534211355822713	1.08264806289424	0.8953428398460337	1.8150655422383113	0.4280750274995733	0.9832766153250565	1.192770081073723	1.632744694948586	2.6860592168937236	1.1428700986724405	1.5315572318842516	2.644479297074527	1.798516616241367	2.115225476576861	0.39997346985339965	2.76318197148459	1.54418647296041	1.20660355434873	0.9390850483196916	0.7690168286314295	0.5169041545160254	1.4368774598095555	0.9981979110342389	0.7843481159427473	1.0262052966884165	0.12025959555543872	2.281300944634947	0.5100731085854979	1.1909764454130505	0.5268760253080994	1.5786224172415082	0.7804180266748809	0.5479036701610851	0.6218460091280056	0.7808188487893089	1.9181989481349497	0.4332809722522881	0.0	2.362784378408725	1.6671789372032804	0.7339202646969684	1.4938305845208588	1.1679213286745194	1.0681067824363628	0.6280102164183468	0.6641201826295544	0.19229964149567316	1.4358446919584316	0.9827531926076417	0.7867367111776624	1.837168411777563	1.1886623092864759	1.2687839508344332	0.8463203634955292	2.1135134533815085	0.7951959061389052	0.9250939920917661	0.5446699080944207	1.1919313376049423	0.44391996473963563	0.8530830722571715	0.983998083332759	1.3163698472572494	1.0460480265707892	0.9839980833327587	1.0478408073802281
s9466	2.6375425546380757	4.186122295279177	3.9650447290806476	4.325158403517433	2.608228187397373	3.532791337347334	1.7169502767624627	4.007235157574157	4.906774278333049	2.1087953277397595	2.343007141299554	3.3930025830199133	3.534508958851374	4.380805935037742	1.873602838927497	1.3695418747010155	1.6547631027735967	1.7672199251004537	2.618724321059439	3.6085023382858963	1.1367498192470842	2.2987347255971216	3.52483881527155	1.2735763753853337	3.6173842115548176	1.7431695759959651	2.45952068508038	1.4694680171275345	1.229498086547536	2.0962785880329684	1.2985564036355313	2.136508523811317	1.0848218222148174	2.305404171156106	1.1490852582121605	2.607517825878891	0.3452894710331502	4.093045214494147	0.5933098902581241	1.7251802765200026	3.3273120323291834	1.8557618215259157	1.8211567383935165	2.732093321377344	1.6581361857749717	3.3894495108006493	1.651373784906896	2.8299117476091156	1.6025159598488856	2.8982873314750575	2.2613389459596815	2.3514852021990977	1.7080965219502549	1.1485651187910242	2.502612776801438	1.9491735740878027	2.0502639124563657	3.9063839493367833	1.0384097155782623	1.2199557117671962	3.5613970712371166	1.6973785689836811	1.4120580566361554	3.0846116009001476	2.202520256305321	0.6287089713266609	2.441635179898676	2.250689168743228	1.787983180608638	1.8054812119717927	2.424577752757358	1.8660781983635115	2.0084137683557075	1.9683207257841469	1.6096964352269167	2.2629804808968217	0.34029737365082885	2.1116164309206207	1.8806465300162143	2.627635918356242	1.7386521713238148	2.523605734397615	2.1099784549983274	2.026541360565418	2.0853731787882643	0.6137935708371199	2.4099895604648722	2.362784378408725	0.0	1.3219488018228072	2.1127412677137145	1.0572781692518332	1.9430787885076957	1.3396268356373335	2.0722256602929154	2.191888101559623	2.4403889823889386	1.9011428943098243	1.3984737727114753	1.7799154673122453	0.6015313805516025	1.3118608078914253	2.020353476836566	3.000685332838114	0.40085751592609375	1.5833713327730528	1.9009908676549774	1.9937762226863414	1.2188339123543148	2.0106824146147644	1.7781563988084201	1.693221696519922	1.39199141729724	1.4829747290933781	1.6932216965199227	1.5373711648598676
m44	2.625407190955158	2.9869213048782566	3.55550271221215	3.286735662681452	1.3845409740707249	2.253498204352556	2.6303302712890866	4.443858387399191	3.8356193062569286	2.945644352346259	1.124951572001295	3.58891479669264	2.5930495477402133	3.4339159256284755	0.6224263411833589	1.4424235166695327	0.9825094823429725	2.23695250447332	1.397319475547515	3.0823193895316305	0.8179237871374789	1.196790102782348	2.956236604767675	0.32627049622373316	3.5618950155374085	1.5202508266854076	1.8461207748275241	0.7621275244038223	1.4170852649077017	2.913615416271145	0.41496584460965497	1.948487626077171	0.7862992892775847	1.66564047022833	1.057039434285938	2.037742407096383	1.1273505005187945	2.8813088473504522	1.8729143281421134	2.21803967196477	2.6603957560286124	0.603581383601562	0.8475638314192863	2.948020575210159	1.7235531731133966	2.546877672484433	1.626533951138839	2.4356495918523278	0.4284022567354276	1.6183027836891881	2.452610099844804	2.2625118914613327	1.4363577078498861	1.7509919742314697	1.9971379552030522	0.8472412117137994	0.828616991531296	2.9124642371795693	1.461058596478193	0.934886524566388	3.1597431572937325	1.0050183190861837	1.9741354963030855	1.769290764555111	1.3666425557770558	1.5150060985780145	2.5754326160984045	2.261691060183651	1.4755603719915007	1.4205011377768135	1.9620867569567344	2.1052139946100796	1.939450886251309	1.0247546749522465	0.7053147266377382	1.6143363716741237	1.4607264789337426	1.3544949236883441	0.6843954318869726	1.6817790592112716	0.43239566701409665	1.4438389880881501	1.7470164610478003	1.092696845370664	1.8725750310906515	1.3552948824074027	1.5019780890673189	1.6671789372032804	1.3219488018228072	0.0	1.8164169389492624	1.377695116094298	1.0806138725107486	1.1586433009614705	1.1140283122563752	1.8977900717017968	1.8218003795528905	2.1157528814697084	1.0655761159013077	1.259159163160627	1.1575652206015257	1.2368570101319674	0.8221416965812978	2.453558525493572	1.3850357398825535	1.1030755865745745	1.7237272575286409	1.3836778469807844	0.766607450802633	1.5447939605417622	1.1551239695612745	1.3175265850193334	0.37176640111451914	1.2801531874204695	1.3175265850193336	0.8444688281355973
s15947	0.859485923810108	3.2571203546739893	1.941442818031809	2.707690034936534	2.1353429178141154	3.192245855394766	1.9980116922996423	2.8523317138004454	3.3274937927932755	2.10230060430164	1.951376578258267	1.967059819691378	2.04297904921879	2.565872771805558	2.21484959443389	1.134231212276532	1.1922337665074063	1.333668882934739	1.986142852282061	1.619467335287164	2.3411404176078996	2.861989327036047	1.4963933272978307	2.1145015417035484	1.7832183315346002	0.8580722080903933	0.9095529816481256	1.0831588011910804	2.9877674341931533	2.058490781312201	1.4041518103123412	0.5524229967693212	2.2205274738707272	0.9746251391343672	2.7082666935673476	0.8335558584073988	1.8754304019197414	2.8682244221353765	2.4267849718773755	1.3251245068464665	1.3089577024345904	2.2238293797428734	1.5929006419819038	1.3856901700516262	0.8099945642503804	1.6415496344476446	0.8868321787141006	0.7269379507856328	2.2056976507900177	2.2141412538786542	0.952788614488809	0.5800045906180382	0.4531090292674143	1.4323371510953002	0.6601806305284743	1.3378386835900344	1.6558673521054492	2.2611963765123586	2.6846096056833213	1.025437350865471	1.4863603295527597	2.794853520090173	1.2359438078603506	2.7083637812425367	1.0101640112081027	2.6256238325535475	1.1097576042139774	0.6818569532744436	1.046803884965928	0.4229637889910153	0.37935662954553334	0.8848894970529587	0.4023212442560131	1.2622263068231199	1.3070608749337143	0.6307885771880148	2.005423038608109	1.039892136286585	1.5935793583623945	1.2415901591028757	1.8489029218433277	1.4282785341372264	0.3189240108204045	1.064428058384034	0.29355955365893655	1.5566611468944782	1.1290663065489122	0.7339202646969684	2.1127412677137145	1.8164169389492624	0.0	1.1393396372369275	1.2399150079070127	0.9177874906151027	1.1184965928354695	0.43859513843067593	0.6340691668228375	0.7739212948793568	0.9238761315175563	0.6206158035187461	1.5244396038412489	0.8151135838948127	1.594845231292044	0.9235328136864895	1.787041380366	0.7249353086139354	0.257729471918036	0.5527943063414269	1.1115893558921928	0.42255138988445407	0.7820940164205524	0.6539840415868234	1.4944522843821084	0.6686026926807085	0.6539840415868233	1.0337894864561474
m26	1.6145362771588285	3.7030124610369053	2.9192547044141093	3.5486526050708327	2.271414686364618	3.349752782492377	1.3083699058220286	3.1489969153886146	4.148797422305835	1.5836913583778542	2.020336940322267	2.4089487227361235	2.7470756537242447	3.5279944630198603	1.9273536316658737	0.49186185981690805	1.0426508844013271	0.8992051733590508	2.2165423580336934	2.591284164652708	1.5568527419478826	2.5308046790489116	2.5220594155925267	1.5473601153625192	2.5780106979278488	0.8000814576274501	1.5490575594749056	0.9985334158359213	2.0747508279603464	1.5486895264457885	1.05480490470242	1.0931359372391578	1.4313196052123365	1.444633018001035	1.899182092639972	1.6506449857833942	0.8190082881890526	3.518775316620401	1.2983020222285653	0.8656488837243269	2.374771213048435	1.9287711944538524	1.4372125870383698	1.7412897998859103	0.6143233826452644	2.5159084950732886	0.6544813704340224	1.8224501094464733	1.7979313989349646	2.5310407310864718	1.2522131382882342	1.3000161007832387	0.8380454413996339	0.45787483019824726	1.5250648998882332	1.5129501131147194	1.711896728744174	3.1088200011323015	1.6842356582289728	0.5521943436505401	2.526286492846091	2.2332475082476684	0.6166923316971183	2.888815934114176	1.4586664561780136	1.5557613069089966	1.4193718951729548	1.2001065514919844	0.9382040315840489	0.952533120673022	1.4576785924278826	0.8528768367263797	0.9665201396360648	1.3920701832397062	1.1545221652965114	1.3834711334194394	0.8818148371131912	1.356004430716815	1.560633807247959	1.8894506014848917	1.6706509573013326	1.9174553932825917	1.1181818227267823	1.3985258454608809	1.0548012019132216	0.5065813977420975	1.67742036852791	1.4938305845208588	1.0572781692518332	1.377695116094298	1.1393396372369275	0.0	1.5209045619697885	0.47907257036183054	1.449890050756198	1.1674247656319228	1.521789710602445	0.9176645630004598	0.6134934348271809	1.0339098184140803	0.565748517325078	0.5109683497085942	1.7237622995384347	2.028228363112137	0.7030803453501749	0.8047002055819363	0.9464748259717981	1.1947408492159624	0.7289221350867406	1.0779830000765003	1.1242722844657767	0.969609924915319	1.1627750301100759	0.6688395223249424	0.9696099249153193	1.0399839151477068
s62170	2.0710232197894256	2.9278362805979126	2.9154733755068536	2.782158712907835	1.5772181495128905	2.457286832607898	2.715627445504995	4.049549680280991	3.3775135388205513	2.9668994929680763	1.3734557673363519	3.205924929557522	2.248711502145273	2.7908544606294994	1.3857328953130286	1.6490479023156202	1.2074220528043806	2.2411655749749158	1.440506584825352	2.4879246699545954	1.8746830714651024	1.9557882509354454	2.3025669807302407	1.3911144002765379	2.9702134074105153	1.514088968342154	1.5242832973718339	0.5840880266471574	2.429488924150254	2.93250136820711	0.8514825582950005	1.639273725275404	1.8135999047087905	1.4590754170606843	2.035135490772849	1.5925771088176588	1.7677156786994488	2.5202407670986235	2.4771764972062127	2.2155660744875973	1.9323619806122172	1.3729898125455702	1.2859690522747234	2.6030301657391965	1.6504291295919513	2.013653911771271	1.632216480565401	1.741850842571493	1.3334346066999097	1.5186088455353948	2.119384017281959	1.8141078370476384	0.9586968816714669	1.9769033304604702	1.5228343148844552	0.5932979801312396	0.9830704336216544	2.3884177051138242	2.4426984806413365	1.0634739764543268	2.4610210802017205	1.863827533547536	1.9343459418353899	1.8671541385253925	1.0868493002321693	2.3770420241497696	2.3009337769319202	1.8872923542385565	1.5761419178631608	0.8777139419602777	1.3229166900450233	1.9055078281152995	1.5481135505329735	1.053596920517408	0.9883463878933104	1.1167023965480838	2.034106010099689	1.2268428904924584	0.9506380251307999	1.23251325272535	0.9155569440584801	1.0769983939493808	1.3110935683914853	0.7667323436841836	1.4493745551320372	1.6578861066494013	1.1398526752032416	1.1679213286745194	1.9430787885076957	1.0806138725107486	1.2399150079070127	1.5209045619697885	0.0	1.236055223320999	0.8317017886279857	1.510497366453448	1.2679904825785269	1.7881370631423184	1.1379589117273752	0.6620673305157875	1.475813939504983	1.0563929294407646	0.5906435907542212	1.7124640840947154	1.8196891908388477	0.8681269859377899	1.2048372582291589	0.7458073747320854	0.87866923352305	1.130036374405291	0.49500496481170153	0.7232670552791652	0.9496752519343132	0.9520505275650533	0.7232670552791651	0.5050829904699792
s401978	1.5709361856508135	3.2285729451938248	2.6708149499695484	3.092013891825588	1.82834161593131	2.9228522100291205	1.7372350382823223	3.302875822888976	3.6879648708168533	1.9608977368513891	1.5875745946761208	2.4419299958910847	2.2888556779948286	3.1012355118023023	1.626882575023795	0.4138942448872479	0.5928599149781536	1.1387264983759409	1.761780755376435	2.279501243624524	1.4772490660245923	2.259989489208952	2.19914083337748	1.3868634742550217	2.5008265939504066	0.4720200169721983	1.1314387448531338	0.7008251014167765	2.133651886881708	1.9190582431419523	0.7824414518196726	0.8738459956393279	1.3470394921493385	1.0032668756662564	1.9110491964974625	1.268906916522897	1.0409873357855461	3.0444325048110596	1.6738563850093409	1.1292963824671982	2.0216717476540875	1.6367574248578236	1.0230170623418007	1.7995393754657336	0.5652547485708656	2.086438275860632	0.4929661364676639	1.5744347866335253	1.5737667335069365	2.084130015340655	1.318787382979723	1.1857848718929047	0.6405940027303964	0.8479060620401607	1.168710939338393	1.1099093662440993	1.2943467630750407	2.656767028787614	1.7713342010412314	0.2548530150084542	2.2858840676885652	2.122197887296271	0.9991613149878233	2.471362770842152	0.9858946759426219	1.7636688269800815	1.4232640692627576	1.1447419247327641	0.576725852286626	0.6895592098592762	1.1534005131047997	0.9675515957538324	0.8628792841684639	0.9243629837854858	0.7379526946293838	0.9674648039558703	1.2187940350268833	0.8809536541003116	1.1573841315257423	1.4247574523765392	1.3681097809632663	1.4518294109076904	0.8085732929934847	0.9465211851171613	0.8440607040942416	0.8941708757065459	1.2074074898325624	1.0681067824363628	1.3396268356373335	1.1586433009614705	0.9177874906151027	0.47907257036183054	1.236055223320999	0.0	0.9903947499472553	0.8935087930078914	1.1309229865777928	1.038718633918012	0.14609315526108368	0.7370410900840171	0.8470870441639542	0.4610694600234813	1.3618483946577162	1.7185740484859562	1.0692662432108346	0.4120309330486902	0.8079734503454442	0.836590663085642	0.4854060557099724	0.7032387736643533	0.8217535713546761	0.7764027238925266	0.851399463945051	0.5200799717580379	0.7764027238925268	0.7493714032089768
s12884	1.9380116870245487	2.353760264371735	2.521103628917534	2.271051992314278	1.0307423468791264	2.091361882756081	2.7029750834846893	3.894422729055456	2.8595802055527666	2.895301924141106	0.8423020441860867	2.9188203341809755	1.569033189603333	2.356806567447175	1.2474543899544315	1.3103398405540347	0.6294477229282415	2.02774169823779	0.8891665029011486	2.01854630999394	1.7360371652276518	1.8593218921812547	1.8812523776141674	1.4133934617700026	2.7234632299321557	1.043275121715738	0.8621920118732509	0.7150982906190441	2.4758721215886412	2.850478053683767	0.8397726865317336	1.2602263050816938	1.6455305207096187	0.7382940701690514	2.1582654345904593	1.0281088961474307	1.7870128994093477	2.087775209018035	2.531598173823409	2.029938368621184	1.5752338612102479	1.268460574490875	0.6897581019178431	2.366506817748219	1.3644069092886844	1.4412006649647442	1.2585717481866152	1.505191259742153	1.3720786400488199	1.149233965154283	1.9453612919913934	1.5708191071975204	1.000114129538486	1.8368214957258437	1.0319829252762032	0.39669420917097975	0.573363855395248	1.8615901058732567	2.296630934381901	0.9377859949965262	2.152716814345791	2.051254940803931	1.9250971327148567	1.6143333273254075	0.31714944177293825	2.4034424744089367	1.995219986295667	1.6504463356639498	1.0060200505546537	0.8832884885835032	1.0623084105057001	1.733021817931578	1.3664971581649523	0.30368809288103515	0.539191255957871	0.6267749409651959	2.06147599669061	0.45628081291153233	0.5710620397266648	0.5839608172651004	0.9684566123617363	0.4731102410210795	0.9745414586626656	0.08069718110251438	1.1923147976831048	1.7628092000413749	0.4019790243333629	0.6280102164183468	2.0722256602929154	1.1140283122563752	1.1184965928354695	1.449890050756198	0.8317017886279857	0.9903947499472553	0.0	1.1306112469834082	0.8113498754399442	1.737061225916358	0.8512447854966462	0.7549446705432835	1.6256457631285781	1.1366593891902315	0.6963361610059134	1.436069985250603	1.9171646069676858	0.6893767305518077	1.1924995233121174	0.6350897101087353	0.8914516383328492	0.7634585359774834	0.7053000073111719	0.9666930877353842	0.7965365934041096	1.034909856019048	0.9666930877353841	0.717660137227495
m43	0.8843705596177178	3.1104276451383472	1.7812447607863484	2.5871357246692748	2.06222009747246	3.1404349242958025	1.9953865832192974	2.7695136840854495	3.1898034160547666	2.0560052677573872	1.8965823413474694	1.7923706529966785	1.8388357751182631	2.4769824199140955	2.243256895403127	0.9800676005054784	1.077677863298588	1.2017905908920574	1.9306269033076189	1.4255915105712822	2.3184379343113806	2.884269409052855	1.3576785441282266	2.1757138565975875	1.6829056503531057	0.6101349088554198	0.6282816074356451	1.2519366391537006	3.0181094167333575	2.005840386099451	1.4955113517053311	0.18910826638591474	2.187769138827611	0.7037615880269914	2.7801690822607963	0.5773916083003202	1.9128027738132356	2.8070845679405276	2.452846794566317	1.2179410851381849	1.2618617535240093	2.2618593842878787	1.496562147583534	1.2439375119722709	0.6580594166244638	1.487607482617971	0.6748173270518668	0.7440149502051251	2.2798922279121854	2.2125796065385064	0.8822913217920241	0.46725832009586615	0.7427724962594144	1.3745529787685247	0.41907043232643143	1.438434279416839	1.6701349730374633	2.142522793282941	2.624839719369163	1.079519574121503	1.4003922363312091	2.9008982415625706	1.2849899933483435	2.717924454459753	0.9209036808718065	2.6415549551603603	0.8903824961127984	0.555395814713431	0.7714273451883025	0.7141169851616036	0.4633424878139855	0.8168590752638143	0.4162698403484611	1.1915102880194801	1.2876246619245604	0.5871429177827265	2.034814913663017	0.8763141093060428	1.60991278527267	1.1795047651404529	1.9500801212417644	1.4180718020030179	0.2000870620680197	1.101304551472954	0.21891991048879006	1.6534499510412137	1.0529643038659577	0.6641201826295544	2.191888101559623	1.8977900717017968	0.43859513843067593	1.1674247656319228	1.510497366453448	0.8935087930078914	1.1306112469834082	0.0	0.5635454893230403	0.857682562183415	0.9029980215455171	0.8896399805646314	1.6474919135674528	1.0017621872303337	1.7342214611184714	0.9348869868258725	1.8644779811626615	0.8258858429348026	0.5991497264518133	0.770856745065008	1.2275930197195541	0.3996488012903916	1.0439136747247026	0.9798852408502989	1.5414149978172116	0.8991916029444977	0.9798852408502987	1.2329907682445969
s401972	1.257977690650267	2.65218474382024	1.7414014249231158	2.1016852040553156	1.7032833196457369	2.721774372621411	2.517459664875747	3.21608275871335	2.718306444313876	2.6057707709872053	1.577620325208794	2.2160305324309455	1.4120722496398554	2.015908646814872	2.049963161912953	1.344253894253929	1.0670004373678685	1.7488363758957175	1.5367673323457698	1.2820935262340087	2.3723604053479694	2.66768604952	1.1464579270798343	2.12663690513035	1.9312702619726883	0.9360274925587481	0.4154631741832013	1.1896705740615332	3.1078620638507575	2.556890750014024	1.452875758331658	0.7466603319846395	2.2570656114416012	0.5439105597418051	2.8197273760903268	0.34059472966890214	2.155114749234369	2.275161228213696	2.7964258612459463	1.7611708044667536	0.9022557266977798	2.0707677731074194	1.3587718338273096	1.7391539678060124	1.1422778851171083	1.040759524385764	1.1054972391001923	0.7165899175012201	2.144688253728085	1.7598383992507818	1.4113135326711304	0.9390738800098053	0.8897950414149992	1.8224666611658191	0.28595919682182974	1.1504449239790253	1.3804092255168496	1.6536811809855285	2.808098253758753	1.2280187107713467	1.353081705841516	2.8055860977651883	1.7615779817918333	2.293478554619649	0.5893400705704895	2.865032128184515	1.420701054621321	1.0804357047741915	1.002956454285254	0.772021258085344	0.3507660243949112	1.3591718183445276	0.9018961213987255	0.9684636933410327	1.1889798275220624	0.2082310097712867	2.344939235950097	0.6742274032258259	1.374408288921454	0.6725702803040979	1.7471856137430763	0.9528948627144115	0.4702214967984987	0.7975251904069758	0.6818811127869752	1.961653674508668	0.6151395405229468	0.19229964149567316	2.4403889823889386	1.8218003795528905	0.6340691668228375	1.521789710602445	1.2679904825785269	1.1309229865777928	0.8113498754399442	0.5635454893230403	0.0	1.3449469468319302	1.0661649632704735	0.8329082222655407	1.8956940289529256	1.2179557159737637	1.4301865079554776	0.6757964255778057	2.1674028410856723	0.8743784547712589	0.8586022388520314	0.5930872474340056	1.29194806531786	0.44496385190811216	0.9240004055031512	1.00546613774486	1.470397935742577	1.0684776835744123	1.0054661377448597	1.1527767775141524
m22	0.7610779027751395	3.929860244337172	2.2657533112369777	3.4130636202829914	2.721390646622962	3.8164799948478922	1.2668747216018057	2.352060692563783	4.021878482424831	1.3430033967856083	2.507579105698979	1.6291533657240307	2.694724443939187	3.2540437791439127	2.6233927651201028	1.0393192491462464	1.5522662140121255	0.7235614059615357	2.607233806780144	2.075795590861881	2.445797076225106	3.265412122089909	2.017529238412642	2.3542405946252853	1.7394167007535948	1.0168059624331454	1.4767731235632593	1.4764819905970328	2.984707736175242	1.302011417491235	1.7195161287303933	0.7617699213118855	2.3173955851142107	1.505513050051307	2.781560978611871	1.4268990109754434	1.7196485952251774	3.609570240565385	2.043524333971048	0.6919127426583892	1.9527382324323928	2.6282311511029115	2.009835024312496	0.9571460125738205	0.6398345964263834	2.314901326810752	0.8417759850344104	1.2450544792247393	2.5419245899332954	2.8827922399508656	0.43998925131171124	0.6256661263197176	0.838827902318003	0.9904155263648824	1.2565305914727665	1.9122392162188306	2.2018014605334217	2.967599473987616	2.5899913734041293	1.1977761194089405	1.8596612696907802	3.038874498702189	0.6135605726465639	3.341645714017879	1.6369023995366327	2.443397509527468	0.7619824848279926	0.5017986191522821	1.2457581319819255	0.9477345468183652	1.0972853866501118	0.30422169908285407	0.4491968563039184	1.7907449074017143	1.7166932294625508	1.3283196820699708	1.7164108335974646	1.5840988369411737	2.094873513789684	1.9544445509272672	2.288297933148553	2.1220274530497796	0.8939550757855672	1.6811725327807887	0.671568070062265	1.2893784698766693	1.8050798499404306	1.4358446919584316	1.9011428943098243	2.1157528814697084	0.7739212948793568	0.9176645630004598	1.7881370631423184	1.038718633918012	1.737061225916358	0.857682562183415	1.3449469468319302	0.0	1.1448730392087578	1.1561473219601264	1.3673462009545356	0.9012537845046411	2.1586109286988973	1.5508599921101143	1.5096328285829732	1.13024046222477	0.6302326221716714	1.2231883607983418	1.3521563837934625	1.0280704719730358	1.3168730031535492	1.0675812556225985	1.8355519085109933	0.8950348568055801	1.0675812556225988	1.456045238295869
m29	1.6314019092510956	3.0954452876037384	2.6640316635247427	2.98440892280715	1.6864146538420497	2.78034297129825	1.8829809080808377	3.409268256588472	3.578792017872198	2.105726215091134	1.445465051872252	2.5264562980897547	2.1869724275037536	3.008796737705686	1.5080845604894766	0.5211552938169026	0.4689830251476364	1.274827572350524	1.6176785809960137	2.2511425014448854	1.4356317894889328	2.1465742809747557	2.162968862499989	1.309713171177509	2.5496645014441954	0.49766809544054325	1.065771932870031	0.6033271804597307	2.1188486677632223	2.063565644686953	0.6821237861441619	0.9100471609888441	1.3086053069598231	0.9246031865651693	1.8790571682122073	1.2185231198909907	1.0950477562185505	2.910846518185404	1.7657473880310313	1.2678892712637215	1.9662068131132124	1.519423041418568	0.8941394942990312	1.8935156380541824	0.6750677390022002	1.9997238132611115	0.5827969032304848	1.5654444249612378	1.4736369838831864	1.9382516086023842	1.417462848518927	1.2389035914755246	0.6449047523988988	0.9889575055741733	1.1308196270346977	0.9709904076916442	1.1501882417054694	2.552343295202314	1.7845746693047566	0.22535812005106934	2.2792883868421225	2.048244237677158	1.1402858512612823	2.326542381342108	0.8642265983017896	1.8019766485047508	1.5116229494218987	1.2180034052499285	0.5644565172159238	0.6644666131465506	1.125018686102726	1.0844779918174285	0.9256703976028984	0.7826044622036897	0.5988533656238054	0.888041186839715	1.3030176872480195	0.7667002912812798	1.0159854259913967	1.305335489720683	1.246705782445951	1.3148683727535535	0.7984217580021987	0.8090660137664509	0.8737911372666004	0.9913042525340225	1.0853744055258814	0.9827531926076417	1.3984737727114753	1.0655761159013077	0.9238761315175563	0.6134934348271809	1.1379589117273752	0.14609315526108368	0.8512447854966462	0.9029980215455171	1.0661649632704735	1.1448730392087578	0.0	0.6768094921514939	0.9169615006488927	0.5118840377699025	1.2289254174421258	1.6815093067051181	1.1579413258562532	0.326832362157669	0.8401112475262686	0.7603168147174862	0.42254743779043696	0.6585783932722276	0.7433408511660079	0.7508165044935388	0.7377047364241958	0.5383007118025662	0.750816504493539	0.6570180134336616
m13	1.4640022655157041	3.0764886055991774	2.465782795919874	2.7684535377336945	1.761393467080101	2.794053020152703	2.1776425934069827	3.4232856803179947	3.386924246081746	2.3832177304676767	1.5441813721778146	2.5654240400930717	2.1116392157409476	2.7185802125644964	1.67428241709582	1.1224379567933467	0.9148388761951868	1.6182224127119302	1.6251028481937058	2.0718315338180306	1.893641449042472	2.31379209265736	1.9207673005094903	1.5716013757017355	2.4008510070320406	0.9463699848967853	1.0874657192580304	0.49992297762476434	2.517528945948562	2.3443593530622504	0.8650214082980819	0.9991171678461258	1.7917957386863488	1.0457215130258923	2.192163585431786	1.1322310562802504	1.5540195407259727	2.7109045397122027	2.21397828892282	1.597631421541177	1.6324159792130961	1.6751827506829031	1.222992126052884	1.950942884822273	1.0213846850819193	1.807139497279274	1.0316896806678817	1.2508283460512337	1.6339213367908505	1.8288689500682909	1.4658578079666584	1.1729668020822477	0.31998693686755314	1.4588656709913563	1.0155021359438352	0.8148755212634535	1.181424967515276	2.3331189734024513	2.3363629455646637	0.6777960424492252	2.0122470385263203	2.209331741463142	1.3751573806679416	2.263058097253135	0.8366263654950746	2.2716830598254782	1.640762624606943	1.2315467608016033	1.0718212217998657	0.22086878101948645	0.8038994263959309	1.2562737488058953	0.8892131589348081	0.9289722084305825	0.8780640430007148	0.6844874190166074	1.7616640458202932	0.9090023801391928	1.104334851525814	1.1237599291840277	1.2669538220409837	1.1449498279152746	0.6960868777991761	0.677332831587691	0.8012143853674496	1.329343491803903	0.9745237797572638	0.7867367111776624	1.7799154673122453	1.259159163160627	0.6206158035187461	1.0339098184140803	0.6620673305157875	0.7370410900840171	0.7549446705432835	0.8896399805646314	0.8329082222655407	1.1561473219601264	0.6768094921514939	0.0	1.2138444283762566	0.5594096566742528	1.0315190284334497	1.323475603825469	1.5374570391881408	0.3558013465710125	0.5681422858309366	0.25511627650194285	0.6360301248893843	0.5444904921454012	0.170497335318343	0.22056462147990533	0.9784465580927998	0.39564597906216353	0.2205646214799051	0.42962922630576345
m33	2.078897524243672	3.8838174512120833	3.410574568653902	3.8584599818165346	2.344969980599301	3.3490871764133208	1.535504702041981	3.602453923593243	4.458029227108312	1.8931957221658196	2.076795716250682	2.9331782165211786	3.091446797214412	3.8677017118864407	1.7679614411643985	0.9792050900307995	1.2776244314103564	1.398830027960912	2.310450943367906	3.064319565108952	1.3139416357583147	2.3134846329705088	2.9684832903461404	1.2634181848695296	3.07887231481752	1.2850083818815468	1.9664623300771602	0.994678764607211	1.6711269611132353	1.8712633664412428	0.956689234491269	1.6084086275856804	1.2217905496354249	1.8398019368859835	1.4687418457285994	2.0841548746762775	0.48018727874300804	3.7016399479023643	1.0245360287082963	1.352767182926868	2.7638805507273907	1.754626926592517	1.5465016362530244	2.258293022087702	1.170818281265839	2.8854415404044613	1.1935005995801824	2.247228624269253	1.5433235787848667	2.5840303078953837	1.7567015255546332	1.799330278917662	1.1152409617355241	0.8470491564316514	1.9638647943405962	1.5454464548451772	1.7365460980112235	3.427549574159843	1.447187664476993	0.7255125678354848	2.9887744166717614	1.8398323753965298	0.9862508680951676	2.858730735367279	1.7370432535641256	1.1860123946418275	1.964704361498154	1.7164241438240357	1.3806625805917556	1.2206494182341283	1.8480590074058372	1.3740554227571	1.4463667501009243	1.5772801943880363	1.2519402883364668	1.7293282642982115	0.6029073666616918	1.6684067677415233	1.5728744266241912	2.1543817758602257	1.5102134675057348	2.0930612619298223	1.5525559799077047	1.5685378852263843	1.5219595423245937	0.2217675610018107	1.9441239157152674	1.837168411777563	0.6015313805516025	1.1575652206015257	1.5244396038412489	0.565748517325078	1.475813939504983	0.8470870441639542	1.6256457631285781	1.6474919135674528	1.8956940289529256	1.3673462009545356	0.9169615006488927	1.2138444283762566	0.0	0.7190674120076089	1.6642985131261414	2.4226409934215023	0.3472550947376937	1.048443274865666	1.306211790817245	1.4353543772834043	0.7387153052366985	1.4618864239361062	1.2338201527278212	1.1105377044117188	1.0974410816062223	0.8916208217446296	1.1105377044117193	1.0447742790910994
m38	1.4798580558179626	3.479793565172694	2.7341375657232057	3.2499644850669953	2.0652070856745035	3.128109538923275	1.6737945268374868	3.2527137408043933	3.8638512116392247	1.925904885696572	1.817753010221021	2.4747346480094268	2.519279739173613	3.206827419888061	1.779231993822343	0.783846481289734	0.9570225620332766	1.223298303599235	1.9730225098315028	2.3853878396576222	1.6807829323747094	2.4113339098940227	2.2733083278580546	1.4868056604835256	2.482375056132834	0.8368819160805773	1.3634592251557882	0.6277324846251903	2.2334186986458846	1.89100165115318	0.8507287768613587	1.0091057173926299	1.5681733482903588	1.2858967443866833	1.965329779773768	1.4346625941231157	1.1002402652022016	3.1990740300294185	1.687470291326491	1.1889294136355746	2.0577122456289882	1.776372052325873	1.335723941033764	1.8087542834865358	0.7450884491043887	2.241286259834752	0.7964602135323041	1.5412058411832685	1.6612961381225975	2.232806337976776	1.2868595284020672	1.1840805380947916	0.3975728556582621	0.9493130249518282	1.2984293423454993	1.1669317392860432	1.4589230350280842	2.8091323409820705	1.9808591228311896	0.4152365880806019	2.2956842424455823	2.15159367298684	0.8900582079533418	2.6175213845203222	1.192947429569289	1.8480809710117643	1.4990443837523204	1.1532704687747728	0.9983981315946409	0.5101173655491574	1.1370727696841962	0.9670818054673427	0.8260967931132688	1.1799734287865749	0.9823880743732546	1.0725326361300973	1.2513535735450847	1.1650116320000936	1.3286678928736004	1.576782220388156	1.4242431255034003	1.5926195541282877	0.8765259792202996	1.0685314634429763	0.8616152794916057	0.792071595020038	1.386827187702186	1.1886623092864759	1.3118608078914253	1.2368570101319674	0.8151135838948127	0.5109683497085942	1.0563929294407646	0.4610694600234813	1.1366593891902315	1.0017621872303337	1.2179557159737637	0.9012537845046411	0.5118840377699025	0.5594096566742528	0.7190674120076089	0.0	1.3669844219748535	1.708072801118852	1.0150629284416868	0.45909637121723884	0.6108149986653897	0.7653692607633614	0.4802480592802046	0.7933175163658759	0.6461945020751569	0.4628128531355874	0.9974179459807182	0.1803940782754968	0.46281285313558773	0.6278665032579984
m15	2.4534794330554073	2.496684683212899	3.129392517755875	2.629076889880216	1.048106393947651	1.9028919056085158	3.0128754341263915	4.431889233576798	3.1859112337931705	3.272521804378917	0.8455088977268743	3.516677060702611	2.0718776344131524	2.7547035292969757	0.876825023146721	1.7359722066161667	1.0781690995205044	2.4820131808329746	0.9472416979136763	2.6383427672856605	1.6042235222820402	1.4284192918041734	2.471604568506278	1.1030342939380509	3.307440215382756	1.60055939627429	1.5542287423009284	0.7463477393929219	2.2175126573549115	3.234810703293188	0.7632574776785455	1.8577474643637044	1.56265831184392	1.432864735179339	1.830405318142113	1.6966648799400448	1.8092428026546419	2.211134027038908	2.570850273674723	2.4681527629732605	2.1079307469837523	0.8726515295271915	0.9346764114448814	2.9253268426114483	1.854991079424732	1.987241512402018	1.7721310220727997	2.0531175043603653	0.9404111936660351	1.0326242222100903	2.4557079920016855	2.127505977940304	1.3335821092998348	2.158653929141941	1.681949829198735	0.31210869277162007	0.4825958198600879	2.2690654857293264	2.2606047086417553	1.1826713722027835	2.72819410271767	1.5522600969438072	2.2464194141267946	1.323592905674161	1.0121418019148294	2.316121486812188	2.5723962834399545	2.1958681448789417	1.5760860737704914	1.2421419900280388	1.611006513507093	2.2051265624686875	1.8688793737281	0.8187217290929082	0.7849881660541252	1.253985372247777	2.12290219483238	1.1329757267671972	0.5022632822740312	1.1306198902824374	0.4760079384816059	0.8349401229869977	1.5515727677646358	0.6806016085500045	1.7361373280176293	1.8589639541212557	1.0361025313256553	1.2687839508344332	2.020353476836566	0.8221416965812978	1.594845231292044	1.7237622995384347	0.5906435907542212	1.3618483946577162	0.6963361610059134	1.7342214611184714	1.4301865079554776	2.1586109286988973	1.2289254174421258	1.0315190284334497	1.6642985131261414	1.3669844219748535	0.0	1.972798223050382	1.9740739873109698	1.060884121758263	1.5944439475064178	1.0464619402421578	1.002344217702462	1.3362635437677943	0.8801786356190717	1.1631891553285532	0.7392421956498163	1.296942628798442	1.163189155328553	0.7451903536343856
m10	1.1132007902061305	2.917715686797325	1.209065669253909	2.0065890429768416	2.2559202742874835	3.1757309169481163	2.8011910737364625	2.9733452219095184	2.607636064238946	2.816318512920746	2.1705605432670443	2.0110152013444234	1.5323665944891338	1.747065813354594	2.6810394848828714	1.8958221769665853	1.7399688528383332	2.060056868575631	2.0677737826719746	0.8488276765274071	3.03681094712132	3.28529449890243	0.6513448259973937	2.7682137940592644	1.5072015457385342	1.4974864870677043	0.9420448563127175	1.7685405874309832	3.7531372521302817	2.769032267681723	2.0788984833861712	1.089003436533051	2.921210274739444	1.144448384114328	3.4533449495613215	0.6960243948503718	2.739283245425765	2.4105155809554235	3.326089846183846	2.072516212334092	0.4198269572741052	2.699316227913622	2.0268219441890123	1.683460959430923	1.5822535670227875	0.9956158207205895	1.605811522853176	0.344342075780775	2.7720898701093803	2.2112631973701196	1.5013653965957763	1.020719750293336	1.3246545639800709	2.284162287298562	0.661059852158935	1.7343715873449173	1.9914664387517356	1.5875224629804026	3.4544286435962728	1.827308010858683	0.7634429747504926	3.4206672400332008	2.1027354516993713	2.761541380741098	1.2373646468288897	3.4734544461017216	1.5028119400022022	1.210756040228401	1.598995747308999	1.2281074973404522	0.5767919111943055	1.624894765937606	1.1719203473806619	1.6283997656524296	1.8549090191205282	0.8742368609120943	2.8947198439432453	1.3367697171489936	2.006706130506389	1.1352600252344736	2.349033185417858	1.4533711882537694	0.9272498011072001	1.4200852955493268	1.0078788834371863	2.4678314975171673	1.1907114792264966	0.8463203634955292	3.000685332838114	2.453558525493572	0.9235328136864895	2.028228363112137	1.7124640840947154	1.7185740484859562	1.436069985250603	0.9348869868258725	0.6757964255778057	1.5508599921101143	1.6815093067051181	1.323475603825469	2.4226409934215023	1.708072801118852	1.972798223050382	0.0	2.6924010656423345	1.4673652258263918	1.1735058719663303	1.1088406965236743	1.887279609105911	1.0229887589508584	1.4198816155682914	1.433234784193331	2.116950154800276	1.5453505358242112	1.4332347841933308	1.7091315347736082
s62128	2.2544218213460856	4.12433172892986	3.6189061935679465	4.136099570458728	2.583526254521863	3.5792172207328377	1.382527188620193	3.6144268355879365	4.729669356008394	1.7638228379643894	2.3171621453731657	2.999668480046923	3.3395696581838203	4.152412397702237	1.9720729811708873	1.0758755963318396	1.4951690307436802	1.3873659206140563	2.56775855564015	3.289484120352301	1.3408992731827047	2.4762132913022254	3.2121662350996942	1.4252260278499789	3.22954554540897	1.4542941530913565	2.199020947395829	1.3222211981088987	1.5943046860244616	1.7473884474043984	1.2376456790326567	1.7961851633131238	1.2536728396765753	2.0661769563305237	1.480309290503468	2.3235036176279262	0.374435286063635	3.9883089805070155	0.6836470719640108	1.3411839942322945	3.0376550416956416	1.9599799280117145	1.7559150650161488	2.337047524741177	1.3062242329266833	3.150682559970483	1.3284907986677188	2.49628049555826	1.7390723644214017	2.861602812261148	1.8672649898629088	1.9828686962049444	1.4098169319265013	0.7855944026194293	2.205099371811865	1.8532524700032296	2.0052756261371516	3.7053105192144447	1.2956514905557717	0.9970035667093856	3.2158554657817815	1.9604147013620707	1.0115302549552516	3.1162632556296055	2.00734581650619	0.9763039248405649	2.058224452921852	1.8731908882517703	1.5364050017203725	1.523112658035503	2.116683454009339	1.476039339983031	1.646689904683296	1.833973073863	1.503843471725679	2.006410006200327	0.29076486219070485	1.9125413828031164	1.836576059821629	2.4396953886754873	1.7748019011996201	2.3859479103808865	1.7970446923452812	1.865938226724955	1.744453466651837	0.2391416355362392	2.2223403221534626	2.1135134533815085	0.40085751592609375	1.3850357398825535	1.787041380366	0.7030803453501749	1.8196891908388477	1.0692662432108346	1.9171646069676858	1.8644779811626615	2.1674028410856723	1.5096328285829732	1.1579413258562532	1.5374570391881408	0.3472550947376937	1.0150629284416868	1.9740739873109698	2.6924010656423345	0.0	1.3428214467798358	1.5671555711670047	1.7479451859198287	1.0481895966473762	1.725875165659557	1.568615733206843	1.4368250069319244	1.3522048657371537	1.1943987229069157	1.4368250069319248	1.3794454175113606
s15827	1.5306461816682142	3.023441588515879	2.535890762073254	2.8240443556608925	1.648272152191357	2.7267041690100413	2.038123765408037	3.420522575525673	3.431847206361721	2.2514440833129097	1.4154680018792825	2.534881995070606	2.084176844102755	2.8192963377040767	1.530399125262178	0.8065923243089077	0.602595913451453	1.435894818323786	1.543603620272777	2.1210863962161777	1.6331376997420262	2.179927672335141	2.002565436792039	1.3944510171812803	2.461624465390733	0.6611052432267482	0.9906832509168372	0.43796297344513047	2.3000426785480257	2.2100946471256755	0.6898676708078015	0.8928398889406701	1.5189708099428691	0.890055163378861	2.0119621256618383	1.1028879729875436	1.3142152428226692	2.7542607570741677	1.9937685918742327	1.423136908244364	1.7596799400184615	1.5376993310118052	0.9752509045333237	1.9081830820081203	0.8075600151301673	1.8448816116928364	0.7660719205782857	1.3763910439788032	1.5016463248419352	1.8157639950525357	1.4222947612739438	1.169225472103059	0.41708307142951107	1.2195895358617674	1.0022840961185526	0.8009716751872642	1.0789846627291169	2.3880371462147814	2.046477269059789	0.3814051380415796	2.119127670283155	2.095173832708842	1.2501674590230933	2.2339455128117764	0.7379273651445003	2.0302156024229046	1.5514667356212288	1.1912419277373085	0.7610828023276484	0.3868196072660217	0.9142559026566164	1.1460763519200026	0.8602801756172623	0.7438097433642368	0.6338930696988301	0.6915556781080888	1.5303296325327775	0.7252394139411628	0.9703312764492344	1.1328190846403903	1.1902596258344407	1.1468484009616753	0.6642713440544789	0.6262228190105145	0.7751729300108676	1.1512436504331074	0.934317443199964	0.7951959061389052	1.5833713327730528	1.1030755865745745	0.7249353086139354	0.8047002055819363	0.8681269859377899	0.4120309330486902	0.6893767305518077	0.8258858429348026	0.8743784547712589	1.13024046222477	0.326832362157669	0.3558013465710125	1.048443274865666	0.45909637121723884	1.060884121758263	1.4673652258263918	1.3428214467798358	0.0	0.6612339510687479	0.44972963693167783	0.4281407700010521	0.4872494750833862	0.42957066462844534	0.47334520621072024	0.7762365646505228	0.376188999892436	0.4733452062107203	0.44378371817043066
s15949	0.9296104723317948	3.428959152792567	2.169530812405246	2.943625713880937	2.216261074813361	3.2822508177959153	1.8066444288314556	2.857088814039568	3.5646870457399205	1.9454088365291975	2.0101140716185033	2.0310677797557504	2.2668707534555543	2.813552711978622	2.1793300238886295	1.03765687150131	1.1928046472719505	1.2147025658989516	2.0797660217145864	1.8679123491600806	2.227158240188256	2.827215695745712	1.7497298983387453	2.0100910583390474	1.9186221547918005	0.8588303632672655	1.1035321126748283	0.9936460982665549	2.8313059145502444	1.9047786855948245	1.3114759037076755	0.6526420850533496	2.1079519588278606	1.1297832730048023	2.5566704770289177	1.0637985496323674	1.6850547665610547	3.056692876183832	2.2107813614196012	1.1935991193561646	1.5630997618336928	2.1836146715036127	1.6070069996414653	1.4063144022905947	0.7260739415399547	1.885540175544297	0.8353980526835086	0.9614515498015545	2.129372264483928	2.313924512631797	0.9196162682838869	0.6760029955683404	0.2950061001848064	1.2554317188509918	0.8930977194420106	1.3543736216390816	1.6848176910910049	2.4969217314874395	2.5395768624300517	0.8971016638679433	1.7121717868802027	2.681329928100239	1.028607217741756	2.7811624849285113	1.1337090697711196	2.4383595871038284	1.1384343597337765	0.7154851105963691	1.0674864676500084	0.35235930046073977	0.6349412117051493	0.7797785831786822	0.38543390211190215	1.317454204787924	1.2886634928312608	0.8106152488619845	1.7991161871954817	1.1464785644532545	1.6009092407313161	1.4161422394990844	1.8025371176975613	1.5564618958591367	0.487936736082574	1.129143019778836	0.402264835937041	1.3322184189059816	1.2797522754996062	0.9250939920917661	1.9009908676549774	1.7237272575286409	0.257729471918036	0.9464748259717981	1.2048372582291589	0.8079734503454442	1.1924995233121174	0.5991497264518133	0.8586022388520314	0.6302326221716714	0.8401112475262686	0.5681422858309366	1.306211790817245	0.6108149986653897	1.5944439475064178	1.1735058719663303	1.5671555711670047	0.6612339510687479	0.0	0.6115702232133685	0.9826087454499913	0.5421561398319551	0.7338419755257999	0.5224676309196938	1.4260791028926516	0.481747873208725	0.5224676309196938	0.9475804107592107
m16	1.4081245351207512	2.8892905643165356	2.261908755332477	2.523244468400497	1.6624143626238892	2.6962038649087	2.3196657209720333	3.4033742299213006	3.14310909201287	2.4926436441255184	1.4699984689193228	2.4977134182190954	1.8695106670329849	2.4690094009251538	1.7234311940197005	1.1895348095604608	0.9000126588726516	1.686557477436267	1.5092456932473908	1.8456187149764236	2.018461652813809	2.3605941584622205	1.6907160445401808	1.702024312128421	2.283247563734362	0.9218923334719977	0.8770123828084393	0.6620313847332948	2.6861355736558363	2.450402649737555	0.997891460844011	0.9151898648898387	1.9138102956399232	0.8613389545606818	2.3642121069638082	0.908496833327572	1.7459408773776814	2.5078947756423537	2.41499700766816	1.6758416681113988	1.3940854456933731	1.730864879968371	1.197622188218765	1.9176119039647928	1.059140559089662	1.5525511112862076	1.0495734923116449	1.0766074939642596	1.73537578293297	1.7122332673511331	1.4681352569625195	1.1034117221912036	0.45931372143976873	1.5926938944403317	0.805969776259904	0.7976671418664116	1.1449365982880095	2.0852726261962427	2.480363894608735	0.8263732758598615	1.8199461765677636	2.349508506764382	1.518056194642394	2.1844005318744357	0.6550566393873095	2.4601664657943765	1.6002206342224474	1.193401622864872	1.028675782106832	0.3132945705652318	0.6159145626783386	1.3031059347769955	0.8779144676533739	0.8442197340004377	0.8985065626992937	0.4500203728411205	1.9574098136167641	0.7589695350344572	1.0965228819704644	0.8989437789675117	1.3391795777906241	0.9726841331866513	0.5712273861400948	0.5673233617933591	0.7336035222040457	1.5409640638459072	0.7670783123356872	0.5446699080944207	1.9937762226863414	1.3836778469807844	0.5527943063414269	1.1947408492159624	0.7458073747320854	0.836590663085642	0.6350897101087353	0.770856745065008	0.5930872474340056	1.2231883607983418	0.7603168147174862	0.25511627650194285	1.4353543772834043	0.7653692607633614	1.0464619402421578	1.1088406965236743	1.7479451859198287	0.44972963693167783	0.6115702232133685	0.0	0.8139633341735321	0.405848352677764	0.33400369573637023	0.4539432187936073	1.0728308197682648	0.5990002031246275	0.45394321879360694	0.6011819329064665
s39300	1.8793139915768533	3.1820417245024406	2.96259548713811	3.1441910768161767	1.678900168166825	2.717219127459445	2.0210509148036664	3.689842720863504	3.740846172986451	2.2988885946907374	1.4174606004973944	2.8581229735313327	2.4048992371834275	3.1799021522752673	1.3013493947256898	0.8639074395423653	0.6828078602270318	1.5593654829481751	1.61411828602742	2.5465554096090144	1.282630407753515	1.9323234206533033	2.4282797127279507	1.031821331591992	2.8452641760532007	0.9177547443144598	1.3759266127034375	0.3028311608577272	1.8959298483138032	2.2635523548263836	0.3732769674171075	1.2623677195238387	1.1791659068424183	1.2384826015889674	1.5984992832852678	1.5162262935785933	0.9676102199396743	2.964940171378793	1.6934477001236197	1.5359723148196642	2.1737663465161825	1.2986283286973574	0.9452230598201287	2.2059990543605315	1.0222446727375365	2.2194350644675302	0.975292941558984	1.7945997730840886	1.1909691926368027	1.8809790295247082	1.699502876642192	1.5334875208420018	0.7063783068287612	1.1702149542614988	1.4250175231234572	0.8268192436265129	1.0548796260792486	2.720735388641577	1.7070974914778383	0.2364766145451559	2.5438475021828504	1.722966610199632	1.2828742256782004	2.213283954557101	1.039342170952254	1.6541651358482725	1.8539920656009792	1.5222559931036748	0.9760993169014035	0.7282335518501206	1.3359827317299444	1.3636547156177374	1.1936184423650902	0.8782023529139517	0.5870431532759387	1.0990488045370157	1.227321171025322	1.0104908502636367	0.9058336012889252	1.4373350894750185	0.9704275910640763	1.3555815998026797	1.0808741048966632	0.8333924954505092	1.1581807576032865	0.896624386921577	1.232155443426096	1.1919313376049423	1.2188339123543148	0.766607450802633	1.1115893558921928	0.7289221350867406	0.87866923352305	0.4854060557099724	0.8914516383328492	1.2275930197195541	1.29194806531786	1.3521563837934625	0.42254743779043696	0.6360301248893843	0.7387153052366985	0.4802480592802046	1.002344217702462	1.887279609105911	1.0481895966473762	0.4281407700010521	0.9826087454499913	0.8139633341735321	0.0	0.9135997266992862	0.617013150381482	0.6566055590085087	0.5215421251225356	0.5284055833202544	0.656605559008509	0.38035355165972146
s62154	1.1918776933285244	2.9167837564805303	2.050628952622608	2.5165253714084437	1.7504004685662364	2.8292134263983506	2.1302557099601938	3.134444093069849	3.1295333999528623	2.2599064250483227	1.5670371793163067	2.183449477105683	1.777659821277819	2.457245095996873	1.881750038892202	0.9446734349930205	0.8047923702212249	1.4005131568689868	1.6146606073708805	1.6384488072000545	2.048978444499359	2.525490944798534	1.5279803554350824	1.8393296160531472	2.037826950267272	0.5914551479860852	0.6026736694323587	0.8835898024154049	2.7537470575927685	2.212919833990982	1.144686605125118	0.5361124764924771	1.9274782294422388	0.598555339963829	2.4813371473321117	0.6458198763014982	1.7303406404707948	2.6033606659694697	2.355663080028619	1.4040603671651102	1.3223908855877857	1.8975714587090522	1.1948372598739216	1.611888808077812	0.7589482062015008	1.4664997288833064	0.7316695951365321	0.9276633333948948	1.9164998029989875	1.883170396005672	1.1908280376554683	0.8120401680597957	0.5178910366324291	1.3980164095086691	0.5223695210313841	1.0441246166527531	1.302720872515748	2.0701459365782844	2.436528060344338	0.8164212787738668	1.6455159398376693	2.545859754089767	1.3561425538170093	2.372923937556525	0.6203880673771851	2.454986563550746	1.2588656194930212	0.8903034707310968	0.7185725827858596	0.4339833608026107	0.4757918592883097	1.0318163902638724	0.6159533010017438	0.862293339880149	0.9476772410622116	0.32815337583682413	1.9070961684545746	0.6212487095035466	1.2420854653999744	0.9354978705680749	1.5648217022873936	1.1029776318630058	0.22023577936618918	0.7227534130889846	0.42906340487092887	1.5189120681855297	0.7774531500893124	0.44391996473963563	2.0106824146147644	1.5447939605417622	0.42255138988445407	1.0779830000765003	1.130036374405291	0.7032387736643533	0.7634585359774834	0.3996488012903916	0.44496385190811216	1.0280704719730358	0.6585783932722276	0.5444904921454012	1.4618864239361062	0.7933175163658759	1.3362635437677943	1.0229887589508584	1.725875165659557	0.4872494750833862	0.5421561398319551	0.405848352677764	0.9135997266992862	0.0	0.6780231160482145	0.6920631666502524	1.1920337280867705	0.6631542779548332	0.6920631666502521	0.8610616057180371
m12	1.6266966944669679	3.018669944180698	2.58530102071493	2.7628899536582088	1.675493161192505	2.683788967583517	2.3010687070924787	3.5903059949204374	3.3774208609386056	2.5229733351730914	1.4558508147980758	2.734439997762321	2.12768458248075	2.7329429166574877	1.5557254782145438	1.224832664777268	0.9297522864525013	1.766056782295094	1.5396782026890474	2.1772348408750957	1.8379054771728707	2.186830246704339	2.017175314054707	1.4736499258411555	2.5552816073566134	1.0655836769156362	1.1753858204032095	0.4080646880354289	2.4522237706873007	2.485319390117785	0.7835884951331207	1.15839700779856	1.745064058725404	1.119837242833422	2.1085602561048913	1.234630509730385	1.5610966683910459	2.648837634859312	2.245095278159045	1.744090674462496	1.7043580965742466	1.5537889955767095	1.1797751245669366	2.121370563553468	1.1679185283583355	1.845575972988656	1.1646063743643233	1.3781131230963188	1.5118185948787377	1.7220140224119889	1.6351914287226008	1.3407976360050302	0.47819229039510563	1.5648330151850594	1.1335208559477978	0.6912206502164959	1.07715913364743	2.335607531615246	2.3181425579718424	0.714546512177791	2.131922412572258	2.0845677787351873	1.5026764558655308	2.138147145377325	0.8493889581387782	2.255617837332213	1.8099406112314893	1.401794432631329	1.167465280840847	0.3908607814675318	0.9311387408698805	1.417907349770152	1.0595698933074067	0.897436206321959	0.8330206486494118	0.7649501001698038	1.79040349845438	0.942551787624832	1.004836451368967	1.1143088253269438	1.1301791142062223	1.0845673463170955	0.8476739839589459	0.6246977476883099	0.967559729936353	1.3729353855218362	0.9715072936223608	0.8530830722571715	1.7781563988084201	1.1551239695612745	0.7820940164205524	1.1242722844657767	0.49500496481170153	0.8217535713546761	0.7053000073111719	1.0439136747247026	0.9240004055031512	1.3168730031535492	0.7433408511660079	0.170497335318343	1.2338201527278212	0.6461945020751569	0.8801786356190717	1.4198816155682914	1.568615733206843	0.42957066462844534	0.7338419755257999	0.33400369573637023	0.617013150381482	0.6780231160482145	0.0	0.3004920927912816	0.8988912315867726	0.5054993565591216	0.3004920927912814	0.31925158997829045
s402118	1.4375061733350485	3.2925738179208723	2.5596159050966536	2.967276769223207	1.9567293203304714	2.9795876427798738	2.053563826609945	3.3586809388251333	3.587935578886211	2.2729696101042025	1.7312147665212927	2.55336540631829	2.32246081263446	2.8964463334000756	1.786899394986977	1.1509731557380842	1.0673367315867361	1.566063398718887	1.8259671360556151	2.199557071948491	1.9347311107795746	2.4201775556319745	2.048750172460923	1.6172845898347392	2.4119255998465956	1.0391246025818814	1.270781443703211	0.5666821210817918	2.5074519701304547	2.2374796827476207	0.9303608231821394	1.0661930569820388	1.8348826898265451	1.2363277941355448	2.1832132898239425	1.2972705775867004	1.4987057786036289	2.9155856558917685	2.1191028705254142	1.5360836122710086	1.7707535771425738	1.7825022162495787	1.388092972530427	1.922355266790026	1.0281156616583964	1.99830472843073	1.0746972644024677	1.3231862726225831	1.7041295998386687	2.0205217093966006	1.4207385187946326	1.1866122552780465	0.26996483271229116	1.3955682835939833	1.1631084765091664	0.981401455680052	1.3539724714678345	2.5314895854907644	2.3405171549983717	0.7042928375584666	2.091495202874259	2.2334178216587532	1.259127192899064	2.4363380703449797	1.0537074667398496	2.223180934218998	1.6388568600436415	1.2270062501373336	1.1907927110955312	0.2690064151438193	0.9111964761171734	1.2055323106281053	0.8815692908693634	1.1264395311804576	1.0267898601539098	0.8765280187141978	1.682476522099927	1.112705376976681	1.2649430566599456	1.3404598959904586	1.3651028351229697	1.3584202803517442	0.8005917140951474	0.8879424409246652	0.8466217589737068	1.2200139516404371	1.1945989523197376	0.983998083332759	1.693221696519922	1.3175265850193334	0.6539840415868234	0.969609924915319	0.7232670552791652	0.7764027238925266	0.9666930877353842	0.9798852408502989	1.00546613774486	1.0675812556225985	0.7508165044935388	0.22056462147990533	1.1105377044117188	0.4628128531355874	1.1631891553285532	1.433234784193331	1.4368250069319244	0.47334520621072024	0.5224676309196938	0.4539432187936073	0.6566055590085087	0.6920631666502524	0.3004920927912816	0.0	1.0733918209218887	0.3048090839567859	4.126162952233366e-16	0.4938188558439696
s15825	2.3030627325333315	2.8362712332130617	3.1952818404375183	3.0217780924899786	1.2607167632254412	2.254963745574731	2.461126282350878	4.140874181613357	3.585692437021972	2.742414411206259	0.990719768447137	3.253305322730357	2.291359400086766	3.145853703657864	0.7910208993152479	1.1556833840705938	0.6230903911291977	1.9714617110460813	1.2406327512514943	2.7225481185839393	0.9894561906676324	1.4299746424523585	2.6042540370778826	0.6571166384160302	3.2156129830870253	1.1720415248605236	1.4786785462909449	0.5209709590498239	1.6873036584206718	2.7057144221837257	0.1907377513004036	1.5956995803589054	0.9094439939572605	1.298121102491635	1.3702532162436534	1.6727641327744747	1.1315527574430528	2.706372307152058	1.9022428600251289	1.9591491233956673	2.3262132527114017	0.7946868780772915	0.5826264066111059	2.625705814904026	1.4104768008618054	2.2209116311670294	1.3020060045119177	2.095202599748746	0.7453933056641441	1.5158647010030568	2.1430282731157915	1.9248619373545355	1.1510233836039554	1.5502615785407496	1.6336445018477568	0.6260653125388667	0.6608270290393017	2.630019059763292	1.5761856273526307	0.6546656509191261	2.8090326539550055	1.3720201043149252	1.7605662018252426	1.7753415002802138	1.0187296530580638	1.6547975030192243	2.2442258752469098	1.9313831779711115	1.125867023701521	1.1232000716632553	1.6221824420633215	1.8107400759525938	1.6164431550694927	0.6904804354263552	0.3443277870805818	1.2621733630662835	1.4511845370235317	0.992812232130161	0.4913728153352303	1.372038966003421	0.5458075714979111	1.1822010084180234	1.395700561011001	0.7741261926381319	1.5326607421720884	1.2730853392097858	1.1751192968984643	1.3163698472572494	1.39199141729724	0.37176640111451914	1.4944522843821084	1.1627750301100759	0.9496752519343132	0.851399463945051	0.7965365934041096	1.5414149978172116	1.470397935742577	1.8355519085109933	0.7377047364241958	0.9784465580927998	1.0974410816062223	0.9974179459807182	0.7392421956498163	2.116950154800276	1.3522048657371537	0.7762365646505228	1.4260791028926516	1.0728308197682648	0.5215421251225356	1.1920337280867705	0.8988912315867726	1.0733918209218887	0.0	1.0188067455513565	1.073391820921889	0.6154257342252726
m19	1.3926110263633409	3.3803019091803623	2.6003760421826247	3.1015345324272956	2.0050989819026714	3.065858015158846	1.795743302060959	3.2370247490834245	3.7186442374710307	2.02408224505101	1.7670128628420043	2.4345824741529003	2.392358045673098	3.0458118845659596	1.7899530372044854	0.8693210086562024	0.94705926008896	1.298236916948451	1.8969048204425694	2.2464758703096503	1.7870788729785199	2.4299639799502435	2.124013032179357	1.5541471295091003	2.3877441126482863	0.8296103102734437	1.2520847653390594	0.5907405105560917	2.364621134383379	1.9874901597257515	0.8782960566992185	0.9358410259923804	1.675746590430888	1.1925699187601466	2.079077558155314	1.3062871334151935	1.2679825464309789	3.067563637692958	1.8677483145712215	1.2681447299313555	1.8939953881769955	1.7885336162113332	1.324956517598597	1.7805436595404711	0.7721789548698959	2.0943709359837377	0.8230579057216643	1.3918160733665226	1.6960058454243012	2.1419510911079844	1.263875823060852	1.099559601973811	0.22737720720316162	1.0930843198478786	1.167418717236871	1.0864934458823141	1.4059827453768963	2.660121935412644	2.1267562902411727	0.4889616524489064	2.153566883078015	2.2162986839867145	0.9980760911653093	2.5487231552676564	1.0840913660347018	2.0122549019322924	1.473309429919377	1.096463445479231	0.9963481605143873	0.3332937462879898	0.9799420373346179	0.9850727926624262	0.752795308580208	1.1172802498778251	0.9677564719748027	0.9292044104771354	1.4298218387251527	1.081398968535631	1.2909824114365511	1.4428671105734774	1.4138427959114082	1.4741949165151256	0.7529680327834366	0.9634506017202007	0.7585319610484823	0.9717122306234188	1.2650002491416827	1.0460480265707892	1.4829747290933781	1.2801531874204695	0.6686026926807085	0.6688395223249424	0.9520505275650533	0.5200799717580379	1.034909856019048	0.8991916029444977	1.0684776835744123	0.8950348568055801	0.5383007118025662	0.39564597906216353	0.8916208217446296	0.1803940782754968	1.296942628798442	1.5453505358242112	1.1943987229069157	0.376188999892436	0.481747873208725	0.5990002031246275	0.5284055833202544	0.6631542779548332	0.5054993565591216	0.3048090839567859	1.0188067455513565	0.0	0.30480908395678624	0.5667661557101591
s62134	1.437506173335048	3.2925738179208723	2.559615905096653	2.9672767692232065	1.9567293203304712	2.9795876427798733	2.0535638266099454	3.3586809388251337	3.5879355788862104	2.2729696101042025	1.7312147665212927	2.55336540631829	2.32246081263446	2.896446333400075	1.7868993949869771	1.1509731557380845	1.0673367315867364	1.5660633987188872	1.8259671360556151	2.199557071948491	1.9347311107795748	2.4201775556319745	2.0487501724609225	1.6172845898347397	2.411925599846595	1.0391246025818817	1.2707814437032108	0.566682121081792	2.5074519701304547	2.2374796827476207	0.9303608231821395	1.0661930569820388	1.8348826898265453	1.2363277941355446	2.183213289823943	1.2972705775867002	1.498705778603629	2.915585655891768	2.1191028705254147	1.536083612271009	1.7707535771425733	1.782502216249579	1.388092972530427	1.922355266790026	1.0281156616583964	1.9983047284307296	1.0746972644024677	1.3231862726225827	1.7041295998386687	2.0205217093966006	1.4207385187946326	1.1866122552780465	0.26996483271229116	1.3955682835939838	1.1631084765091662	0.9814014556800519	1.3539724714678345	2.531489585490764	2.340517154998372	0.7042928375584669	2.0914952028742584	2.2334178216587532	1.259127192899064	2.4363380703449797	1.0537074667398494	2.2231809342189983	1.6388568600436415	1.2270062501373336	1.1907927110955312	0.2690064151438192	0.9111964761171731	1.2055323106281055	0.8815692908693634	1.1264395311804574	1.0267898601539098	0.8765280187141975	1.6824765220999272	1.1127053769766808	1.2649430566599456	1.3404598959904581	1.36510283512297	1.358420280351744	0.8005917140951472	0.887942440924665	0.8466217589737067	1.2200139516404374	1.1945989523197373	0.9839980833327587	1.6932216965199227	1.3175265850193336	0.6539840415868233	0.9696099249153193	0.7232670552791651	0.7764027238925268	0.9666930877353841	0.9798852408502987	1.0054661377448597	1.0675812556225988	0.750816504493539	0.2205646214799051	1.1105377044117193	0.46281285313558773	1.163189155328553	1.4332347841933308	1.4368250069319248	0.4733452062107203	0.5224676309196938	0.45394321879360694	0.656605559008509	0.6920631666502521	0.3004920927912814	4.126162952233366e-16	1.073391820921889	0.30480908395678624	0.0	0.4938188558439697
s401650	1.8676790222919126	3.0278261527969077	2.8562755913455926	2.9258253542175185	1.5736360035087154	2.5780401696785304	2.2905493689628154	3.7824295734953255	3.528223066129216	2.55007071714768	1.3283462747614672	2.9339771014456555	2.258921294921945	2.946009122276133	1.2952742357979383	1.161235561745278	0.8155688006233678	1.802868433970935	1.4713396642193592	2.43042023167345	1.5339672296307774	1.9266494004314298	2.28215484226105	1.1587754601639497	2.815691432678617	1.090473387900735	1.3247676637743218	0.10314136219427908	2.137911559215406	2.514270739867463	0.47769303178468014	1.3197299151668662	1.4479408871554291	1.219013752701106	1.791029798650101	1.4347828445745896	1.320166352274174	2.727264651483398	2.0393649927778683	1.7791443233024888	1.9767715499290546	1.2895285861390073	1.0095961050149034	2.300390858919734	1.219213867343385	2.0429027903955883	1.1878365782223117	1.6649976830691233	1.217027492710736	1.6753313810264328	1.798697591059337	1.5526308443168704	0.6566833883308067	1.4936425830355209	1.3484313292486965	0.5883538779350296	0.92995021556652	2.507564226489734	2.0350370614895406	0.5593911826585928	2.417299213744744	1.7798229149436482	1.5158347702118475	2.0341039712395235	0.9253085099101194	1.9798174520551222	1.96662278991784	1.585259609105884	1.156637238033069	0.617639371086186	1.2036662500451272	1.5224733660287735	1.2395779080310732	0.8288843387773787	0.6455553259972122	0.965415502644562	1.5812261046553906	0.9798123425053777	0.8220931797372457	1.2423690346527474	0.8753623340825247	1.1383134010882723	1.0499035863971489	0.644512918586717	1.1657257690016738	1.2139986760125367	1.0716683601943762	1.0478408073802281	1.5373711648598676	0.8444688281355973	1.0337894864561474	1.0399839151477068	0.5050829904699792	0.7493714032089768	0.717660137227495	1.2329907682445969	1.1527767775141524	1.456045238295869	0.6570180134336616	0.42962922630576345	1.0447742790910994	0.6278665032579984	0.7451903536343856	1.7091315347736082	1.3794454175113606	0.44378371817043066	0.9475804107592107	0.6011819329064665	0.38035355165972146	0.8610616057180371	0.31925158997829045	0.4938188558439696	0.6154257342252726	0.5667661557101591	0.4938188558439697	0.0
